case_id,response_key,cost_score
dense_p00_a00,4b1871cec157eef6610c7122c7c6d04b16379beb6033f43762704b83301527fe,13.484375
dense_p00_a01,49b8248c4c92465db9f978e3bc8fb0cd6a9ffa00922371284d6daddf30f96210,30.359375
dense_p00_a02,49b8248c4c92465db9f978e3bc8fb0cd6a9ffa00922371284d6daddf30f96210,30.359375
dense_p00_a03,49b8248c4c92465db9f978e3bc8fb0cd6a9ffa00922371284d6daddf30f96210,30.359375
dense_p00_a04,1567c6f64ee39431febd64ac91bbca733d125ab2381e279c7ee0a740386bc316,26.421875
dense_p00_a05,e5cba7e95cd01f04b7f8917f982b8995724bb9c73401a962444f1325b6ad562c,32.875
dense_p00_a06,e5cba7e95cd01f04b7f8917f982b8995724bb9c73401a962444f1325b6ad562c,32.875
dense_p00_a07,fa2faf76837da13cffe1e4b6f036997ed177d45986f932d7456299df116ac484,18.96875
dense_p00_a08,fa2faf76837da13cffe1e4b6f036997ed177d45986f932d7456299df116ac484,18.96875
dense_p00_a09,a84f7146fc6261857b32ecde42c9da699dd0ad8775ac48381242cb194de7007c,33.3125
dense_p00_a10,963bab3a882d2bc30855874471efa23dcd63d03cf530182696f049de1b202ad1,17.375
dense_p00_a11,963bab3a882d2bc30855874471efa23dcd63d03cf530182696f049de1b202ad1,17.375
dense_p00_a12,963bab3a882d2bc30855874471efa23dcd63d03cf530182696f049de1b202ad1,17.375
dense_p00_a13,963bab3a882d2bc30855874471efa23dcd63d03cf530182696f049de1b202ad1,17.375
dense_p00_a14,963bab3a882d2bc30855874471efa23dcd63d03cf530182696f049de1b202ad1,17.375
dense_p00_a15,7628955e0f4274c4ee3c9e5769e1dde3c120fcb55ba2d98d9ea3ecaf560967f3,30.859375
dense_p00_a16,7628955e0f4274c4ee3c9e5769e1dde3c120fcb55ba2d98d9ea3ecaf560967f3,30.859375
dense_p00_a17,7628955e0f4274c4ee3c9e5769e1dde3c120fcb55ba2d98d9ea3ecaf560967f3,30.859375
dense_p00_a18,7628955e0f4274c4ee3c9e5769e1dde3c120fcb55ba2d98d9ea3ecaf560967f3,30.859375
dense_p00_a19,7628955e0f4274c4ee3c9e5769e1dde3c120fcb55ba2d98d9ea3ecaf560967f3,30.859375
dense_p00_a20,7628955e0f4274c4ee3c9e5769e1dde3c120fcb55ba2d98d9ea3ecaf560967f3,30.859375
dense_p01_a00,81d1b29a3991331f2daad3abbe2bfa72c766e5efd2efaea58457dd8e805c126e,9.328125
dense_p01_a01,01a48d078ac957b3fbb4cd24531b99cc16ca2ec2712b9efffcd4b7ac0c14682b,-2.55078125
dense_p01_a02,b48384802b1f38ace10cb8bc77e8fb7009df0b53fcbf920847e30dd819204fff,-9.234375
dense_p01_a03,3350dcf4d81a74d53503d1aed2659b7acb808f90e4e468cc4e43cd5b4ffb63fe,-13.9140625
dense_p01_a04,01154b1abad81e620090eed5b52cbc9c4179fdbcff86a959cff64df88e9ee3b4,-12.75
dense_p01_a05,9f428bdaf01fc2ff364e946f19988c18017e9bbcfb280dcbe8bc3555cdbfe5dc,-7.4609375
dense_p01_a06,e5cfe17db3144091370b07fab98caf82f80f8e0cfc8b8fa3c9af5e9bfd67c999,32.96875
dense_p01_a07,e5cfe17db3144091370b07fab98caf82f80f8e0cfc8b8fa3c9af5e9bfd67c999,32.96875
dense_p01_a08,a04281745b13b2d87582098db7b4a2e28aad36cd9a2bb6a0f5894f9b6a8f2bd8,31.515625
dense_p01_a09,49ae453c64f5629268ce2f8cd8d2fcf58ea7fa50fc43862cd3994d2fd3f1470b,26.90625
dense_p01_a10,9246ccf719686881747dad9761013547ff4aeee76b82e236d4fa90acc9b03734,29.9375
dense_p01_a11,a9ed5a5b44450036828a17b52f10c182ba7e03577b8e1aa4baef23e98c0d2c73,21.6875
dense_p01_a12,a9ed5a5b44450036828a17b52f10c182ba7e03577b8e1aa4baef23e98c0d2c73,21.6875
dense_p01_a13,a92af176d34f18e6affb5b225cd4893428dfc877aabb3b4f74670ee1430db971,31.1875
dense_p01_a14,9921d0ee7e522b5a4d956aad17eee73c74db2e22660688f740a892a393a254ef,21.453125
dense_p01_a15,9921d0ee7e522b5a4d956aad17eee73c74db2e22660688f740a892a393a254ef,21.453125
dense_p01_a16,9921d0ee7e522b5a4d956aad17eee73c74db2e22660688f740a892a393a254ef,21.453125
dense_p01_a17,ea73792d89855963a0851459c1a52f6b03bf15aa14abcd24ccaaca371a71aa65,4.9140625
dense_p01_a18,ea73792d89855963a0851459c1a52f6b03bf15aa14abcd24ccaaca371a71aa65,4.9140625
dense_p01_a19,ea73792d89855963a0851459c1a52f6b03bf15aa14abcd24ccaaca371a71aa65,4.9140625
dense_p01_a20,ea73792d89855963a0851459c1a52f6b03bf15aa14abcd24ccaaca371a71aa65,4.9140625
dense_p02_a00,58f43f1c021bc25dd848954909a984ed4c7b2585e13d2df2e27074ec2b0701e7,-14.78125
dense_p02_a01,ac79fd5001da8e2a894613c73e8988268840ec6507125968c3f96f55e2305202,-13.3515625
dense_p02_a02,98ec8b0d56f0edf295e5879f42f71a18ea9bccb53091c9b60fdc034ebe9909da,-14.7890625
dense_p02_a03,d24f4616fad088d789e6bc4dccdb40eb2b47479333e4c9599e78e6371a2ea833,-14.359375
dense_p02_a04,a0118c4c85f29f1eb7ab7cf57db2f579fc983aa759cce50aaa189f1ceabf4bde,-13.4375
dense_p02_a05,a0118c4c85f29f1eb7ab7cf57db2f579fc983aa759cce50aaa189f1ceabf4bde,-13.4375
dense_p02_a06,f552b2566f333e6dbbeb5680d31ca09cdc493fc4a805a4d48f36d7d1d55576a4,-12.4609375
dense_p02_a07,c6b33b765267b1ed74a5993f4ffa54edddc6c9216b2c216d76313896b8e78ffb,-13.4453125
dense_p02_a08,34da014445e2f3a2f28ae63fc01e29872971a0d9384cdb9bda1deb42c36680e3,-14.75
dense_p02_a09,69bd54903c87383508a0dd54af943fb6af7b493e82434ccddb9aca29ce661a51,-10.6953125
dense_p02_a10,69bd54903c87383508a0dd54af943fb6af7b493e82434ccddb9aca29ce661a51,-10.6953125
dense_p02_a11,82c7aaa731506596e3168f031c5cc595d4b89ca18909f33e1b6bd9b91a37a32a,10.765625
dense_p02_a12,fc045a5d4844b86cef7030f470d7c6d8be63f8f70041d9811b37c1995ed3edd0,18.078125
dense_p02_a13,c17582558cd47ea66253859e38fce8774200841c610b31a3d5ec1f1cf76866cc,30.21875
dense_p02_a14,a0257ab801d024b65cc9b35e4f4f60400a4d6878fd0d360a1f9e638c2ef88ef5,25.453125
dense_p02_a15,2481bb1d962558dd03ffa85e77315ef9b9f1ee5c49cbd5da54ad1560a38169c2,24.8125
dense_p02_a16,2481bb1d962558dd03ffa85e77315ef9b9f1ee5c49cbd5da54ad1560a38169c2,24.8125
dense_p02_a17,e0f7892dc314bb5d59858ab90fdda355e5131c954ba3d040d8ad44023be278d5,35.96875
dense_p02_a18,06070e7c06a60ccf7f9036b36b93e3a704ffea504acea61772ced6533121bead,34.3125
dense_p02_a19,06070e7c06a60ccf7f9036b36b93e3a704ffea504acea61772ced6533121bead,34.3125
dense_p02_a20,06070e7c06a60ccf7f9036b36b93e3a704ffea504acea61772ced6533121bead,34.3125
dense_p03_a00,a165f26955fb02d09d703fd33d1ffbc88baa6f26661e44956d63c3b238eee1df,-16.453125
dense_p03_a01,e0eafd40977babbfe8c9451b33eb6c2410f5472ac5dabe11c24b038b1f241710,-13.03125
dense_p03_a02,aa61bc954f837a4e8c0cd70a1d2acdbd8eb4341298547a7c2579dee51b3b13b8,2.09765625
dense_p03_a03,6ba2383c119266cfbd87844da9c2e73a75b100c4514bd22ad36533a95b64ecd7,-15.5
dense_p03_a04,7f7be4c48c11ba3a449109768f3b0aa32c16a6878a1e397cec2f1888de201e9a,4.65625
dense_p03_a05,7f7be4c48c11ba3a449109768f3b0aa32c16a6878a1e397cec2f1888de201e9a,4.65625
dense_p03_a06,30477dc7e2e1629abad9a6d572d55b189726e6a6252840eaef2466b3c63e88aa,-10.3671875
dense_p03_a07,ef63ea1acbed41e0c743206763285305e182a90669d380115f1e34e06cded26a,8.6875
dense_p03_a08,17cd2fa75640b1d6c6829dbb59ab8ec4c200c6e55c14420b7c469449c7dc6080,22.375
dense_p03_a09,ada7796e8c47287f17a05dc7d3f805a4d2d303a17459f96fb9a312d848918027,20.59375
dense_p03_a10,777ddb238e7c1e9d2e43347c202c07aac6d948f7e82b1ca4106c45e0558dc015,11.5
dense_p03_a11,eb75bc3e7ba16b9a69b3ae64ba1f0da9ebf35cc8d8d0f7147617499b4b7aad4b,12.2890625
dense_p03_a12,5f4fd21ef402d0fa3d1faaa93d6793644b5f5c29ad0f9d2187c8674f061f1aca,22.25
dense_p03_a13,d18dc17aed51f3cdd4191ec025cd36d24fb5b2cca6759125852213acca990e91,11.921875
dense_p03_a14,04b711757d66c684f70c9f02a908999e62e35df380c02e6169621562d427c4c0,15.4296875
dense_p03_a15,04b711757d66c684f70c9f02a908999e62e35df380c02e6169621562d427c4c0,15.4296875
dense_p03_a16,04b711757d66c684f70c9f02a908999e62e35df380c02e6169621562d427c4c0,15.4296875
dense_p03_a17,3395c073ac3ed01912344a094cc4bdf9f1bf4f6fc1cdc8492a26c2a073c8d0f4,13.1953125
dense_p03_a18,3395c073ac3ed01912344a094cc4bdf9f1bf4f6fc1cdc8492a26c2a073c8d0f4,13.1953125
dense_p03_a19,3395c073ac3ed01912344a094cc4bdf9f1bf4f6fc1cdc8492a26c2a073c8d0f4,13.1953125
dense_p03_a20,3395c073ac3ed01912344a094cc4bdf9f1bf4f6fc1cdc8492a26c2a073c8d0f4,13.1953125
dense_p04_a00,325d8778db1476133dbdfd25e69add7dbbe7d4fc32dcc0459df18f8e188f970f,6.79296875
dense_p04_a01,a1f73b836b6d7db0ae64999c3dfce12dab2fa8199e9f3013a6a73cbe4a71e10a,11.953125
dense_p04_a02,a1f73b836b6d7db0ae64999c3dfce12dab2fa8199e9f3013a6a73cbe4a71e10a,11.953125
dense_p04_a03,a1f73b836b6d7db0ae64999c3dfce12dab2fa8199e9f3013a6a73cbe4a71e10a,11.953125
dense_p04_a04,a1f73b836b6d7db0ae64999c3dfce12dab2fa8199e9f3013a6a73cbe4a71e10a,11.953125
dense_p04_a05,a1f73b836b6d7db0ae64999c3dfce12dab2fa8199e9f3013a6a73cbe4a71e10a,11.953125
dense_p04_a06,a1f73b836b6d7db0ae64999c3dfce12dab2fa8199e9f3013a6a73cbe4a71e10a,11.953125
dense_p04_a07,a1f73b836b6d7db0ae64999c3dfce12dab2fa8199e9f3013a6a73cbe4a71e10a,11.953125
dense_p04_a08,a1f73b836b6d7db0ae64999c3dfce12dab2fa8199e9f3013a6a73cbe4a71e10a,11.953125
dense_p04_a09,a1f73b836b6d7db0ae64999c3dfce12dab2fa8199e9f3013a6a73cbe4a71e10a,11.953125
dense_p04_a10,a1f73b836b6d7db0ae64999c3dfce12dab2fa8199e9f3013a6a73cbe4a71e10a,11.953125
dense_p04_a11,a1f73b836b6d7db0ae64999c3dfce12dab2fa8199e9f3013a6a73cbe4a71e10a,11.953125
dense_p04_a12,a1f73b836b6d7db0ae64999c3dfce12dab2fa8199e9f3013a6a73cbe4a71e10a,11.953125
dense_p04_a13,a1f73b836b6d7db0ae64999c3dfce12dab2fa8199e9f3013a6a73cbe4a71e10a,11.953125
dense_p04_a14,a1f73b836b6d7db0ae64999c3dfce12dab2fa8199e9f3013a6a73cbe4a71e10a,11.953125
dense_p04_a15,a1f73b836b6d7db0ae64999c3dfce12dab2fa8199e9f3013a6a73cbe4a71e10a,11.953125
dense_p04_a16,a1f73b836b6d7db0ae64999c3dfce12dab2fa8199e9f3013a6a73cbe4a71e10a,11.953125
dense_p04_a17,a1f73b836b6d7db0ae64999c3dfce12dab2fa8199e9f3013a6a73cbe4a71e10a,11.953125
dense_p04_a18,a1f73b836b6d7db0ae64999c3dfce12dab2fa8199e9f3013a6a73cbe4a71e10a,11.953125
dense_p04_a19,a1f73b836b6d7db0ae64999c3dfce12dab2fa8199e9f3013a6a73cbe4a71e10a,11.953125
dense_p04_a20,a1f73b836b6d7db0ae64999c3dfce12dab2fa8199e9f3013a6a73cbe4a71e10a,11.953125
dense_p05_a00,3306b3e736434eda064155f51ffd97b532c045e5dc752dc6f4124b4d710d5b0a,-8.34375
dense_p05_a01,3b9455caf2867875af6b8d11eee183c85b9d8c85d91a970c0d95404b0f15a6dd,-7.2265625
dense_p05_a02,641012ead2b66d90dad88dbd6bf48bcb54ccfee774e7da112766d465aa289ed6,-2.169921875
dense_p05_a03,20e6bf575af3473ff6a0c472ace64bcb3c676e2078c56b9ee745f15e8a205a5a,-9.546875
dense_p05_a04,10e2590ffdeb5f88f914f530cc15f6b61f241c0881ea68ccba0a515eea935708,-9.9453125
dense_p05_a05,9cb14f3be8f262e957209c95678c5778480106198510afe0495b9c1a516b4019,-5.69921875
dense_p05_a06,9cb14f3be8f262e957209c95678c5778480106198510afe0495b9c1a516b4019,-5.69921875
dense_p05_a07,330237bf932fd9d85305ceb02751f0b0ddb162e0cc2d6890e79ce298565f61b7,-11.34375
dense_p05_a08,48f10178a0c26e5eb1567c14ff4a6f706184e3c3db1f9d773fb5581ac431d1e8,-10.8359375
dense_p05_a09,48f10178a0c26e5eb1567c14ff4a6f706184e3c3db1f9d773fb5581ac431d1e8,-10.8359375
dense_p05_a10,7343ec43d889039bbabcbe6c4c878aa40710db7e235f5d0b75fc3d6d7665e75e,-3.23046875
dense_p05_a11,7343ec43d889039bbabcbe6c4c878aa40710db7e235f5d0b75fc3d6d7665e75e,-3.23046875
dense_p05_a12,7343ec43d889039bbabcbe6c4c878aa40710db7e235f5d0b75fc3d6d7665e75e,-3.23046875
dense_p05_a13,7343ec43d889039bbabcbe6c4c878aa40710db7e235f5d0b75fc3d6d7665e75e,-3.23046875
dense_p05_a14,7343ec43d889039bbabcbe6c4c878aa40710db7e235f5d0b75fc3d6d7665e75e,-3.23046875
dense_p05_a15,7343ec43d889039bbabcbe6c4c878aa40710db7e235f5d0b75fc3d6d7665e75e,-3.23046875
dense_p05_a16,7343ec43d889039bbabcbe6c4c878aa40710db7e235f5d0b75fc3d6d7665e75e,-3.23046875
dense_p05_a17,7343ec43d889039bbabcbe6c4c878aa40710db7e235f5d0b75fc3d6d7665e75e,-3.23046875
dense_p05_a18,7343ec43d889039bbabcbe6c4c878aa40710db7e235f5d0b75fc3d6d7665e75e,-3.23046875
dense_p05_a19,dc60a4e791736777a66ff1d6c90fe23cf6ec073fbcb108a575a2ed4f498c9ab4,-12.6328125
dense_p05_a20,f241ebd51cdf5733ec6a31710911729a8012a72b532536f827ff6028e350f877,-9.8046875
dense_p06_a00,918dbdc1e50170b4f66cd221ddb896ddc0b63e2c2f7bccb8b87e69d41c38a305,13.3828125
dense_p06_a01,11f9ac2ed42fc6ebefd5c6a350d656509568820f484d4e79661ad0dc10184e02,14.703125
dense_p06_a02,11f9ac2ed42fc6ebefd5c6a350d656509568820f484d4e79661ad0dc10184e02,14.703125
dense_p06_a03,2cd80cfb99a2686a0c1047a8bc4bb324e7c4706c77052576241a4502051fd905,-1.240234375
dense_p06_a04,2740114cb80fe459cffe5496d2bef284c694084bcdd836515fdb5f2e0b89c7b2,9.0859375
dense_p06_a05,2a069fa67697e6837cf387156c801cdb9d5258c82f0f87bcec71a162ec39f4d8,8.2265625
dense_p06_a06,7621327e993815f4c63fa5035bb653b883d37aa74f3263784a756c9f4ddab477,13.3515625
dense_p06_a07,d1a1873dff58c5390ec9946cdf760836c4043b281cfb3ac3528c788c8f15c270,8.25
dense_p06_a08,e9240ce7a3cf3795a87147c6ed34b4f92bc036ddc28523e3bbbbc05429087187,8.4296875
dense_p06_a09,80c2bb0a9c92dbbfeb52e79969327d6dbb2d018dd360949e94924a733df5decb,13.8125
dense_p06_a10,80c2bb0a9c92dbbfeb52e79969327d6dbb2d018dd360949e94924a733df5decb,13.8125
dense_p06_a11,ae0185522d88da5c4d5d5eabd6ceb9b925db33fa7b27ca6f4d3053f1928039fd,14.4453125
dense_p06_a12,0f4082c936f2ddc40fbe23f552bf7eebcf928f2548af9acc9efc48de112140a5,17.46875
dense_p06_a13,0f4082c936f2ddc40fbe23f552bf7eebcf928f2548af9acc9efc48de112140a5,17.46875
dense_p06_a14,c9819903869d73f95e609a1b9e5311b6928c63a8ffd1cb9f02e7b8457851f858,20.4375
dense_p06_a15,c9819903869d73f95e609a1b9e5311b6928c63a8ffd1cb9f02e7b8457851f858,20.4375
dense_p06_a16,c9819903869d73f95e609a1b9e5311b6928c63a8ffd1cb9f02e7b8457851f858,20.4375
dense_p06_a17,c9819903869d73f95e609a1b9e5311b6928c63a8ffd1cb9f02e7b8457851f858,20.4375
dense_p06_a18,c9819903869d73f95e609a1b9e5311b6928c63a8ffd1cb9f02e7b8457851f858,20.4375
dense_p06_a19,c9819903869d73f95e609a1b9e5311b6928c63a8ffd1cb9f02e7b8457851f858,20.4375
dense_p06_a20,c9819903869d73f95e609a1b9e5311b6928c63a8ffd1cb9f02e7b8457851f858,20.4375
dense_p07_a00,8c33ac96b8fd1b0307c28e1e243d8ed2a9906f36802c0b87385d0aa07f51b40f,4.45703125
dense_p07_a01,8c33ac96b8fd1b0307c28e1e243d8ed2a9906f36802c0b87385d0aa07f51b40f,4.45703125
dense_p07_a02,3f965c441b83e757a44cb81ae4071bbf8d008c33a2aad621438a01919981c9f0,9.3828125
dense_p07_a03,37ba843510ff13cfd0ee66296aeb09c17f9bce09eb6cd88edab0d5d03db6eb6f,8.5703125
dense_p07_a04,786e22590c1f896a981b3d8e9dde98020110e80f80fbb3054092490c92458b7c,11.390625
dense_p07_a05,1ea0be9b3181a3cd4fc024252cc3485dfce3c4f26027dfc8060e4dc363d74887,17.4375
dense_p07_a06,1ea0be9b3181a3cd4fc024252cc3485dfce3c4f26027dfc8060e4dc363d74887,17.4375
dense_p07_a07,947aa871c7750f3629642aa1715a20d69a37852dc13d6fc0aed558b1c8f97c3b,9.25
dense_p07_a08,42b2cf915098d6160b604660d1bf00777b7f706996aa13fc03ca33ff1c1c1209,29.09375
dense_p07_a09,42b2cf915098d6160b604660d1bf00777b7f706996aa13fc03ca33ff1c1c1209,29.09375
dense_p07_a10,f58decbebcf846185fea77d782c20b1790797fb05c3567ac1765fc7ff22cce48,24.203125
dense_p07_a11,f58decbebcf846185fea77d782c20b1790797fb05c3567ac1765fc7ff22cce48,24.203125
dense_p07_a12,f58decbebcf846185fea77d782c20b1790797fb05c3567ac1765fc7ff22cce48,24.203125
dense_p07_a13,f58decbebcf846185fea77d782c20b1790797fb05c3567ac1765fc7ff22cce48,24.203125
dense_p07_a14,f58decbebcf846185fea77d782c20b1790797fb05c3567ac1765fc7ff22cce48,24.203125
dense_p07_a15,f58decbebcf846185fea77d782c20b1790797fb05c3567ac1765fc7ff22cce48,24.203125
dense_p07_a16,f58decbebcf846185fea77d782c20b1790797fb05c3567ac1765fc7ff22cce48,24.203125
dense_p07_a17,f58decbebcf846185fea77d782c20b1790797fb05c3567ac1765fc7ff22cce48,24.203125
dense_p07_a18,f58decbebcf846185fea77d782c20b1790797fb05c3567ac1765fc7ff22cce48,24.203125
dense_p07_a19,f58decbebcf846185fea77d782c20b1790797fb05c3567ac1765fc7ff22cce48,24.203125
dense_p07_a20,dd885f9750962122039724b25d382c6185122d67a463e6bf0271da68bd69a62d,28.296875
dense_p08_a00,8e7cb4a7a3b9e3f57f42e9b24ddf62ba15fcb44d7404620c679de52ae75e390b,-4.8671875
dense_p08_a01,0a683613df03d456b462e5672b166ca67ceeb4050e03b015e9393becc998107e,8.640625
dense_p08_a02,528d5fc5f32bc19c4bf07b897b52ded08a202343782fb8f62aba734f4c839554,5.76171875
dense_p08_a03,528d5fc5f32bc19c4bf07b897b52ded08a202343782fb8f62aba734f4c839554,5.76171875
dense_p08_a04,d2bf805b90e84520da01aab84bd7d37bdac7381e31e050b863d54657c04d9e66,6.4765625
dense_p08_a05,a30cbb95b8b65f9d94756238f5a489ba811a3fe1855506c74c4c58bd1416523f,5.2109375
dense_p08_a06,a30cbb95b8b65f9d94756238f5a489ba811a3fe1855506c74c4c58bd1416523f,5.2109375
dense_p08_a07,f0cb1b317a66af13ead8ef5ec3b64683708f1b0e05e740f491f72b7ea4ff1d55,3.58984375
dense_p08_a08,f0cb1b317a66af13ead8ef5ec3b64683708f1b0e05e740f491f72b7ea4ff1d55,3.58984375
dense_p08_a09,bd8a3dee85591d315a62c9c577ec2e68ad3a8cb23dae47fc09a35a111c5963b2,1.5458984375
dense_p08_a10,38904b445d059ae33413a6e71e92732ab49f6e37ef56e4007bb3bdea2c8fc9d8,-0.442138671875
dense_p08_a11,38904b445d059ae33413a6e71e92732ab49f6e37ef56e4007bb3bdea2c8fc9d8,-0.442138671875
dense_p08_a12,38904b445d059ae33413a6e71e92732ab49f6e37ef56e4007bb3bdea2c8fc9d8,-0.442138671875
dense_p08_a13,84f37613a02d97f1fab613ed39bd9cde98153d91339678998fa2dc39fb3bc120,4.7109375
dense_p08_a14,84f37613a02d97f1fab613ed39bd9cde98153d91339678998fa2dc39fb3bc120,4.7109375
dense_p08_a15,84f37613a02d97f1fab613ed39bd9cde98153d91339678998fa2dc39fb3bc120,4.7109375
dense_p08_a16,ea789e3ae66bba8979ac64c38f772c56884d16f7e884d0d30cd019ddf4fe58e1,6.328125
dense_p08_a17,ea789e3ae66bba8979ac64c38f772c56884d16f7e884d0d30cd019ddf4fe58e1,6.328125
dense_p08_a18,ea789e3ae66bba8979ac64c38f772c56884d16f7e884d0d30cd019ddf4fe58e1,6.328125
dense_p08_a19,ea789e3ae66bba8979ac64c38f772c56884d16f7e884d0d30cd019ddf4fe58e1,6.328125
dense_p08_a20,78f3d8b33f5c3984a50f4d3624987b59f746e86b6dd58c1712178584455890cf,12.453125
dense_p09_a00,c42525eb06cd88668ca855f7f57e559c62a0a723d1e11b988927ae092d7f94a5,-11.1640625
dense_p09_a01,a295384437c87930d0d6ad9067b6ac498c46e0c28b1f95c604d4837e958cf5b2,-8.75
dense_p09_a02,a295384437c87930d0d6ad9067b6ac498c46e0c28b1f95c604d4837e958cf5b2,-8.75
dense_p09_a03,a295384437c87930d0d6ad9067b6ac498c46e0c28b1f95c604d4837e958cf5b2,-8.75
dense_p09_a04,91e290c205cc4473b5917fe2bf2adb311333be90547cb8f241aef4680f6e1d82,-9.4375
dense_p09_a05,fa8ff2f208de81374a52f466df60151bd157ab8ba3d5d60733aa81afccc3fd00,-13.875
dense_p09_a06,fa8ff2f208de81374a52f466df60151bd157ab8ba3d5d60733aa81afccc3fd00,-13.875
dense_p09_a07,8794953ef9441abbbb32800ed86d5fccd34abd6ed1359c42184be1f62e579e34,-9.015625
dense_p09_a08,8794953ef9441abbbb32800ed86d5fccd34abd6ed1359c42184be1f62e579e34,-9.015625
dense_p09_a09,9f56a5d7c09066f5a7b4e69034bbf8d2f6aff24c6190767647b9691a02154e02,-4.45703125
dense_p09_a10,9f56a5d7c09066f5a7b4e69034bbf8d2f6aff24c6190767647b9691a02154e02,-4.45703125
dense_p09_a11,9f56a5d7c09066f5a7b4e69034bbf8d2f6aff24c6190767647b9691a02154e02,-4.45703125
dense_p09_a12,9f56a5d7c09066f5a7b4e69034bbf8d2f6aff24c6190767647b9691a02154e02,-4.45703125
dense_p09_a13,25759eb5cfbc059a33d90d0fd55b58aec5be2a156f1701ef343f98e97aed49fc,-3.29296875
dense_p09_a14,25759eb5cfbc059a33d90d0fd55b58aec5be2a156f1701ef343f98e97aed49fc,-3.29296875
dense_p09_a15,25759eb5cfbc059a33d90d0fd55b58aec5be2a156f1701ef343f98e97aed49fc,-3.29296875
dense_p09_a16,0e615dd1c197cd46f1e3ab68d6e6daa01b553b88bc1d9062ffe8c866d1a986e6,0.235595703125
dense_p09_a17,0e615dd1c197cd46f1e3ab68d6e6daa01b553b88bc1d9062ffe8c866d1a986e6,0.235595703125
dense_p09_a18,ec2b30e8cfee9df17885497b3daef8869f479f7e27a9e68f4c740e9b55e56089,-3.771484375
dense_p09_a19,27f195dac7db9b66099dd2c972f2d289ac01842efd1451994201ac02e51d23f8,0.128173828125
dense_p09_a20,27f195dac7db9b66099dd2c972f2d289ac01842efd1451994201ac02e51d23f8,0.128173828125
dense_p10_a00,bc12098e17b62794264443985b5d9ab43228407df694f561a9d892c136e76b00,-3.826171875
dense_p10_a01,bc12098e17b62794264443985b5d9ab43228407df694f561a9d892c136e76b00,-3.826171875
dense_p10_a02,bc12098e17b62794264443985b5d9ab43228407df694f561a9d892c136e76b00,-3.826171875
dense_p10_a03,bc12098e17b62794264443985b5d9ab43228407df694f561a9d892c136e76b00,-3.826171875
dense_p10_a04,bc12098e17b62794264443985b5d9ab43228407df694f561a9d892c136e76b00,-3.826171875
dense_p10_a05,3d3fb1f793d80251c1c162a910900ebb11a0685a6709c29273990d33cc5f801c,-0.6708984375
dense_p10_a06,3d3fb1f793d80251c1c162a910900ebb11a0685a6709c29273990d33cc5f801c,-0.6708984375
dense_p10_a07,3d3fb1f793d80251c1c162a910900ebb11a0685a6709c29273990d33cc5f801c,-0.6708984375
dense_p10_a08,3d3fb1f793d80251c1c162a910900ebb11a0685a6709c29273990d33cc5f801c,-0.6708984375
dense_p10_a09,3d3fb1f793d80251c1c162a910900ebb11a0685a6709c29273990d33cc5f801c,-0.6708984375
dense_p10_a10,3d3fb1f793d80251c1c162a910900ebb11a0685a6709c29273990d33cc5f801c,-0.6708984375
dense_p10_a11,d2de8882c24dcc4a942146438fd0af8c41c474da6efa9b3758a332aeb405b369,0.148193359375
dense_p10_a12,d2de8882c24dcc4a942146438fd0af8c41c474da6efa9b3758a332aeb405b369,0.148193359375
dense_p10_a13,d2de8882c24dcc4a942146438fd0af8c41c474da6efa9b3758a332aeb405b369,0.148193359375
dense_p10_a14,7f1b6feccead8fd47bc4af608034404d005c5e506f27c5e7acdc45056436b2c8,1.126953125
dense_p10_a15,7f1b6feccead8fd47bc4af608034404d005c5e506f27c5e7acdc45056436b2c8,1.126953125
dense_p10_a16,7f1b6feccead8fd47bc4af608034404d005c5e506f27c5e7acdc45056436b2c8,1.126953125
dense_p10_a17,7f1b6feccead8fd47bc4af608034404d005c5e506f27c5e7acdc45056436b2c8,1.126953125
dense_p10_a18,7f1b6feccead8fd47bc4af608034404d005c5e506f27c5e7acdc45056436b2c8,1.126953125
dense_p10_a19,7f1b6feccead8fd47bc4af608034404d005c5e506f27c5e7acdc45056436b2c8,1.126953125
dense_p10_a20,1b7542b3c64105b679469b3f6f55861d851a333a1255d8020885be87d2e3921f,2.55859375
dense_p11_a00,d6092ae84260e3da630d2045d8d7cd01ccd95f61a27e3e7ce3d37e265d525255,-0.79248046875
dense_p11_a01,6c3e8a33321c9662f582fa9b515ef9fbd74e5a183778ec40a4c9a2c62612dd1e,0.43896484375
dense_p11_a02,c651d7af88c2cb364ea7274a002d670b98ab1d2d321535b1a5b9be52a945025e,5.01171875
dense_p11_a03,c651d7af88c2cb364ea7274a002d670b98ab1d2d321535b1a5b9be52a945025e,5.01171875
dense_p11_a04,35672717d585f085be6b0b2bcf2fc381e3c83b44a64c860609a90f7ecdfc9421,13.9453125
dense_p11_a05,35672717d585f085be6b0b2bcf2fc381e3c83b44a64c860609a90f7ecdfc9421,13.9453125
dense_p11_a06,3bca11748a0d1652e7f4593f0aa37085e554cf71c03e817ab1d3ae07a4e224dc,13.8671875
dense_p11_a07,3bca11748a0d1652e7f4593f0aa37085e554cf71c03e817ab1d3ae07a4e224dc,13.8671875
dense_p11_a08,3bca11748a0d1652e7f4593f0aa37085e554cf71c03e817ab1d3ae07a4e224dc,13.8671875
dense_p11_a09,3bca11748a0d1652e7f4593f0aa37085e554cf71c03e817ab1d3ae07a4e224dc,13.8671875
dense_p11_a10,3bca11748a0d1652e7f4593f0aa37085e554cf71c03e817ab1d3ae07a4e224dc,13.8671875
dense_p11_a11,6026e57ede3277296614ec94520047c9d662578fc33ae971ff67562bf2e5faf6,5.91796875
dense_p11_a12,6026e57ede3277296614ec94520047c9d662578fc33ae971ff67562bf2e5faf6,5.91796875
dense_p11_a13,6026e57ede3277296614ec94520047c9d662578fc33ae971ff67562bf2e5faf6,5.91796875
dense_p11_a14,6026e57ede3277296614ec94520047c9d662578fc33ae971ff67562bf2e5faf6,5.91796875
dense_p11_a15,6026e57ede3277296614ec94520047c9d662578fc33ae971ff67562bf2e5faf6,5.91796875
dense_p11_a16,6026e57ede3277296614ec94520047c9d662578fc33ae971ff67562bf2e5faf6,5.91796875
dense_p11_a17,6026e57ede3277296614ec94520047c9d662578fc33ae971ff67562bf2e5faf6,5.91796875
dense_p11_a18,6026e57ede3277296614ec94520047c9d662578fc33ae971ff67562bf2e5faf6,5.91796875
dense_p11_a19,2ed7c30dfd928f89a1c9a7056bdb27488ef543497e56552cc28fb05fb172ed06,7.58203125
dense_p11_a20,2ed7c30dfd928f89a1c9a7056bdb27488ef543497e56552cc28fb05fb172ed06,7.58203125
dense_p12_a00,021a5157644ca8a73a089c84b6c242b7f62f1ae9736f2c9b87921910ad9e4d58,7.90234375
dense_p12_a01,e8e07e8d6c950f73e3c2c7103581aaaf606effc744dde100830577abbf98d975,10.25
dense_p12_a02,ae6d791baab42aec4dddcd5bfef040e29c86c055b12231d9abd99dfab5a4e58f,1.7548828125
dense_p12_a03,3f017fc856e7f077388b53174786088f9080e5631c278e2f488514d0acc1f378,-9.03125
dense_p12_a04,3f017fc856e7f077388b53174786088f9080e5631c278e2f488514d0acc1f378,-9.03125
dense_p12_a05,3f017fc856e7f077388b53174786088f9080e5631c278e2f488514d0acc1f378,-9.03125
dense_p12_a06,3f017fc856e7f077388b53174786088f9080e5631c278e2f488514d0acc1f378,-9.03125
dense_p12_a07,2510bd3642577b4baf90ea6a5bcff675f5304336f67ada1fde53efcaa8d0b023,2.357421875
dense_p12_a08,2510bd3642577b4baf90ea6a5bcff675f5304336f67ada1fde53efcaa8d0b023,2.357421875
dense_p12_a09,cad69ce2b3614869ae32222320cb9aee7ae203f19108a2e5eb3332ccbf8dbf32,-0.703125
dense_p12_a10,cad69ce2b3614869ae32222320cb9aee7ae203f19108a2e5eb3332ccbf8dbf32,-0.703125
dense_p12_a11,9fc177f04ecfb02d982fcf3e3944ba2d246a94f7927e34370ab3fab8e91de9c6,-1.72265625
dense_p12_a12,9fc177f04ecfb02d982fcf3e3944ba2d246a94f7927e34370ab3fab8e91de9c6,-1.72265625
dense_p12_a13,9fc177f04ecfb02d982fcf3e3944ba2d246a94f7927e34370ab3fab8e91de9c6,-1.72265625
dense_p12_a14,9fc177f04ecfb02d982fcf3e3944ba2d246a94f7927e34370ab3fab8e91de9c6,-1.72265625
dense_p12_a15,46181d9179d44a446c8c0a68ebb1d31f818eec7543fc0bbe10cc411efed352a0,-0.63671875
dense_p12_a16,46181d9179d44a446c8c0a68ebb1d31f818eec7543fc0bbe10cc411efed352a0,-0.63671875
dense_p12_a17,46181d9179d44a446c8c0a68ebb1d31f818eec7543fc0bbe10cc411efed352a0,-0.63671875
dense_p12_a18,46181d9179d44a446c8c0a68ebb1d31f818eec7543fc0bbe10cc411efed352a0,-0.63671875
dense_p12_a19,46181d9179d44a446c8c0a68ebb1d31f818eec7543fc0bbe10cc411efed352a0,-0.63671875
dense_p12_a20,46181d9179d44a446c8c0a68ebb1d31f818eec7543fc0bbe10cc411efed352a0,-0.63671875
dense_p13_a00,24b5cad4411d1737d1cf618010182b7e42adadc1fe5d2a222a798afc329ce4b3,16.375
dense_p13_a01,24b5cad4411d1737d1cf618010182b7e42adadc1fe5d2a222a798afc329ce4b3,16.375
dense_p13_a02,0acc477594b3fbc7dbdb014937c188c8150199ea730e9c64115f15390c37373f,12.765625
dense_p13_a03,0acc477594b3fbc7dbdb014937c188c8150199ea730e9c64115f15390c37373f,12.765625
dense_p13_a04,0acc477594b3fbc7dbdb014937c188c8150199ea730e9c64115f15390c37373f,12.765625
dense_p13_a05,0acc477594b3fbc7dbdb014937c188c8150199ea730e9c64115f15390c37373f,12.765625
dense_p13_a06,0acc477594b3fbc7dbdb014937c188c8150199ea730e9c64115f15390c37373f,12.765625
dense_p13_a07,0acc477594b3fbc7dbdb014937c188c8150199ea730e9c64115f15390c37373f,12.765625
dense_p13_a08,deb0e23e16f9e61be9330d6c9516bd6e4d19e2ec336186b4154080fefe99eacd,9.046875
dense_p13_a09,deb0e23e16f9e61be9330d6c9516bd6e4d19e2ec336186b4154080fefe99eacd,9.046875
dense_p13_a10,deb0e23e16f9e61be9330d6c9516bd6e4d19e2ec336186b4154080fefe99eacd,9.046875
dense_p13_a11,100e7714b124567057f8c16c375e95962ffb669980aff2abafd10ab0de419b7d,14.2578125
dense_p13_a12,100e7714b124567057f8c16c375e95962ffb669980aff2abafd10ab0de419b7d,14.2578125
dense_p13_a13,100e7714b124567057f8c16c375e95962ffb669980aff2abafd10ab0de419b7d,14.2578125
dense_p13_a14,100e7714b124567057f8c16c375e95962ffb669980aff2abafd10ab0de419b7d,14.2578125
dense_p13_a15,f748ae6b61a942275130c1806c42b7682c7c6f34e36fda839d70d33ffa6e8ab2,23.671875
dense_p13_a16,f748ae6b61a942275130c1806c42b7682c7c6f34e36fda839d70d33ffa6e8ab2,23.671875
dense_p13_a17,f748ae6b61a942275130c1806c42b7682c7c6f34e36fda839d70d33ffa6e8ab2,23.671875
dense_p13_a18,f748ae6b61a942275130c1806c42b7682c7c6f34e36fda839d70d33ffa6e8ab2,23.671875
dense_p13_a19,f748ae6b61a942275130c1806c42b7682c7c6f34e36fda839d70d33ffa6e8ab2,23.671875
dense_p13_a20,f748ae6b61a942275130c1806c42b7682c7c6f34e36fda839d70d33ffa6e8ab2,23.671875
dense_p14_a00,169fd63b70bd39842d722bb3ca24df2f92b1eec040e805070e55448ed79f24a0,-11.5078125
dense_p14_a01,169fd63b70bd39842d722bb3ca24df2f92b1eec040e805070e55448ed79f24a0,-11.5078125
dense_p14_a02,169fd63b70bd39842d722bb3ca24df2f92b1eec040e805070e55448ed79f24a0,-11.5078125
dense_p14_a03,169fd63b70bd39842d722bb3ca24df2f92b1eec040e805070e55448ed79f24a0,-11.5078125
dense_p14_a04,169fd63b70bd39842d722bb3ca24df2f92b1eec040e805070e55448ed79f24a0,-11.5078125
dense_p14_a05,22145d330e18c69f921acad16adde01606bea170814ad0654397cd190af143c1,-14.046875
dense_p14_a06,22145d330e18c69f921acad16adde01606bea170814ad0654397cd190af143c1,-14.046875
dense_p14_a07,966c0877fecd12e769b5340ab765dab2735200f46674d501e4ffdb7339eb8ed0,-12.3203125
dense_p14_a08,966c0877fecd12e769b5340ab765dab2735200f46674d501e4ffdb7339eb8ed0,-12.3203125
dense_p14_a09,966c0877fecd12e769b5340ab765dab2735200f46674d501e4ffdb7339eb8ed0,-12.3203125
dense_p14_a10,966c0877fecd12e769b5340ab765dab2735200f46674d501e4ffdb7339eb8ed0,-12.3203125
dense_p14_a11,966c0877fecd12e769b5340ab765dab2735200f46674d501e4ffdb7339eb8ed0,-12.3203125
dense_p14_a12,966c0877fecd12e769b5340ab765dab2735200f46674d501e4ffdb7339eb8ed0,-12.3203125
dense_p14_a13,966c0877fecd12e769b5340ab765dab2735200f46674d501e4ffdb7339eb8ed0,-12.3203125
dense_p14_a14,966c0877fecd12e769b5340ab765dab2735200f46674d501e4ffdb7339eb8ed0,-12.3203125
dense_p14_a15,966c0877fecd12e769b5340ab765dab2735200f46674d501e4ffdb7339eb8ed0,-12.3203125
dense_p14_a16,966c0877fecd12e769b5340ab765dab2735200f46674d501e4ffdb7339eb8ed0,-12.3203125
dense_p14_a17,966c0877fecd12e769b5340ab765dab2735200f46674d501e4ffdb7339eb8ed0,-12.3203125
dense_p14_a18,966c0877fecd12e769b5340ab765dab2735200f46674d501e4ffdb7339eb8ed0,-12.3203125
dense_p14_a19,966c0877fecd12e769b5340ab765dab2735200f46674d501e4ffdb7339eb8ed0,-12.3203125
dense_p14_a20,966c0877fecd12e769b5340ab765dab2735200f46674d501e4ffdb7339eb8ed0,-12.3203125
dense_p15_a00,196681d1983992be8bd0cda37de13d5da2ac2bc8553c7856cb150af1303e6f0a,-5.234375
dense_p15_a01,196681d1983992be8bd0cda37de13d5da2ac2bc8553c7856cb150af1303e6f0a,-5.234375
dense_p15_a02,e9d34dd4be9fb383103f599ec6e57bf8674c69b5c53889980f61498afd883ea6,-6.87109375
dense_p15_a03,97f451b70c1cd1df48f30584f63165b1f8a9f1e5f2a3efc584a5d37f6539c82e,-12.703125
dense_p15_a04,b185e57365449a841b627aa9613ad7f0bd30b185cc51edd2c4bc66a1dccbdc0f,-9.1640625
dense_p15_a05,b185e57365449a841b627aa9613ad7f0bd30b185cc51edd2c4bc66a1dccbdc0f,-9.1640625
dense_p15_a06,0d29680fb7948a980db6e2343433083c24e81757eb3fb6afb56710548c163d6a,-9.09375
dense_p15_a07,976e8af78c328a65b7e0135f5098bc7b5debb7b50ecc72708964cd42348c8790,-8.1796875
dense_p15_a08,976e8af78c328a65b7e0135f5098bc7b5debb7b50ecc72708964cd42348c8790,-8.1796875
dense_p15_a09,3b03800fc0f038b487bf2524e89004b3eb18bbfe3e194dc34ddfca21058eaf27,-2.59375
dense_p15_a10,3b03800fc0f038b487bf2524e89004b3eb18bbfe3e194dc34ddfca21058eaf27,-2.59375
dense_p15_a11,5e4a4a6451ddd35da0edfd9c67bf278ac34cc2d1e6fb911f5c763944c15348aa,24.84375
dense_p15_a12,ae8b052ad47348174249337c6d413b2313f2e3d2e7b5a9a72638ac1c89b1ba0e,14.9453125
dense_p15_a13,ae8b052ad47348174249337c6d413b2313f2e3d2e7b5a9a72638ac1c89b1ba0e,14.9453125
dense_p15_a14,ae8b052ad47348174249337c6d413b2313f2e3d2e7b5a9a72638ac1c89b1ba0e,14.9453125
dense_p15_a15,ae8b052ad47348174249337c6d413b2313f2e3d2e7b5a9a72638ac1c89b1ba0e,14.9453125
dense_p15_a16,5c1fc69f7baef20187b0e65af023e79efa39ee2a3e154a66e9381842695d0413,18.328125
dense_p15_a17,9ffced579a937c437b22391e4145d7c077620a898f17656dd6fb506548e79f31,14.953125
dense_p15_a18,b3aa7634e7ef56b7bcf4294e75e07384b8926a302e8329a44e44f3efad75d7a2,10.015625
dense_p15_a19,b3aa7634e7ef56b7bcf4294e75e07384b8926a302e8329a44e44f3efad75d7a2,10.015625
dense_p15_a20,b3aa7634e7ef56b7bcf4294e75e07384b8926a302e8329a44e44f3efad75d7a2,10.015625
dense_p16_a00,4589a652496810a4145457a2f6be4566e5159592f00ff187c9334415638470f4,-4.546875
dense_p16_a01,4589a652496810a4145457a2f6be4566e5159592f00ff187c9334415638470f4,-4.546875
dense_p16_a02,624200350614b7e851ab02c0b459d960fb44aa85576f6346a7000b996f7fa7d4,3.86328125
dense_p16_a03,624200350614b7e851ab02c0b459d960fb44aa85576f6346a7000b996f7fa7d4,3.86328125
dense_p16_a04,2a38c39b063c04ae8c05a905301831fefae5e583619c8c2772121c7112a3aceb,-2.25
dense_p16_a05,cf09762dd52f97566348b3fc2e97877d0d561d290a63ad9f73d794b9dc77d7d5,-4.3515625
dense_p16_a06,cf09762dd52f97566348b3fc2e97877d0d561d290a63ad9f73d794b9dc77d7d5,-4.3515625
dense_p16_a07,cf09762dd52f97566348b3fc2e97877d0d561d290a63ad9f73d794b9dc77d7d5,-4.3515625
dense_p16_a08,10608f496d1002d2f644e8c476085894cec4be7a6536022176ba2e082cafbe7e,0.73291015625
dense_p16_a09,10608f496d1002d2f644e8c476085894cec4be7a6536022176ba2e082cafbe7e,0.73291015625
dense_p16_a10,ffa95808c002bc9a843f3ed79c9ef2a00bc796d1c7361dcbc13143ca9f9922ba,9.703125
dense_p16_a11,492cd2c2c8051c9c76fefd181acc17daed947a705f785353dd75697c3b83ed43,1.5791015625
dense_p16_a12,492cd2c2c8051c9c76fefd181acc17daed947a705f785353dd75697c3b83ed43,1.5791015625
dense_p16_a13,3cd7b1064b4e2e3c991ad05221eb240af56ab8521bf59c71e3559656623ea63d,-3.947265625
dense_p16_a14,9717f0181d5a75b124773216c4a46bc11ad30f458c7f3806d7b5ea639d956ccd,-6.24609375
dense_p16_a15,0c3efc1cdfdf1e25b8b0671655ba600f928c8e2a1f5d8d5f2f9e211b3bfc823c,-3.94140625
dense_p16_a16,0c3efc1cdfdf1e25b8b0671655ba600f928c8e2a1f5d8d5f2f9e211b3bfc823c,-3.94140625
dense_p16_a17,0c3efc1cdfdf1e25b8b0671655ba600f928c8e2a1f5d8d5f2f9e211b3bfc823c,-3.94140625
dense_p16_a18,0c3efc1cdfdf1e25b8b0671655ba600f928c8e2a1f5d8d5f2f9e211b3bfc823c,-3.94140625
dense_p16_a19,0c3efc1cdfdf1e25b8b0671655ba600f928c8e2a1f5d8d5f2f9e211b3bfc823c,-3.94140625
dense_p16_a20,29130e9b3b1f51b3a7fb7fc894b7924ac899b7a91dd8a0e772dd4302eff7de93,2.880859375
dense_p17_a00,666e24a3e7fb59d55655febc21ddf35fef8f3ebb3fbed1937910c159eb081c82,-0.5224609375
dense_p17_a01,666e24a3e7fb59d55655febc21ddf35fef8f3ebb3fbed1937910c159eb081c82,-0.5224609375
dense_p17_a02,666e24a3e7fb59d55655febc21ddf35fef8f3ebb3fbed1937910c159eb081c82,-0.5224609375
dense_p17_a03,666e24a3e7fb59d55655febc21ddf35fef8f3ebb3fbed1937910c159eb081c82,-0.5224609375
dense_p17_a04,666e24a3e7fb59d55655febc21ddf35fef8f3ebb3fbed1937910c159eb081c82,-0.5224609375
dense_p17_a05,666e24a3e7fb59d55655febc21ddf35fef8f3ebb3fbed1937910c159eb081c82,-0.5224609375
dense_p17_a06,666e24a3e7fb59d55655febc21ddf35fef8f3ebb3fbed1937910c159eb081c82,-0.5224609375
dense_p17_a07,666e24a3e7fb59d55655febc21ddf35fef8f3ebb3fbed1937910c159eb081c82,-0.5224609375
dense_p17_a08,666e24a3e7fb59d55655febc21ddf35fef8f3ebb3fbed1937910c159eb081c82,-0.5224609375
dense_p17_a09,666e24a3e7fb59d55655febc21ddf35fef8f3ebb3fbed1937910c159eb081c82,-0.5224609375
dense_p17_a10,666e24a3e7fb59d55655febc21ddf35fef8f3ebb3fbed1937910c159eb081c82,-0.5224609375
dense_p17_a11,666e24a3e7fb59d55655febc21ddf35fef8f3ebb3fbed1937910c159eb081c82,-0.5224609375
dense_p17_a12,666e24a3e7fb59d55655febc21ddf35fef8f3ebb3fbed1937910c159eb081c82,-0.5224609375
dense_p17_a13,666e24a3e7fb59d55655febc21ddf35fef8f3ebb3fbed1937910c159eb081c82,-0.5224609375
dense_p17_a14,666e24a3e7fb59d55655febc21ddf35fef8f3ebb3fbed1937910c159eb081c82,-0.5224609375
dense_p17_a15,666e24a3e7fb59d55655febc21ddf35fef8f3ebb3fbed1937910c159eb081c82,-0.5224609375
dense_p17_a16,666e24a3e7fb59d55655febc21ddf35fef8f3ebb3fbed1937910c159eb081c82,-0.5224609375
dense_p17_a17,666e24a3e7fb59d55655febc21ddf35fef8f3ebb3fbed1937910c159eb081c82,-0.5224609375
dense_p17_a18,666e24a3e7fb59d55655febc21ddf35fef8f3ebb3fbed1937910c159eb081c82,-0.5224609375
dense_p17_a19,666e24a3e7fb59d55655febc21ddf35fef8f3ebb3fbed1937910c159eb081c82,-0.5224609375
dense_p17_a20,666e24a3e7fb59d55655febc21ddf35fef8f3ebb3fbed1937910c159eb081c82,-0.5224609375
dense_p18_a00,41784b918ecbe7684bb0607df8d036ee71d53bd9004aab58b7a5415b4edec125,-12.1953125
dense_p18_a01,41784b918ecbe7684bb0607df8d036ee71d53bd9004aab58b7a5415b4edec125,-12.1953125
dense_p18_a02,41784b918ecbe7684bb0607df8d036ee71d53bd9004aab58b7a5415b4edec125,-12.1953125
dense_p18_a03,41784b918ecbe7684bb0607df8d036ee71d53bd9004aab58b7a5415b4edec125,-12.1953125
dense_p18_a04,41784b918ecbe7684bb0607df8d036ee71d53bd9004aab58b7a5415b4edec125,-12.1953125
dense_p18_a05,41784b918ecbe7684bb0607df8d036ee71d53bd9004aab58b7a5415b4edec125,-12.1953125
dense_p18_a06,41784b918ecbe7684bb0607df8d036ee71d53bd9004aab58b7a5415b4edec125,-12.1953125
dense_p18_a07,41784b918ecbe7684bb0607df8d036ee71d53bd9004aab58b7a5415b4edec125,-12.1953125
dense_p18_a08,41784b918ecbe7684bb0607df8d036ee71d53bd9004aab58b7a5415b4edec125,-12.1953125
dense_p18_a09,41784b918ecbe7684bb0607df8d036ee71d53bd9004aab58b7a5415b4edec125,-12.1953125
dense_p18_a10,41784b918ecbe7684bb0607df8d036ee71d53bd9004aab58b7a5415b4edec125,-12.1953125
dense_p18_a11,41784b918ecbe7684bb0607df8d036ee71d53bd9004aab58b7a5415b4edec125,-12.1953125
dense_p18_a12,41784b918ecbe7684bb0607df8d036ee71d53bd9004aab58b7a5415b4edec125,-12.1953125
dense_p18_a13,41784b918ecbe7684bb0607df8d036ee71d53bd9004aab58b7a5415b4edec125,-12.1953125
dense_p18_a14,41784b918ecbe7684bb0607df8d036ee71d53bd9004aab58b7a5415b4edec125,-12.1953125
dense_p18_a15,41784b918ecbe7684bb0607df8d036ee71d53bd9004aab58b7a5415b4edec125,-12.1953125
dense_p18_a16,41784b918ecbe7684bb0607df8d036ee71d53bd9004aab58b7a5415b4edec125,-12.1953125
dense_p18_a17,41784b918ecbe7684bb0607df8d036ee71d53bd9004aab58b7a5415b4edec125,-12.1953125
dense_p18_a18,41784b918ecbe7684bb0607df8d036ee71d53bd9004aab58b7a5415b4edec125,-12.1953125
dense_p18_a19,41784b918ecbe7684bb0607df8d036ee71d53bd9004aab58b7a5415b4edec125,-12.1953125
dense_p18_a20,41784b918ecbe7684bb0607df8d036ee71d53bd9004aab58b7a5415b4edec125,-12.1953125
dense_p19_a00,cda2de5ab559d261d90d210f8cbb25784e064cd7f76a2516d5a276bc82523249,-12.28125
dense_p19_a01,8fd1acfc6560e3388f7b16b936d3459f341594b82f3040aa7e87d14d4efbbf38,-1.384765625
dense_p19_a02,8eba6b00432eddb5be182e9680e1ce0040d5340d8adcf567e907c87b77cdd088,-6.00390625
dense_p19_a03,8eba6b00432eddb5be182e9680e1ce0040d5340d8adcf567e907c87b77cdd088,-6.00390625
dense_p19_a04,d5736a4f3c6f68d685f50d77e934af793362f249871bf646e53d775a72dbda0c,9.078125
dense_p19_a05,d5736a4f3c6f68d685f50d77e934af793362f249871bf646e53d775a72dbda0c,9.078125
dense_p19_a06,412610090988d08201e6a7864f92f4a6925641134b19719d61079c8a4c5a9b86,9.0703125
dense_p19_a07,829a7acaf41441b69203764a58c1483dbb26606a6ae53e4e0801b2daa20c343f,4.265625
dense_p19_a08,f5a8e4b2f33e1b6841047a8ca53f7b4a851821015fcf1e24d20c74f29984f279,12.2734375
dense_p19_a09,1d28a65ac2829efcf144a409f057ae78452de1d633f48d38787a4aae27765c49,19.984375
dense_p19_a10,458caa6b1448ee7255255def6b4042ed1a8b4d4cd5456f02718212b92a68c32a,24.453125
dense_p19_a11,26953f140647d86ae05b455efc6d3d55989a6eaa67f7c39b30514ddbac634dcd,28.4375
dense_p19_a12,a1ac31f8fb7a6bebbe25e1217c749a1cbbe23edbc867487b25cba424b6abc01f,27.84375
dense_p19_a13,0d51afd3ed87b3691462090d117791d5ff01b7a6a672c86b8167fb05e244a85c,27.296875
dense_p19_a14,0d51afd3ed87b3691462090d117791d5ff01b7a6a672c86b8167fb05e244a85c,27.296875
dense_p19_a15,f75d4440eec121a2e8e0c3b79f028237f5588b5d233f8661f30c0d2a087c6358,21.453125
dense_p19_a16,f75d4440eec121a2e8e0c3b79f028237f5588b5d233f8661f30c0d2a087c6358,21.453125
dense_p19_a17,2c38ce56be3e4c9f60172d0347150f1bed84bbdf831e209a49b4947c8819a184,19.140625
dense_p19_a18,de897c9022f598a10c557b8ee76b598f845ac476d103c99cfb70d9c97f9298e2,14.84375
dense_p19_a19,2c38ce56be3e4c9f60172d0347150f1bed84bbdf831e209a49b4947c8819a184,19.140625
dense_p19_a20,de897c9022f598a10c557b8ee76b598f845ac476d103c99cfb70d9c97f9298e2,14.84375
