count,fraction_near_max,fraction_near_zero,max,mean,method,min,p05,p50,p95,position,std
19200,0.64296875,0.00390625,0.9900854825973511,0.8975112952375397,taro,0.018493445590138435,0.4529288411140442,0.9635840058326721,0.9816486835479736,all,0.17404623966460203
19200,0.0,0.0,0.9026586413383484,0.9026586413383484,taro_same_average,0.9026586413383484,0.9026586413383484,0.9026586413383484,0.9026586413383484,all,0.0
18999,0.0,1.0,0.0,0.0,v1_base,0.0,0.0,0.0,0.0,all,0.0
18636,1.0,0.0,1.0,1.0,v1_fixed,1.0,1.0,1.0,1.0,all,0.0
18721,0.06409914000320496,0.0616420063030821,1.0,0.5036510723391039,v1_heuristic,0.0,0.03225911458333333,0.5161458333333333,0.9677083333333333,all,0.29828191933960757
18863,0.0,0.00037109685627948895,0.5677083333333334,0.32561540401237205,v1_router,0.03811848958333333,0.14427083333333332,0.33359375,0.4830729166666667,all,0.10279250252929178
19200,0.0,1.0,0.0,0.0,v2_base,0.0,0.0,0.0,0.0,all,0.0
19200,1.0,0.0,1.0,1.0,v2_fixed,1.0,1.0,1.0,1.0,all,0.0
19200,0.0,0.6824479166666667,0.9380840063095093,0.04959544178350749,v2_heuristic,1.556278022007973e-07,0.00013110025611240417,0.025792839005589485,0.17986725270748138,all,0.06801339170594414
19200,0.8295833333333333,0.0,0.9978541731834412,0.9684985275993434,v2_history,0.24482129514217377,0.9117202758789062,0.9839184284210205,0.9919446110725403,all,0.04598234189886379
19200,1.0,0.0,0.9674169421195984,0.9674169421195984,v2_same_average,0.9674169421195984,0.9674169421195984,0.9674169421195984,0.9674169421195984,all,0.0
19200,0.8286458333333333,0.0,0.9973879456520081,0.9683430658948298,v2_state,0.24746543169021606,0.9037967920303345,0.9851393103599548,0.9920458793640137,all,0.048465785778661466
600,0.77,0.0,0.986997127532959,0.9335774290561676,taro,0.09748460352420807,,,,0,0.11722497348553985
600,0.7416666666666667,0.0,0.9850969910621643,0.929461135584861,taro,0.05028637871146202,,,,1,0.12830803899815835
600,0.7233333333333334,0.0016666666666666668,0.9867236018180847,0.9313735386480888,taro,0.04945226013660431,,,,2,0.1146401606006542
600,0.7016666666666667,0.0,0.9862513542175293,0.931086247432977,taro,0.0544196180999279,,,,3,0.11034362231742514
600,0.6716666666666666,0.005,0.9855595827102661,0.9137913274951279,taro,0.023463111370801926,,,,4,0.14969693129642803
600,0.6983333333333334,0.0033333333333333335,0.9859602451324463,0.917903227439771,taro,0.031072545796632767,,,,5,0.1401134607101959
600,0.6566666666666666,0.005,0.9855344295501709,0.9171981623054792,taro,0.027483107522130013,,,,6,0.14355839782511412
600,0.675,0.005,0.9870566129684448,0.9132663687256475,taro,0.036316148936748505,,,,7,0.1590414749749615
600,0.6866666666666666,0.0,0.9864339828491211,0.9211267625292142,taro,0.08433441072702408,,,,8,0.1357960644204408
600,0.695,0.0016666666666666668,0.9851422905921936,0.9224543066260715,taro,0.03305197134613991,,,,9,0.1298417962033698
600,0.67,0.005,0.9862827658653259,0.913950118686383,taro,0.018961025401949883,,,,10,0.14983554003885802
600,0.6366666666666667,0.0033333333333333335,0.9861815571784973,0.9041636969521641,taro,0.03214030712842941,,,,11,0.16289492313191067
600,0.6716666666666666,0.0,0.9859469532966614,0.9137383266538381,taro,0.06906792521476746,,,,12,0.14535600079661687
600,0.6566666666666666,0.006666666666666667,0.9861000180244446,0.9064841299317777,taro,0.025123663246631622,,,,13,0.16198737283485967
600,0.6433333333333333,0.0016666666666666668,0.9851173162460327,0.9042585549751917,taro,0.03416494280099869,,,,14,0.1599655400600403
600,0.6216666666666667,0.0033333333333333335,0.9852132201194763,0.8924706601972381,taro,0.02318773791193962,,,,15,0.1807653938368506
600,0.625,0.0016666666666666668,0.9868574142456055,0.9008359047832588,taro,0.039415936917066574,,,,16,0.1643894754442692
600,0.6416666666666667,0.005,0.9870209097862244,0.8986639423606296,taro,0.019638072699308395,,,,17,0.17692291960105788
600,0.6283333333333333,0.0,0.9900854825973511,0.8936809738477071,taro,0.07151896506547928,,,,18,0.18008101271673133
600,0.6133333333333333,0.0016666666666666668,0.984492301940918,0.892254501413554,taro,0.048037588596343994,,,,19,0.1714685282748561
600,0.6283333333333333,0.008333333333333333,0.9853954315185547,0.8795803705106179,taro,0.02793237194418907,,,,20,0.20137832630767763
600,0.6066666666666667,0.005,0.9848647117614746,0.8868661975177626,taro,0.031172193586826324,,,,21,0.18468380640694554
600,0.6166666666666667,0.0016666666666666668,0.9864748120307922,0.878309334864219,taro,0.038281358778476715,,,,22,0.19624657428612274
600,0.595,0.005,0.9852677583694458,0.8742753645746658,taro,0.018493445590138435,,,,23,0.2055008267184309
600,0.5866666666666667,0.008333333333333333,0.985413670539856,0.8764326668096085,taro,0.02958829700946808,,,,24,0.19997110273294136
600,0.63,0.008333333333333333,0.9862555265426636,0.87662319399106,taro,0.026806464418768883,,,,25,0.20259092736998677
600,0.5933333333333334,0.005,0.986091673374176,0.8772076229875286,taro,0.03362971916794777,,,,26,0.19719760934275796
600,0.5866666666666667,0.0033333333333333335,0.9862004518508911,0.8760931713785977,taro,0.027133958414196968,,,,27,0.19639816351493924
600,0.585,0.008333333333333333,0.9863457083702087,0.862276140206183,taro,0.025980345904827118,,,,28,0.21656465124008897
600,0.5883333333333334,0.006666666666666667,0.9847993850708008,0.864058472837011,taro,0.03547877445816994,,,,29,0.20961950394033876
600,0.5616666666666666,0.008333333333333333,0.9861012101173401,0.8603116467688232,taro,0.02292591519653797,,,,30,0.21669938269975536
600,0.5683333333333334,0.006666666666666667,0.9855604767799377,0.8565879495100429,taro,0.025693846866488457,,,,31,0.2184512010202697
600,0.0,0.0,0.9026586413383484,0.9026586413383484,taro_same_average,0.9026586413383484,,,,0,0.0
600,0.0,0.0,0.9026586413383484,0.9026586413383484,taro_same_average,0.9026586413383484,,,,1,0.0
600,0.0,0.0,0.9026586413383484,0.9026586413383484,taro_same_average,0.9026586413383484,,,,2,0.0
600,0.0,0.0,0.9026586413383484,0.9026586413383484,taro_same_average,0.9026586413383484,,,,3,0.0
600,0.0,0.0,0.9026586413383484,0.9026586413383484,taro_same_average,0.9026586413383484,,,,4,0.0
600,0.0,0.0,0.9026586413383484,0.9026586413383484,taro_same_average,0.9026586413383484,,,,5,0.0
600,0.0,0.0,0.9026586413383484,0.9026586413383484,taro_same_average,0.9026586413383484,,,,6,0.0
600,0.0,0.0,0.9026586413383484,0.9026586413383484,taro_same_average,0.9026586413383484,,,,7,0.0
600,0.0,0.0,0.9026586413383484,0.9026586413383484,taro_same_average,0.9026586413383484,,,,8,0.0
600,0.0,0.0,0.9026586413383484,0.9026586413383484,taro_same_average,0.9026586413383484,,,,9,0.0
600,0.0,0.0,0.9026586413383484,0.9026586413383484,taro_same_average,0.9026586413383484,,,,10,0.0
600,0.0,0.0,0.9026586413383484,0.9026586413383484,taro_same_average,0.9026586413383484,,,,11,0.0
600,0.0,0.0,0.9026586413383484,0.9026586413383484,taro_same_average,0.9026586413383484,,,,12,0.0
600,0.0,0.0,0.9026586413383484,0.9026586413383484,taro_same_average,0.9026586413383484,,,,13,0.0
600,0.0,0.0,0.9026586413383484,0.9026586413383484,taro_same_average,0.9026586413383484,,,,14,0.0
600,0.0,0.0,0.9026586413383484,0.9026586413383484,taro_same_average,0.9026586413383484,,,,15,0.0
600,0.0,0.0,0.9026586413383484,0.9026586413383484,taro_same_average,0.9026586413383484,,,,16,0.0
600,0.0,0.0,0.9026586413383484,0.9026586413383484,taro_same_average,0.9026586413383484,,,,17,0.0
600,0.0,0.0,0.9026586413383484,0.9026586413383484,taro_same_average,0.9026586413383484,,,,18,0.0
600,0.0,0.0,0.9026586413383484,0.9026586413383484,taro_same_average,0.9026586413383484,,,,19,0.0
600,0.0,0.0,0.9026586413383484,0.9026586413383484,taro_same_average,0.9026586413383484,,,,20,0.0
600,0.0,0.0,0.9026586413383484,0.9026586413383484,taro_same_average,0.9026586413383484,,,,21,0.0
600,0.0,0.0,0.9026586413383484,0.9026586413383484,taro_same_average,0.9026586413383484,,,,22,0.0
600,0.0,0.0,0.9026586413383484,0.9026586413383484,taro_same_average,0.9026586413383484,,,,23,0.0
600,0.0,0.0,0.9026586413383484,0.9026586413383484,taro_same_average,0.9026586413383484,,,,24,0.0
600,0.0,0.0,0.9026586413383484,0.9026586413383484,taro_same_average,0.9026586413383484,,,,25,0.0
600,0.0,0.0,0.9026586413383484,0.9026586413383484,taro_same_average,0.9026586413383484,,,,26,0.0
600,0.0,0.0,0.9026586413383484,0.9026586413383484,taro_same_average,0.9026586413383484,,,,27,0.0
600,0.0,0.0,0.9026586413383484,0.9026586413383484,taro_same_average,0.9026586413383484,,,,28,0.0
600,0.0,0.0,0.9026586413383484,0.9026586413383484,taro_same_average,0.9026586413383484,,,,29,0.0
600,0.0,0.0,0.9026586413383484,0.9026586413383484,taro_same_average,0.9026586413383484,,,,30,0.0
600,0.0,0.0,0.9026586413383484,0.9026586413383484,taro_same_average,0.9026586413383484,,,,31,0.0
600,0.0,1.0,0.0,0.0,v1_base,0.0,,,,0,0.0
600,0.0,1.0,0.0,0.0,v1_base,0.0,,,,1,0.0
600,0.0,1.0,0.0,0.0,v1_base,0.0,,,,2,0.0
600,0.0,1.0,0.0,0.0,v1_base,0.0,,,,3,0.0
600,0.0,1.0,0.0,0.0,v1_base,0.0,,,,4,0.0
600,0.0,1.0,0.0,0.0,v1_base,0.0,,,,5,0.0
598,0.0,1.0,0.0,0.0,v1_base,0.0,,,,6,0.0
598,0.0,1.0,0.0,0.0,v1_base,0.0,,,,7,0.0
596,0.0,1.0,0.0,0.0,v1_base,0.0,,,,8,0.0
596,0.0,1.0,0.0,0.0,v1_base,0.0,,,,9,0.0
596,0.0,1.0,0.0,0.0,v1_base,0.0,,,,10,0.0
596,0.0,1.0,0.0,0.0,v1_base,0.0,,,,11,0.0
595,0.0,1.0,0.0,0.0,v1_base,0.0,,,,12,0.0
595,0.0,1.0,0.0,0.0,v1_base,0.0,,,,13,0.0
594,0.0,1.0,0.0,0.0,v1_base,0.0,,,,14,0.0
594,0.0,1.0,0.0,0.0,v1_base,0.0,,,,15,0.0
594,0.0,1.0,0.0,0.0,v1_base,0.0,,,,16,0.0
593,0.0,1.0,0.0,0.0,v1_base,0.0,,,,17,0.0
593,0.0,1.0,0.0,0.0,v1_base,0.0,,,,18,0.0
592,0.0,1.0,0.0,0.0,v1_base,0.0,,,,19,0.0
592,0.0,1.0,0.0,0.0,v1_base,0.0,,,,20,0.0
592,0.0,1.0,0.0,0.0,v1_base,0.0,,,,21,0.0
592,0.0,1.0,0.0,0.0,v1_base,0.0,,,,22,0.0
591,0.0,1.0,0.0,0.0,v1_base,0.0,,,,23,0.0
590,0.0,1.0,0.0,0.0,v1_base,0.0,,,,24,0.0
590,0.0,1.0,0.0,0.0,v1_base,0.0,,,,25,0.0
588,0.0,1.0,0.0,0.0,v1_base,0.0,,,,26,0.0
588,0.0,1.0,0.0,0.0,v1_base,0.0,,,,27,0.0
588,0.0,1.0,0.0,0.0,v1_base,0.0,,,,28,0.0
586,0.0,1.0,0.0,0.0,v1_base,0.0,,,,29,0.0
586,0.0,1.0,0.0,0.0,v1_base,0.0,,,,30,0.0
586,0.0,1.0,0.0,0.0,v1_base,0.0,,,,31,0.0
600,1.0,0.0,1.0,1.0,v1_fixed,1.0,,,,0,0.0
600,1.0,0.0,1.0,1.0,v1_fixed,1.0,,,,1,0.0
598,1.0,0.0,1.0,1.0,v1_fixed,1.0,,,,2,0.0
598,1.0,0.0,1.0,1.0,v1_fixed,1.0,,,,3,0.0
597,1.0,0.0,1.0,1.0,v1_fixed,1.0,,,,4,0.0
597,1.0,0.0,1.0,1.0,v1_fixed,1.0,,,,5,0.0
593,1.0,0.0,1.0,1.0,v1_fixed,1.0,,,,6,0.0
592,1.0,0.0,1.0,1.0,v1_fixed,1.0,,,,7,0.0
592,1.0,0.0,1.0,1.0,v1_fixed,1.0,,,,8,0.0
591,1.0,0.0,1.0,1.0,v1_fixed,1.0,,,,9,0.0
589,1.0,0.0,1.0,1.0,v1_fixed,1.0,,,,10,0.0
588,1.0,0.0,1.0,1.0,v1_fixed,1.0,,,,11,0.0
588,1.0,0.0,1.0,1.0,v1_fixed,1.0,,,,12,0.0
588,1.0,0.0,1.0,1.0,v1_fixed,1.0,,,,13,0.0
585,1.0,0.0,1.0,1.0,v1_fixed,1.0,,,,14,0.0
585,1.0,0.0,1.0,1.0,v1_fixed,1.0,,,,15,0.0
584,1.0,0.0,1.0,1.0,v1_fixed,1.0,,,,16,0.0
583,1.0,0.0,1.0,1.0,v1_fixed,1.0,,,,17,0.0
582,1.0,0.0,1.0,1.0,v1_fixed,1.0,,,,18,0.0
580,1.0,0.0,1.0,1.0,v1_fixed,1.0,,,,19,0.0
579,1.0,0.0,1.0,1.0,v1_fixed,1.0,,,,20,0.0
577,1.0,0.0,1.0,1.0,v1_fixed,1.0,,,,21,0.0
576,1.0,0.0,1.0,1.0,v1_fixed,1.0,,,,22,0.0
574,1.0,0.0,1.0,1.0,v1_fixed,1.0,,,,23,0.0
570,1.0,0.0,1.0,1.0,v1_fixed,1.0,,,,24,0.0
568,1.0,0.0,1.0,1.0,v1_fixed,1.0,,,,25,0.0
568,1.0,0.0,1.0,1.0,v1_fixed,1.0,,,,26,0.0
567,1.0,0.0,1.0,1.0,v1_fixed,1.0,,,,27,0.0
564,1.0,0.0,1.0,1.0,v1_fixed,1.0,,,,28,0.0
563,1.0,0.0,1.0,1.0,v1_fixed,1.0,,,,29,0.0
561,1.0,0.0,1.0,1.0,v1_fixed,1.0,,,,30,0.0
559,1.0,0.0,1.0,1.0,v1_fixed,1.0,,,,31,0.0
600,1.0,0.0,1.0,1.0,v1_heuristic,1.0,,,,0,0.0
600,1.0,0.0,0.9677083333333333,0.967708333333339,v1_heuristic,0.9677083333333333,,,,1,0.0
598,0.0,0.0,0.9354166666666667,0.9354166666666578,v1_heuristic,0.9354166666666667,,,,2,0.0
598,0.0,0.0,0.903125,0.9031249999999947,v1_heuristic,0.903125,,,,3,0.0
596,0.0,0.0,0.8708333333333333,0.8708333333333356,v1_heuristic,0.8708333333333333,,,,4,0.0
596,0.0,0.0,0.8385416666666666,0.838541666666674,v1_heuristic,0.8385416666666666,,,,5,0.0
592,0.0,0.0,0.80625,0.8062499999999916,v1_heuristic,0.80625,,,,6,0.0
591,0.0,0.0,0.7739583333333333,0.7739583333333288,v1_heuristic,0.7739583333333333,,,,7,0.0
589,0.0,0.0,0.7421875,0.7421875,v1_heuristic,0.7421875,,,,8,0.0
589,0.0,0.0,0.7098958333333333,0.7098958333333354,v1_heuristic,0.7098958333333333,,,,9,0.0
587,0.0,0.0,0.6776041666666667,0.6776041666666581,v1_heuristic,0.6776041666666667,,,,10,0.0
586,0.0,0.0,0.6453125,0.6453124999999932,v1_heuristic,0.6453125,,,,11,0.0
586,0.0,0.0,0.6130208333333333,0.6130208333333361,v1_heuristic,0.6130208333333333,,,,12,0.0
585,0.0,0.0,0.5807291666666666,0.5807291666666685,v1_heuristic,0.5807291666666666,,,,13,0.0
583,0.0,0.0,0.5484375,0.5484374999999986,v1_heuristic,0.5484375,,,,14,0.0
582,0.0,0.0,0.5161458333333333,0.5161458333333303,v1_heuristic,0.5161458333333333,,,,15,0.0
582,0.0,0.0,0.48385416666666664,0.48385416666666936,v1_heuristic,0.48385416666666664,,,,16,0.0
582,0.0,0.0,0.4515625,0.45156249999999665,v1_heuristic,0.4515625,,,,17,0.0
581,0.0,0.0,0.4192708333333333,0.4192708333333368,v1_heuristic,0.4192708333333333,,,,18,0.0
580,0.0,0.0,0.38697916666666665,0.3869791666666644,v1_heuristic,0.38697916666666665,,,,19,0.0
580,0.0,0.0,0.35494791666666664,0.3549479166666676,v1_heuristic,0.35494791666666664,,,,20,0.0
580,0.0,0.0,0.32265625,0.3226562499999966,v1_heuristic,0.32265625,,,,21,0.0
580,0.0,0.0,0.2903645833333333,0.2903645833333342,v1_heuristic,0.2903645833333333,,,,22,0.0
579,0.0,0.0,0.25807291666666665,0.2580729166666652,v1_heuristic,0.25807291666666665,,,,23,0.0
578,0.0,0.0,0.22578125,0.22578124999999824,v1_heuristic,0.22578125,,,,24,0.0
578,0.0,0.0,0.19348958333333333,0.1934895833333322,v1_heuristic,0.19348958333333333,,,,25,0.0
578,0.0,0.0,0.161328125,0.16132812499999832,v1_heuristic,0.161328125,,,,26,0.0
577,0.0,0.0,0.12903645833333333,0.1290364583333326,v1_heuristic,0.12903645833333333,,,,27,0.0
577,0.0,0.0,0.09674479166666666,0.09674479166666611,v1_heuristic,0.09674479166666666,,,,28,0.0
577,0.0,0.0,0.06451822916666666,0.0645182291666663,v1_heuristic,0.06451822916666666,,,,29,0.0
577,0.0,1.0,0.03225911458333333,0.03225911458333315,v1_heuristic,0.03225911458333333,,,,30,0.0
577,0.0,1.0,0.0,0.0,v1_heuristic,0.0,,,,31,0.0
600,0.0,0.0,0.54375,0.3372163628472226,v1_router,0.0697265625,,,,0,0.10339077934232678
600,0.0,0.0016666666666666668,0.5458333333333333,0.32934434678819446,v1_router,0.04645182291666667,,,,1,0.09976963463620594
600,0.0,0.0,0.5484375,0.3311780598958336,v1_router,0.0875,,,,2,0.10126889096230857
599,0.0,0.0,0.5453125,0.34002928057178666,v1_router,0.0646484375,,,,3,0.09623262609315603
599,0.0,0.001669449081803005,0.5489583333333333,0.326319962524346,v1_router,0.04143880208333333,,,,4,0.10203621445726091
599,0.0,0.0,0.5489583333333333,0.32407462959098504,v1_router,0.07799479166666666,,,,5,0.10421235837960557
597,0.0,0.0,0.559375,0.32914954547040753,v1_router,0.07447916666666667,,,,6,0.1021537838620754
597,0.0,0.0,0.5401041666666667,0.326022473478504,v1_router,0.07317708333333334,,,,7,0.10133126980106552
595,0.0,0.0,0.553125,0.33091556153711454,v1_router,0.06155598958333333,,,,8,0.1001175618799233
594,0.0,0.0,0.5411458333333333,0.326926601080247,v1_router,0.0796875,,,,9,0.10143696591503033
593,0.0,0.0,0.5348958333333333,0.3217784965219223,v1_router,0.08483072916666666,,,,10,0.10165313942525522
593,0.0,0.0,0.5520833333333334,0.3304920250140523,v1_router,0.0822265625,,,,11,0.10417774477187718
592,0.0,0.0,0.5484375,0.3281854852899777,v1_router,0.06331380208333333,,,,12,0.1016674205116675
590,0.0,0.0,0.553125,0.32496750308968964,v1_router,0.05914713541666667,,,,13,0.10334897597635291
589,0.0,0.0,0.5421875,0.3309880358658745,v1_router,0.05325520833333333,,,,14,0.10313589267407969
589,0.0,0.001697792869269949,0.5505208333333333,0.3170507149299661,v1_router,0.0435546875,,,,15,0.10407494952360727
588,0.0,0.0,0.5526041666666667,0.32801903964710866,v1_router,0.06357421875,,,,16,0.10640736897007312
588,0.0,0.0017006802721088435,0.5677083333333334,0.32124516147604876,v1_router,0.039876302083333336,,,,17,0.10568577026783435
587,0.0,0.0,0.5625,0.3234531937641961,v1_router,0.05126953125,,,,18,0.10264861717222379
586,0.0,0.0,0.5541666666666667,0.3214142158169796,v1_router,0.05224609375,,,,19,0.10248229019977197
585,0.0,0.0017094017094017094,0.5515625,0.3205880519943023,v1_router,0.03811848958333333,,,,20,0.10156693049240959
585,0.0,0.0,0.5427083333333333,0.32399316684472906,v1_router,0.058984375,,,,21,0.10758572484231002
585,0.0,0.0,0.5635416666666667,0.3255730279558404,v1_router,0.06204427083333333,,,,22,0.10485515000372767
584,0.0,0.0,0.553125,0.3244849078731448,v1_router,0.052897135416666664,,,,23,0.10381423345105294
583,0.0,0.0,0.5432291666666667,0.31915302047598637,v1_router,0.06627604166666666,,,,24,0.107498838862859
583,0.0,0.0017152658662092624,0.5515625,0.3207810154909948,v1_router,0.04560546875,,,,25,0.09958861199256724
583,0.0,0.0,0.5395833333333333,0.3269953366209263,v1_router,0.0658203125,,,,26,0.09960263739760608
582,0.0,0.0,0.5588541666666667,0.32773756309063573,v1_router,0.050944010416666664,,,,27,0.10184915936425316
581,0.0,0.0,0.5385416666666667,0.321984702201664,v1_router,0.07682291666666667,,,,28,0.09965568277334845
580,0.0,0.0017241379310344827,0.5588541666666667,0.3171095433728448,v1_router,0.04645182291666667,,,,29,0.10351897235850412
579,0.0,0.0,0.5557291666666667,0.3229055348661486,v1_router,0.05071614583333333,,,,30,0.10295045998102643
578,0.0,0.0,0.546875,0.31833375009011,v1_router,0.06259765625,,,,31,0.10474967723446937
600,0.0,1.0,0.0,0.0,v2_base,0.0,,,,0,0.0
600,0.0,1.0,0.0,0.0,v2_base,0.0,,,,1,0.0
600,0.0,1.0,0.0,0.0,v2_base,0.0,,,,2,0.0
600,0.0,1.0,0.0,0.0,v2_base,0.0,,,,3,0.0
600,0.0,1.0,0.0,0.0,v2_base,0.0,,,,4,0.0
600,0.0,1.0,0.0,0.0,v2_base,0.0,,,,5,0.0
600,0.0,1.0,0.0,0.0,v2_base,0.0,,,,6,0.0
600,0.0,1.0,0.0,0.0,v2_base,0.0,,,,7,0.0
600,0.0,1.0,0.0,0.0,v2_base,0.0,,,,8,0.0
600,0.0,1.0,0.0,0.0,v2_base,0.0,,,,9,0.0
600,0.0,1.0,0.0,0.0,v2_base,0.0,,,,10,0.0
600,0.0,1.0,0.0,0.0,v2_base,0.0,,,,11,0.0
600,0.0,1.0,0.0,0.0,v2_base,0.0,,,,12,0.0
600,0.0,1.0,0.0,0.0,v2_base,0.0,,,,13,0.0
600,0.0,1.0,0.0,0.0,v2_base,0.0,,,,14,0.0
600,0.0,1.0,0.0,0.0,v2_base,0.0,,,,15,0.0
600,0.0,1.0,0.0,0.0,v2_base,0.0,,,,16,0.0
600,0.0,1.0,0.0,0.0,v2_base,0.0,,,,17,0.0
600,0.0,1.0,0.0,0.0,v2_base,0.0,,,,18,0.0
600,0.0,1.0,0.0,0.0,v2_base,0.0,,,,19,0.0
600,0.0,1.0,0.0,0.0,v2_base,0.0,,,,20,0.0
600,0.0,1.0,0.0,0.0,v2_base,0.0,,,,21,0.0
600,0.0,1.0,0.0,0.0,v2_base,0.0,,,,22,0.0
600,0.0,1.0,0.0,0.0,v2_base,0.0,,,,23,0.0
600,0.0,1.0,0.0,0.0,v2_base,0.0,,,,24,0.0
600,0.0,1.0,0.0,0.0,v2_base,0.0,,,,25,0.0
600,0.0,1.0,0.0,0.0,v2_base,0.0,,,,26,0.0
600,0.0,1.0,0.0,0.0,v2_base,0.0,,,,27,0.0
600,0.0,1.0,0.0,0.0,v2_base,0.0,,,,28,0.0
600,0.0,1.0,0.0,0.0,v2_base,0.0,,,,29,0.0
600,0.0,1.0,0.0,0.0,v2_base,0.0,,,,30,0.0
600,0.0,1.0,0.0,0.0,v2_base,0.0,,,,31,0.0
600,1.0,0.0,1.0,1.0,v2_fixed,1.0,,,,0,0.0
600,1.0,0.0,1.0,1.0,v2_fixed,1.0,,,,1,0.0
600,1.0,0.0,1.0,1.0,v2_fixed,1.0,,,,2,0.0
600,1.0,0.0,1.0,1.0,v2_fixed,1.0,,,,3,0.0
600,1.0,0.0,1.0,1.0,v2_fixed,1.0,,,,4,0.0
600,1.0,0.0,1.0,1.0,v2_fixed,1.0,,,,5,0.0
600,1.0,0.0,1.0,1.0,v2_fixed,1.0,,,,6,0.0
600,1.0,0.0,1.0,1.0,v2_fixed,1.0,,,,7,0.0
600,1.0,0.0,1.0,1.0,v2_fixed,1.0,,,,8,0.0
600,1.0,0.0,1.0,1.0,v2_fixed,1.0,,,,9,0.0
600,1.0,0.0,1.0,1.0,v2_fixed,1.0,,,,10,0.0
600,1.0,0.0,1.0,1.0,v2_fixed,1.0,,,,11,0.0
600,1.0,0.0,1.0,1.0,v2_fixed,1.0,,,,12,0.0
600,1.0,0.0,1.0,1.0,v2_fixed,1.0,,,,13,0.0
600,1.0,0.0,1.0,1.0,v2_fixed,1.0,,,,14,0.0
600,1.0,0.0,1.0,1.0,v2_fixed,1.0,,,,15,0.0
600,1.0,0.0,1.0,1.0,v2_fixed,1.0,,,,16,0.0
600,1.0,0.0,1.0,1.0,v2_fixed,1.0,,,,17,0.0
600,1.0,0.0,1.0,1.0,v2_fixed,1.0,,,,18,0.0
600,1.0,0.0,1.0,1.0,v2_fixed,1.0,,,,19,0.0
600,1.0,0.0,1.0,1.0,v2_fixed,1.0,,,,20,0.0
600,1.0,0.0,1.0,1.0,v2_fixed,1.0,,,,21,0.0
600,1.0,0.0,1.0,1.0,v2_fixed,1.0,,,,22,0.0
600,1.0,0.0,1.0,1.0,v2_fixed,1.0,,,,23,0.0
600,1.0,0.0,1.0,1.0,v2_fixed,1.0,,,,24,0.0
600,1.0,0.0,1.0,1.0,v2_fixed,1.0,,,,25,0.0
600,1.0,0.0,1.0,1.0,v2_fixed,1.0,,,,26,0.0
600,1.0,0.0,1.0,1.0,v2_fixed,1.0,,,,27,0.0
600,1.0,0.0,1.0,1.0,v2_fixed,1.0,,,,28,0.0
600,1.0,0.0,1.0,1.0,v2_fixed,1.0,,,,29,0.0
600,1.0,0.0,1.0,1.0,v2_fixed,1.0,,,,30,0.0
600,1.0,0.0,1.0,1.0,v2_fixed,1.0,,,,31,0.0
600,0.0,0.6433333333333333,0.7240157127380371,0.05483810710403721,v2_heuristic,2.1948774246993707e-06,,,,0,0.07407834930657742
600,0.0,0.6,0.43512898683547974,0.056461913614515045,v2_heuristic,6.600437700399198e-06,,,,1,0.06434428425579232
600,0.0,0.6233333333333333,0.7029282450675964,0.058341279834043386,v2_heuristic,2.370046331634512e-06,,,,2,0.07778068573575574
600,0.0,0.6216666666666667,0.5668986439704895,0.06045652385852369,v2_heuristic,4.5094861889083404e-07,,,,3,0.07604862327069083
600,0.0,0.5866666666666667,0.9098613858222961,0.06448654974467188,v2_heuristic,5.418840487436682e-07,,,,4,0.08509896278396782
600,0.0,0.5966666666666667,0.7813092470169067,0.06223013285821404,v2_heuristic,2.6429654553794535e-06,,,,5,0.07856537765977314
600,0.0,0.5866666666666667,0.899746835231781,0.06708879019680504,v2_heuristic,2.771645085886121e-06,,,,6,0.09171066233140292
600,0.0,0.6183333333333333,0.5103064775466919,0.060454674820345486,v2_heuristic,4.059330365180358e-07,,,,7,0.0728707899587658
600,0.0,0.6166666666666667,0.6839877963066101,0.05625306711530527,v2_heuristic,1.1967622413067147e-06,,,,8,0.07088758536281047
600,0.0,0.6066666666666667,0.9380840063095093,0.06026238974959748,v2_heuristic,5.112904545967467e-06,,,,9,0.0808341914208126
600,0.0,0.6316666666666667,0.8793041110038757,0.05691151839043537,v2_heuristic,9.405026162312424e-07,,,,10,0.07710195337675357
600,0.0,0.6866666666666666,0.5379745364189148,0.05233511132766921,v2_heuristic,6.009383923810674e-07,,,,11,0.0725186966477599
600,0.0,0.6566666666666666,0.44482389092445374,0.05111370053385296,v2_heuristic,4.036907739646267e-06,,,,12,0.06493086284620296
600,0.0,0.6783333333333333,0.5463231205940247,0.05132000192942352,v2_heuristic,2.173035909436294e-06,,,,13,0.06854185877481413
600,0.0,0.685,0.5570814609527588,0.051755242483051044,v2_heuristic,1.2832235825044336e-06,,,,14,0.06989183867225111
600,0.0,0.6616666666666666,0.7585704922676086,0.051687382067988945,v2_heuristic,2.3159257978022652e-07,,,,15,0.06938126308018401
600,0.0,0.6533333333333333,0.34559956192970276,0.049342231765299734,v2_heuristic,3.2602738997411507e-07,,,,16,0.05677145400385142
600,0.0,0.7016666666666667,0.6125561594963074,0.04689395222441097,v2_heuristic,2.394856437604176e-06,,,,17,0.06485052956015139
600,0.0,0.6916666666666667,0.90412437915802,0.04922159973445408,v2_heuristic,1.6976869119389448e-06,,,,18,0.07042697797095296
600,0.0,0.7233333333333334,0.48064231872558594,0.04308729106325759,v2_heuristic,1.556278022007973e-07,,,,19,0.05569790725979422
600,0.0,0.6933333333333334,0.384080171585083,0.04581672251960887,v2_heuristic,1.7983062434723251e-06,,,,20,0.06057420855810372
600,0.0,0.7483333333333333,0.4417977035045624,0.04263998727199559,v2_heuristic,8.994508675641555e-07,,,,21,0.05883403535848138
600,0.0,0.7266666666666667,0.4842233955860138,0.04300466621220115,v2_heuristic,2.0779980332008563e-06,,,,22,0.05948404924863871
600,0.0,0.7483333333333333,0.42010432481765747,0.03915095580293875,v2_heuristic,3.147575171169592e-06,,,,23,0.05514011619296222
600,0.0,0.715,0.455465167760849,0.04275078827297269,v2_heuristic,1.1101692507509142e-06,,,,24,0.060160442957196004
600,0.0,0.7533333333333333,0.541100263595581,0.039685182890164344,v2_heuristic,2.9821936209373234e-07,,,,25,0.0630902767074529
600,0.0,0.745,0.5792220234870911,0.03926539681986706,v2_heuristic,6.663112230853585e-07,,,,26,0.05412467716980844
600,0.0,0.7616666666666667,0.36250314116477966,0.036492344724928974,v2_heuristic,2.2387687295122305e-06,,,,27,0.049174845825062354
600,0.0,0.7633333333333333,0.38518962264060974,0.03903322843070205,v2_heuristic,7.551141720796295e-07,,,,28,0.05523043829447116
600,0.0,0.76,0.34435561299324036,0.03791740374262228,v2_heuristic,1.9314102246426046e-06,,,,29,0.04961239272754388
600,0.0,0.755,0.6176336407661438,0.03986034260988703,v2_heuristic,7.582754051327356e-07,,,,30,0.06102705673922246
600,0.0,0.7983333333333333,0.6752169132232666,0.03689565735844894,v2_heuristic,3.504670758047723e-06,,,,31,0.06457837278947907
600,0.9133333333333333,0.0,0.9960976839065552,0.9784978686769803,v2_history,0.7521618008613586,,,,0,0.023206797827652517
600,0.9,0.0,0.9945198893547058,0.9764050637682279,v2_history,0.6686074733734131,,,,1,0.031185899809104894
600,0.895,0.0,0.9965512752532959,0.9757630680004755,v2_history,0.6735074520111084,,,,2,0.03506974808624252
600,0.9033333333333333,0.0,0.9955766201019287,0.9754493777950605,v2_history,0.6312862038612366,,,,3,0.03427929061979493
600,0.8716666666666667,0.0,0.9968163371086121,0.9713361587623756,v2_history,0.4410850703716278,,,,4,0.04620049258877222
600,0.855,0.0,0.9945603013038635,0.9715518063306808,v2_history,0.5911960005760193,,,,5,0.040685759153497744
600,0.8566666666666667,0.0,0.9944625496864319,0.9687275640666485,v2_history,0.49165311455726624,,,,6,0.05063109889341448
600,0.8633333333333333,0.0,0.9971137046813965,0.971748354434967,v2_history,0.4777846932411194,,,,7,0.04012629586208125
600,0.865,0.0,0.994565486907959,0.9721209461490313,v2_history,0.6849603652954102,,,,8,0.035641116300153285
600,0.8766666666666667,0.0,0.9963064193725586,0.9733681148290634,v2_history,0.44885677099227905,,,,9,0.03680308676317817
600,0.86,0.0,0.9961618185043335,0.973040675620238,v2_history,0.5833534002304077,,,,10,0.03550111416670211
600,0.8216666666666667,0.0,0.994469165802002,0.9701095539331436,v2_history,0.5823252201080322,,,,11,0.03807147972149734
600,0.8666666666666667,0.0,0.9967194199562073,0.9727640617887179,v2_history,0.6734250783920288,,,,12,0.034857430886179354
600,0.845,0.0,0.9955453872680664,0.9694066028296947,v2_history,0.4857248365879059,,,,13,0.04380710999157879
600,0.8366666666666667,0.0,0.9965537786483765,0.9710275154312452,v2_history,0.5911669135093689,,,,14,0.03977386291714906
600,0.8216666666666667,0.0,0.9970184564590454,0.9675632422169049,v2_history,0.542118489742279,,,,15,0.04938406994048554
600,0.8366666666666667,0.0,0.9961252808570862,0.9691040885200103,v2_history,0.24482129514217377,,,,16,0.04737106034412237
600,0.8316666666666667,0.0,0.9953387975692749,0.9684414160251618,v2_history,0.6067255735397339,,,,17,0.041899664126035
600,0.8183333333333334,0.0,0.9968411922454834,0.9670874044299126,v2_history,0.4353490173816681,,,,18,0.04893690851518155
600,0.82,0.0,0.996207594871521,0.9663341215252876,v2_history,0.6079903244972229,,,,19,0.04518513737238052
600,0.8016666666666666,0.0,0.9970313310623169,0.9662496786812941,v2_history,0.47357210516929626,,,,20,0.050232169690088084
600,0.78,0.0,0.9973735809326172,0.9637487997611364,v2_history,0.35637813806533813,,,,21,0.0560738490438857
600,0.805,0.0,0.9962615370750427,0.9659946367144585,v2_history,0.585477888584137,,,,22,0.04598369096357833
600,0.7916666666666666,0.0,0.9972177743911743,0.9653220902880033,v2_history,0.495678186416626,,,,23,0.047136772409950005
600,0.7833333333333333,0.0,0.9969960451126099,0.9609842731555303,v2_history,0.4242058992385864,,,,24,0.0610046657054336
600,0.7766666666666666,0.0,0.9970430731773376,0.9615538002053896,v2_history,0.2900278866291046,,,,25,0.060602986217598784
600,0.7983333333333333,0.0,0.9970780611038208,0.9649401505291462,v2_history,0.42559748888015747,,,,26,0.05181820231866884
600,0.79,0.0,0.9968961477279663,0.9633710511525472,v2_history,0.5630752444267273,,,,27,0.054018421939878145
600,0.78,0.0,0.9968053102493286,0.9617711710433166,v2_history,0.39407679438591003,,,,28,0.05713808007147707
600,0.7683333333333333,0.0,0.9963449835777283,0.9625950503846009,v2_history,0.36291536688804626,,,,29,0.05191583612613906
600,0.7616666666666667,0.0,0.9968714118003845,0.9623951769868533,v2_history,0.4416884183883667,,,,30,0.05166649632636718
600,0.7516666666666667,0.0,0.9978541731834412,0.9631799991428852,v2_history,0.45307835936546326,,,,31,0.050060007749035705
600,1.0,0.0,0.9674169421195984,0.9674169421195984,v2_same_average,0.9674169421195984,,,,0,0.0
600,1.0,0.0,0.9674169421195984,0.9674169421195984,v2_same_average,0.9674169421195984,,,,1,0.0
600,1.0,0.0,0.9674169421195984,0.9674169421195984,v2_same_average,0.9674169421195984,,,,2,0.0
600,1.0,0.0,0.9674169421195984,0.9674169421195984,v2_same_average,0.9674169421195984,,,,3,0.0
600,1.0,0.0,0.9674169421195984,0.9674169421195984,v2_same_average,0.9674169421195984,,,,4,0.0
600,1.0,0.0,0.9674169421195984,0.9674169421195984,v2_same_average,0.9674169421195984,,,,5,0.0
600,1.0,0.0,0.9674169421195984,0.9674169421195984,v2_same_average,0.9674169421195984,,,,6,0.0
600,1.0,0.0,0.9674169421195984,0.9674169421195984,v2_same_average,0.9674169421195984,,,,7,0.0
600,1.0,0.0,0.9674169421195984,0.9674169421195984,v2_same_average,0.9674169421195984,,,,8,0.0
600,1.0,0.0,0.9674169421195984,0.9674169421195984,v2_same_average,0.9674169421195984,,,,9,0.0
600,1.0,0.0,0.9674169421195984,0.9674169421195984,v2_same_average,0.9674169421195984,,,,10,0.0
600,1.0,0.0,0.9674169421195984,0.9674169421195984,v2_same_average,0.9674169421195984,,,,11,0.0
600,1.0,0.0,0.9674169421195984,0.9674169421195984,v2_same_average,0.9674169421195984,,,,12,0.0
600,1.0,0.0,0.9674169421195984,0.9674169421195984,v2_same_average,0.9674169421195984,,,,13,0.0
600,1.0,0.0,0.9674169421195984,0.9674169421195984,v2_same_average,0.9674169421195984,,,,14,0.0
600,1.0,0.0,0.9674169421195984,0.9674169421195984,v2_same_average,0.9674169421195984,,,,15,0.0
600,1.0,0.0,0.9674169421195984,0.9674169421195984,v2_same_average,0.9674169421195984,,,,16,0.0
600,1.0,0.0,0.9674169421195984,0.9674169421195984,v2_same_average,0.9674169421195984,,,,17,0.0
600,1.0,0.0,0.9674169421195984,0.9674169421195984,v2_same_average,0.9674169421195984,,,,18,0.0
600,1.0,0.0,0.9674169421195984,0.9674169421195984,v2_same_average,0.9674169421195984,,,,19,0.0
600,1.0,0.0,0.9674169421195984,0.9674169421195984,v2_same_average,0.9674169421195984,,,,20,0.0
600,1.0,0.0,0.9674169421195984,0.9674169421195984,v2_same_average,0.9674169421195984,,,,21,0.0
600,1.0,0.0,0.9674169421195984,0.9674169421195984,v2_same_average,0.9674169421195984,,,,22,0.0
600,1.0,0.0,0.9674169421195984,0.9674169421195984,v2_same_average,0.9674169421195984,,,,23,0.0
600,1.0,0.0,0.9674169421195984,0.9674169421195984,v2_same_average,0.9674169421195984,,,,24,0.0
600,1.0,0.0,0.9674169421195984,0.9674169421195984,v2_same_average,0.9674169421195984,,,,25,0.0
600,1.0,0.0,0.9674169421195984,0.9674169421195984,v2_same_average,0.9674169421195984,,,,26,0.0
600,1.0,0.0,0.9674169421195984,0.9674169421195984,v2_same_average,0.9674169421195984,,,,27,0.0
600,1.0,0.0,0.9674169421195984,0.9674169421195984,v2_same_average,0.9674169421195984,,,,28,0.0
600,1.0,0.0,0.9674169421195984,0.9674169421195984,v2_same_average,0.9674169421195984,,,,29,0.0
600,1.0,0.0,0.9674169421195984,0.9674169421195984,v2_same_average,0.9674169421195984,,,,30,0.0
600,1.0,0.0,0.9674169421195984,0.9674169421195984,v2_same_average,0.9674169421195984,,,,31,0.0
600,0.9083333333333333,0.0,0.9954795837402344,0.9785665846864382,v2_state,0.7516587376594543,,,,0,0.02749695594635358
600,0.8983333333333333,0.0,0.9945367574691772,0.976084627310435,v2_state,0.6922417879104614,,,,1,0.0346757944183671
600,0.88,0.0,0.9957881569862366,0.9749825466672579,v2_state,0.659844696521759,,,,2,0.03881883319556652
600,0.8933333333333333,0.0,0.9951861500740051,0.974378980199496,v2_state,0.61381995677948,,,,3,0.038951016594728397
600,0.87,0.0,0.9961198568344116,0.971239016999801,v2_state,0.4372998774051666,,,,4,0.048874986931245805
600,0.845,0.0,0.994835615158081,0.9716557548443476,v2_state,0.6012412309646606,,,,5,0.04181069428764077
600,0.85,0.0,0.9953108429908752,0.9681563471754392,v2_state,0.42554885149002075,,,,6,0.05363728406930539
600,0.86,0.0,0.9964802861213684,0.9721835247675578,v2_state,0.5231348276138306,,,,7,0.03979168456086571
600,0.855,0.0,0.9949550032615662,0.9725642998019854,v2_state,0.6726096868515015,,,,8,0.036309547460361614
600,0.8733333333333333,0.0,0.995335042476654,0.9738077743848165,v2_state,0.4601057767868042,,,,9,0.038077966254199076
600,0.86,0.0,0.9950752854347229,0.9727582227190336,v2_state,0.5846631526947021,,,,10,0.038591498102490844
600,0.8266666666666667,0.0,0.9938640594482422,0.9702151774366696,v2_state,0.5978609323501587,,,,11,0.039897823951619796
600,0.865,0.0,0.9958966970443726,0.9734165387352308,v2_state,0.6166280508041382,,,,12,0.03586764371335609
600,0.84,0.0,0.9952868223190308,0.9696018658081691,v2_state,0.4479544758796692,,,,13,0.04671049663511229
600,0.8383333333333334,0.0,0.9962478280067444,0.9707980725169182,v2_state,0.5765934586524963,,,,14,0.043373000656399645
600,0.8233333333333334,0.0,0.9965347051620483,0.9678264101346333,v2_state,0.5607905983924866,,,,15,0.04922468960937766
600,0.8266666666666667,0.0,0.995612382888794,0.9689509520928065,v2_state,0.24746543169021606,,,,16,0.04869977968719351
600,0.8333333333333334,0.0,0.9961827397346497,0.9681759522358576,v2_state,0.5535779595375061,,,,17,0.04569660201602206
600,0.8116666666666666,0.0,0.9966022968292236,0.9667535197734832,v2_state,0.4657374620437622,,,,18,0.0506292952385963
600,0.8183333333333334,0.0,0.9960103034973145,0.9661704268058141,v2_state,0.5964155197143555,,,,19,0.049199579548292544
600,0.805,0.0,0.9965421557426453,0.9662770411868891,v2_state,0.4871639311313629,,,,20,0.051111783105334194
600,0.7933333333333333,0.0,0.9968467354774475,0.9640538982053598,v2_state,0.40925636887550354,,,,21,0.05738040694274876
600,0.8066666666666666,0.0,0.9962469935417175,0.9659428879618644,v2_state,0.5258985757827759,,,,22,0.04928297766545947
600,0.7983333333333333,0.0,0.9966102242469788,0.9655455080668132,v2_state,0.5060842633247375,,,,23,0.04931432498791097
600,0.7883333333333333,0.0,0.996334433555603,0.9610543023049831,v2_state,0.43117961287498474,,,,24,0.06175160108093003
600,0.7766666666666666,0.0,0.9964302182197571,0.9602681721250216,v2_state,0.28076645731925964,,,,25,0.06669089947354408
600,0.8066666666666666,0.0,0.9965230226516724,0.9651339367528756,v2_state,0.4101390242576599,,,,26,0.054403052304821
600,0.795,0.0,0.9965284466743469,0.9629332376519839,v2_state,0.5483421087265015,,,,27,0.05770952539174034
600,0.7816666666666666,0.0,0.9963800311088562,0.961660025815169,v2_state,0.4032728672027588,,,,28,0.05969992341680787
600,0.7683333333333333,0.0,0.9958592057228088,0.9618261000017325,v2_state,0.36738553643226624,,,,29,0.055917009104226145
600,0.7733333333333333,0.0,0.9959800243377686,0.9617472011347612,v2_state,0.43463173508644104,,,,30,0.054814776724196615
600,0.7466666666666667,0.0,0.9973879456520081,0.9622492023309072,v2_state,0.47986310720443726,,,,31,0.052488715118938094
