fusion,lambda,alpha,num_cases,mean_nll,mean_gradient,median_gradient,fraction_positive_gradient,mean_entropy,mean_max_probability,mean_logit_std
current,0.0,ALL,20,1.7308394074440003,0.9740951765328646,1.065136969089508,0.75,1.2871569335460662,0.6784013628959655,2.401318907737732
current,0.001,ALL,20,1.731818723678589,0.9845039755105972,1.081064522266388,0.75,1.284822589159012,0.6787704735994339,2.403108596801758
current,0.01,ALL,20,1.7410495400428772,1.0624110573902725,1.2010480165481567,0.75,1.2642994582653047,0.6820569306612014,2.4192487359046937
current,0.1,ALL,20,1.8530209243297577,1.3598250240087508,1.6319534182548523,1.0,1.0982280939817428,0.7099482268095016,2.5837059736251833
current,0.25,ALL,20,2.073565822839737,1.5596584513783456,1.9043890237808228,1.0,0.9112850189208984,0.7456288188695908,2.8684302806854247
current,0.5,ALL,20,2.4879910707473756,1.7362229347229003,2.1295086145401,1.0,0.7129487723112107,0.789531746506691,3.3649256229400635
current,1.0,ALL,20,3.4021992802619936,1.896085450053215,2.3206019401550293,1.0,0.4954868569970131,0.8425462573766709,4.407189083099365
current,2.0,ALL,20,5.364438843727112,2.005769729614258,2.442154049873352,1.0,0.3084751456975937,0.8946250885725021,6.577785491943359
normalized,0.0,ALL,20,1.7308394074440003,0.530412782728672,0.7852808833122253,0.7,1.2871569335460662,0.6784013628959655,2.401318907737732
normalized,0.001,ALL,20,1.7313732624053955,0.5373918145895005,0.7970288097858429,0.7,1.2871312022209167,0.678417620062828,2.4007077693939207
normalized,0.01,ALL,20,1.7364406526088714,0.5844239622354508,0.8770074248313904,0.7,1.286947250366211,0.6785750240087509,2.3952957153320313
normalized,0.1,ALL,20,1.7929734408855438,0.6208380199968815,0.9196841716766357,0.7,1.2917270720005036,0.6784535825252533,2.3488235473632812
normalized,0.25,ALL,20,1.8789626598358153,0.5253966391086579,0.7603215277194977,0.7,1.309857815504074,0.6764209300279618,2.294744277000427
normalized,0.5,ALL,20,1.9932284235954285,0.3966759156435728,0.5627652108669281,0.7,1.3422753274440766,0.6730339795351028,2.243283760547638
normalized,1.0,ALL,20,2.1494677305221557,0.2458479505032301,0.3409498780965805,0.7,1.3964661240577698,0.6662439614534378,2.2035945415496827
normalized,2.0,ALL,20,2.3215928733348847,0.12050649765878915,0.16076773405075073,0.8,1.4686514616012574,0.6569976955652237,2.1925951480865478
current,0.0,"0.00,1.00",4,1.7428274154663086,1.1959895342588425,1.278548240661621,0.75,1.2996971309185028,0.6764027327299118,2.406060576438904
current,0.0,"0.25,0.75",4,1.7368334233760834,1.1028494238853455,1.3340052366256714,0.75,1.293427050113678,0.6774020493030548,2.403689742088318
current,0.0,"0.50,0.50",4,1.7308394014835358,0.9839466903358698,1.1929448246955872,0.75,1.2871569395065308,0.6784013658761978,2.401318907737732
current,0.0,"0.75,0.25",4,1.7248454093933105,0.856405895203352,0.9257264137268066,0.75,1.2808868288993835,0.6794006675481796,2.398948073387146
current,0.0,"1.00,0.00",4,1.718851387500763,0.7312843389809132,0.6746522337198257,0.75,1.2746167182922363,0.6803999990224838,2.39657723903656
current,0.001,"0.00,1.00",4,1.7440294921398163,1.2082722298800945,1.2912268042564392,0.75,1.2973136901855469,0.676790714263916,2.407756268978119
current,0.001,"0.25,0.75",4,1.7379420101642609,1.114269707351923,1.3464980125427246,0.75,1.291072517633438,0.6777798980474472,2.4054356813430786
current,0.001,"0.50,0.50",4,1.731828659772873,0.9943797588348389,1.2058143615722656,0.75,1.2848218977451324,0.6787697076797485,2.403113007545471
current,0.001,"0.75,0.25",4,1.7257065176963806,0.8657833877950907,0.9373933970928192,0.75,1.2785778939723969,0.6797592490911484,2.400786578655243
current,0.001,"1.00,0.00",4,1.7195869386196136,0.7398147936910391,0.6851911842823029,0.75,1.272326946258545,0.6807527989149094,2.3984514474868774
current,0.01,"0.00,1.00",4,1.7553364634513855,1.298869101330638,1.3854666352272034,0.75,1.276382565498352,0.6802208572626114,2.4230526089668274
current,0.01,"0.25,0.75",4,1.7483744621276855,1.1990947928279638,1.4393600225448608,0.75,1.270378440618515,0.6811307668685913,2.4211817383766174
current,0.01,"0.50,0.50",4,1.7411493062973022,1.0725070964545012,1.3005370497703552,0.75,1.264293134212494,0.6820488423109055,2.419292628765106
current,0.01,"0.75,0.25",4,1.7338343858718872,0.9366348907351494,1.0241710543632507,0.75,1.258270502090454,0.6829648911952972,2.417365849018097
current,0.01,"1.00,0.00",4,1.7265530824661255,0.8049494056031108,0.7646150439977646,0.75,1.2521726489067078,0.683919295668602,2.41535085439682
current,0.1,"0.00,1.00",4,1.8899349570274353,1.6157911717891693,1.719527006149292,1.0,1.1079648584127426,0.7089560031890869,2.579232394695282
current,0.1,"0.25,0.75",4,1.873394936323166,1.5069378018379211,1.7691388130187988,1.0,1.1032149940729141,0.7093405872583389,2.581776201725006
current,0.1,"0.50,0.50",4,1.8540763556957245,1.3700986206531525,1.629908263683319,1.0,1.0981828421354294,0.7098176032304764,2.5841346979141235
current,0.1,"0.75,0.25",4,1.8337279260158539,1.2232051640748978,1.3409298658370972,1.0,1.0935628414154053,0.7103604823350906,2.586126148700714
current,0.1,"1.00,0.00",4,1.8139704465866089,1.083092361688614,1.0708089917898178,1.0,1.088214933872223,0.7112664580345154,2.58726042509079
current,0.25,"0.00,1.00",4,2.149442434310913,1.823179304599762,1.9332451224327087,1.0,0.9167638719081879,0.7458303719758987,2.850753962993622
current,0.25,"0.25,0.75",4,2.1161603331565857,1.708806037902832,1.9773208498954773,1.0,0.9145070016384125,0.7455137670040131,2.8603426814079285
current,0.25,"0.50,0.50",4,2.075936734676361,1.5670581012964249,1.8397331237792969,1.0,0.91184963285923,0.7452231347560883,2.869465410709381
current,0.25,"0.75,0.25",4,2.0334680378437042,1.4189328849315643,1.5469170808792114,1.0,0.9089723229408264,0.7452967911958694,2.877701997756958
current,0.25,"1.00,0.00",4,1.9928215742111206,1.2803159281611443,1.2736938893795013,1.0,0.9043322652578354,0.7462800294160843,2.8838873505592346
current,0.5,"0.00,1.00",4,2.6310655176639557,2.00956329703331,2.1274157762527466,1.0,0.7118227332830429,0.7922088652849197,3.326625883579254
current,0.5,"0.25,0.75",4,2.5680980682373047,1.8867638260126114,2.1637388467788696,1.0,0.7136829793453217,0.7902754843235016,3.3472265005111694
current,0.5,"0.50,0.50",4,2.4917668998241425,1.7403055727481842,2.0233458280563354,1.0,0.714957982301712,0.7880293726921082,3.366895020008087
current,0.5,"0.75,0.25",4,2.4121229350566864,1.591309204697609,1.7296640276908875,1.0,0.7138251662254333,0.788174569606781,3.3848766088485718
current,0.5,"1.00,0.00",4,2.336901932954788,1.4531727731227875,1.451712280511856,1.0,0.7104550004005432,0.7889704406261444,3.399004101753235
current,1.0,"0.00,1.00",4,3.684844493865967,2.179126098752022,2.311011791229248,1.0,0.48449281603097916,0.8497385531663895,4.331517219543457
current,1.0,"0.25,0.75",4,3.557669758796692,2.0466467142105103,2.339733839035034,1.0,0.49248791486024857,0.8451441377401352,4.372111916542053
current,1.0,"0.50,0.50",4,3.4070560932159424,1.8966615498065948,2.190335273742676,1.0,0.49894118309020996,0.8411413133144379,4.410845756530762
current,1.0,"0.75,0.25",4,3.2524646520614624,1.745417281985283,1.8935271501541138,1.0,0.5009191408753395,0.839041605591774,4.446415066719055
current,1.0,"1.00,0.00",4,3.1089614033699036,1.6125756055116653,1.6085388958454132,1.0,0.5005932301282883,0.8376656770706177,4.475055456161499
current,2.0,"0.00,1.00",4,5.9313050508499146,2.289563775062561,2.4336382150650024,1.0,0.2899598777294159,0.9062939137220383,6.435993671417236
current,2.0,"0.25,0.75",4,5.669396996498108,2.1547427475452423,2.463536500930786,1.0,0.30182695388793945,0.8987917006015778,6.512078762054443
current,2.0,"0.50,0.50",4,5.36793977022171,2.003821983933449,2.3063195943832397,1.0,0.3106718137860298,0.8948591947555542,6.584407806396484
current,2.0,"0.75,0.25",4,5.062451243400574,1.855182722210884,1.9993667006492615,1.0,0.3201785087585449,0.8877138048410416,6.65091347694397
current,2.0,"1.00,0.00",4,4.791101157665253,1.7255374193191528,1.7107907831668854,1.0,0.31973857432603836,0.8854668289422989,6.705533742904663
normalized,0.0,"0.00,1.00",4,1.7428274154663086,0.7528593316674232,0.8250465393066406,0.75,1.2996971309185028,0.6764027327299118,2.406060576438904
normalized,0.0,"0.25,0.75",4,1.7368334233760834,0.6594431325793266,0.8805035352706909,0.75,1.293427050113678,0.6774020493030548,2.403689742088318
normalized,0.0,"0.50,0.50",4,1.7308394014835358,0.5402643084526062,0.7602332234382629,0.75,1.2871569395065308,0.6784013658761978,2.401318907737732
normalized,0.0,"0.75,0.25",4,1.7248454093933105,0.41244739294052124,0.4924625754356384,0.75,1.2808868288993835,0.6794006675481796,2.398948073387146
normalized,0.0,"1.00,0.00",4,1.718851387500763,0.2870497480034828,0.2408362179994583,0.5,1.2746167182922363,0.6803999990224838,2.39657723903656
normalized,0.001,"0.00,1.00",4,1.7435844838619232,0.7612146586179733,0.8336265683174133,0.75,1.2996695637702942,0.6764325201511383,2.405350983142853
normalized,0.001,"0.25,0.75",4,1.7374966740608215,0.6671576797962189,0.888817697763443,0.75,1.2934046983718872,0.6774243712425232,2.4030324816703796
normalized,0.001,"0.50,0.50",4,1.731383055448532,0.547246441245079,0.7692427039146423,0.75,1.2871305048465729,0.6784168630838394,2.4007121920585632
normalized,0.001,"0.75,0.25",4,1.725260853767395,0.4186594486236572,0.500851958990097,0.75,1.2808629274368286,0.6794090270996094,2.3983880281448364
normalized,0.001,"1.00,0.00",4,1.7191412448883057,0.29268084466457367,0.24862615764141083,0.5,1.2745883166790009,0.68040531873703,2.3960551619529724
normalized,0.01,"0.00,1.00",4,1.7507082223892212,0.8164434507489204,0.8908116221427917,0.75,1.299511581659317,0.6766843497753143,2.399061918258667
normalized,0.01,"0.25,0.75",4,1.7437544167041779,0.7185904383659363,0.9437991976737976,0.75,1.2932643592357635,0.6776214241981506,2.3972097039222717
normalized,0.01,"0.50,0.50",4,1.7365393340587616,0.5943048447370529,0.8284008800983429,0.75,1.2869375348091125,0.6785671412944794,2.3953391909599304
normalized,0.01,"0.75,0.25",4,1.7292360067367554,0.46104124933481216,0.5572301745414734,0.75,1.2806776463985443,0.6795105040073395,2.3934313654899597
normalized,0.01,"1.00,0.00",4,1.7219652831554413,0.3317398279905319,0.30237239599227905,0.5,1.2743451297283173,0.6804917007684708,2.3914363980293274
normalized,0.1,"0.00,1.00",4,1.8276537656784058,0.833456002175808,0.9051441252231598,0.75,1.3069226741790771,0.6768291890621185,2.344756782054901
normalized,0.1,"0.25,0.75",4,1.8120568990707397,0.7429002672433853,0.9462940394878387,0.75,1.2992123067378998,0.6775442808866501,2.347069203853607
normalized,0.1,"0.50,0.50",4,1.7939171195030212,0.6291033290326595,0.8456268906593323,0.75,1.291413962841034,0.6783528178930283,2.3492133021354675
normalized,0.1,"0.75,0.25",4,1.7748932242393494,0.5077340602874756,0.605460599064827,0.75,1.2843610644340515,0.6791897714138031,2.351023495197296
normalized,0.1,"1.00,0.00",4,1.756346195936203,0.39099644124507904,0.38815756142139435,0.5,1.2767253518104553,0.6803518533706665,2.3520549535751343
normalized,0.25,"0.00,1.00",4,1.9420468509197235,0.6939896326512098,0.7495811581611633,0.75,1.3297324478626251,0.6748662441968918,2.2806032299995422
normalized,0.25,"0.25,0.75",4,1.914210945367813,0.6204172726720572,0.7794184982776642,0.75,1.3190606832504272,0.6755062788724899,2.2882741689682007
normalized,0.25,"0.50,0.50",4,1.8808488249778748,0.5300523210316896,0.7009402215480804,0.75,1.3090818226337433,0.6761852949857712,2.295572340488434
normalized,0.25,"0.75,0.25",4,1.8458014130592346,0.43604706041514874,0.5113728046417236,0.75,1.3005598485469818,0.6770070940256119,2.302161693572998
normalized,0.25,"1.00,0.00",4,1.8119052648544312,0.3464769087731838,0.3450321778655052,0.5,1.290854275226593,0.6785397380590439,2.3071099519729614
normalized,0.5,"0.00,1.00",4,2.091925024986267,0.5169738009572029,0.5557848215103149,0.75,1.3680486679077148,0.6719263345003128,2.2177507281303406
normalized,0.5,"0.25,0.75",4,2.048242151737213,0.4623090475797653,0.5743481814861298,0.75,1.3532588183879852,0.6722051650285721,2.231484353542328
normalized,0.5,"0.50,0.50",4,1.9958461225032806,0.3982452414929867,0.5195372104644775,0.75,1.3405344784259796,0.6723980605602264,2.2445967197418213
normalized,0.5,"0.75,0.25",4,1.9412592649459839,0.3334001209586859,0.38506684452295303,0.75,1.3306017220020294,0.6734564751386642,2.256584346294403
normalized,0.5,"1.00,0.00",4,1.8888695538043976,0.27245136722922325,0.26595908403396606,0.5,1.3189329504966736,0.6751838624477386,2.266002655029297
normalized,1.0,"0.00,1.00",4,2.2939721047878265,0.3155760820955038,0.33796070516109467,0.75,1.4310328662395477,0.6657853275537491,2.1657586097717285
normalized,1.0,"0.25,0.75",4,2.2288369834423065,0.2819028366357088,0.3464817702770233,0.75,1.4101792573928833,0.6658072024583817,2.1860559582710266
normalized,1.0,"0.50,0.50",4,2.1521546244621277,0.24507170356810093,0.31484130024909973,0.75,1.392952024936676,0.6659318804740906,2.205422878265381
normalized,1.0,"0.75,0.25",4,2.0735510885715485,0.2096369806677103,0.23701807111501694,0.75,1.3811243772506714,0.6662065237760544,2.2232075333595276
normalized,1.0,"1.00,0.00",4,1.9988238513469696,0.17705214954912663,0.16577435657382011,0.5,1.3670420944690704,0.6674888730049133,2.2375277280807495
normalized,2.0,"0.00,1.00",4,2.513273298740387,0.1524380436167121,0.16289083659648895,1.0,1.5154727697372437,0.6566475033760071,2.1453312039375305
normalized,2.0,"0.25,0.75",4,2.4246001839637756,0.13598471693694592,0.16560696065425873,1.0,1.4868218302726746,0.65699502825737,2.1706929206848145
normalized,2.0,"0.50,0.50",4,2.323068618774414,0.11921285185962915,0.15063127875328064,0.75,1.4635383784770966,0.6571931838989258,2.1948026418685913
normalized,2.0,"0.75,0.25",4,2.2213800847530365,0.10420840047299862,0.11493508517742157,0.75,1.4476121664047241,0.6563327610492706,2.2169710397720337
normalized,2.0,"1.00,0.00",4,2.12564218044281,0.09068847540766001,0.08080269210040569,0.5,1.4298121631145477,0.657820001244545,2.2351779341697693
