case_id,sample_id,alpha,fusion,lambda,nll,gradient,entropy,max_probability,logit_std
f60_a0_p00,pku_round0_00058,"1.00,0.00",current,0.0,1.5965590476989746,-0.07774217426776886,1.3259670734405518,0.6929892897605896,2.399925470352173
f60_a0_p00,pku_round0_00058,"1.00,0.00",current,0.001,1.596483826637268,-0.07212737947702408,1.3232438564300537,0.6933673620223999,2.401897430419922
f60_a0_p00,pku_round0_00058,"1.00,0.00",current,0.01,1.5960495471954346,-0.025626499205827713,1.2993687391281128,0.6970604062080383,2.419672727584839
f60_a0_p00,pku_round0_00058,"1.00,0.00",current,0.1,1.6084197759628296,0.2649898827075958,1.103258490562439,0.7281715869903564,2.600191354751587
f60_a0_p00,pku_round0_00058,"1.00,0.00",current,0.25,1.6678763628005981,0.4994869530200958,0.8809503316879272,0.7662044763565063,2.91072154045105
f60_a0_p00,pku_round0_00058,"1.00,0.00",current,0.5,1.8188223838806152,0.683359682559967,0.6574564576148987,0.8073542714118958,3.4481139183044434
f60_a0_p00,pku_round0_00058,"1.00,0.00",current,1.0,2.2016212940216064,0.8211596012115479,0.4419991374015808,0.8497343063354492,4.565434455871582
f60_a0_p00,pku_round0_00058,"1.00,0.00",current,2.0,3.0692999362945557,0.897352397441864,0.28771618008613586,0.8899000883102417,6.868259429931641
f60_a0_p00,pku_round0_00058,"1.00,0.00",normalized,0.0,1.5965590476989746,-0.3483339548110962,1.3259670734405518,0.6929892897605896,2.399925470352173
f60_a0_p00,pku_round0_00058,"1.00,0.00",normalized,0.001,1.5962122678756714,-0.3448893129825592,1.3258253335952759,0.6930078268051147,2.3994975090026855
f60_a0_p00,pku_round0_00058,"1.00,0.00",normalized,0.01,1.5932365655899048,-0.31731563806533813,1.324681282043457,0.6935082674026489,2.3957152366638184
f60_a0_p00,pku_round0_00058,"1.00,0.00",normalized,0.1,1.5720140933990479,-0.18021735548973083,1.3178014755249023,0.6961296200752258,2.3638105392456055
f60_a0_p00,pku_round0_00058,"1.00,0.00",normalized,0.25,1.55185866355896,-0.1011710911989212,1.3151718378067017,0.6972240805625916,2.3285772800445557
f60_a0_p00,pku_round0_00058,"1.00,0.00",normalized,0.5,1.5340152978897095,-0.04967343807220459,1.3212209939956665,0.6966254711151123,2.2987427711486816
f60_a0_p00,pku_round0_00058,"1.00,0.00",normalized,1.0,1.5194122791290283,-0.016125060617923737,1.339700698852539,0.6937825083732605,2.282717227935791
f60_a0_p00,pku_round0_00058,"1.00,0.00",normalized,2.0,1.5123660564422607,-0.002223644405603409,1.3690375089645386,0.6894057989120483,2.2894198894500732
f60_a0_p01,pku_round0_00094,"1.00,0.00",current,0.0,1.7024312019348145,0.26448550820350647,1.103088140487671,0.6806625127792358,2.4534428119659424
f60_a0_p01,pku_round0_00094,"1.00,0.00",current,0.001,1.7026984691619873,0.26975446939468384,1.1012355089187622,0.680959165096283,2.4554080963134766
f60_a0_p01,pku_round0_00094,"1.00,0.00",current,0.01,1.7053146362304688,0.3094789683818817,1.085189938545227,0.6835317015647888,2.4731247425079346
f60_a0_p01,pku_round0_00094,"1.00,0.00",current,0.1,1.7422853708267212,0.4807221591472626,0.9616654515266418,0.7048185467720032,2.653109073638916
f60_a0_p01,pku_round0_00094,"1.00,0.00",current,0.25,1.8254860639572144,0.6166450381278992,0.8229561448097229,0.7330613732337952,2.962902784347534
f60_a0_p01,pku_round0_00094,"1.00,0.00",current,0.5,1.9979313611984253,0.7503383755683899,0.6687306761741638,0.770751416683197,3.4995086193084717
f60_a0_p01,pku_round0_00094,"1.00,0.00",current,1.0,2.408759832382202,0.8716235756874084,0.49064022302627563,0.8190256953239441,4.617407321929932
f60_a0_p01,pku_round0_00094,"1.00,0.00",current,2.0,3.324460983276367,0.9441586136817932,0.3320387005805969,0.8668156266212463,6.928966999053955
f60_a0_p01,pku_round0_00094,"1.00,0.00",normalized,0.0,1.7024312019348145,-0.33485767245292664,1.103088140487671,0.6806625127792358,2.4534428119659424
f60_a0_p01,pku_round0_00094,"1.00,0.00",normalized,0.001,1.7020984888076782,-0.33086493611335754,1.1029959917068481,0.6806561946868896,2.4529547691345215
f60_a0_p01,pku_round0_00094,"1.00,0.00",normalized,0.01,1.6992597579956055,-0.30178534984588623,1.1024707555770874,0.6805387139320374,2.448638439178467
f60_a0_p01,pku_round0_00094,"1.00,0.00",normalized,0.1,1.6778782606124878,-0.19693955779075623,1.109743356704712,0.6776382923126221,2.411917209625244
f60_a0_p01,pku_round0_00094,"1.00,0.00",normalized,0.25,1.6542448997497559,-0.12577182054519653,1.130873680114746,0.6727102994918823,2.3703222274780273
f60_a0_p01,pku_round0_00094,"1.00,0.00",normalized,0.5,1.6311657428741455,-0.06655080616474152,1.163334608078003,0.6665962338447571,2.333005428314209
f60_a0_p01,pku_round0_00094,"1.00,0.00",normalized,1.0,1.6111210584640503,-0.022601231932640076,1.212651252746582,0.6572864651679993,2.308703660964966
f60_a0_p01,pku_round0_00094,"1.00,0.00",normalized,2.0,1.601316213607788,-0.0028536543250083923,1.2764689922332764,0.6454079747200012,2.3096556663513184
f60_a0_p02,pku_round0_00115,"1.00,0.00",current,0.0,1.8027260303497314,1.084818959236145,1.5344369411468506,0.6483253240585327,2.33577561378479
f60_a0_p02,pku_round0_00115,"1.00,0.00",current,0.001,1.803818702697754,1.1006278991699219,1.5317015647888184,0.648732602596283,2.337594747543335
f60_a0_p02,pku_round0_00115,"1.00,0.00",current,0.01,1.8142892122268677,1.2197511196136475,1.506888747215271,0.6523063778877258,2.353996515274048
f60_a0_p02,pku_round0_00115,"1.00,0.00",current,0.1,1.9486432075500488,1.660895824432373,1.288188099861145,0.6872879862785339,2.5205321311950684
f60_a0_p02,pku_round0_00115,"1.00,0.00",current,0.25,2.2204015254974365,1.9307427406311035,1.0457483530044556,0.7317232489585876,2.8067400455474854
f60_a0_p02,pku_round0_00115,"1.00,0.00",current,0.5,2.734243869781494,2.1530861854553223,0.8019248247146606,0.7841122150421143,3.301260232925415
f60_a0_p02,pku_round0_00115,"1.00,0.00",current,1.0,3.86649751663208,2.345454216003418,0.5404261350631714,0.84767085313797,4.329068660736084
f60_a0_p02,pku_round0_00115,"1.00,0.00",current,2.0,6.290341854095459,2.4774229526519775,0.3125699460506439,0.9046194553375244,6.452629566192627
f60_a0_p02,pku_round0_00115,"1.00,0.00",normalized,0.0,1.8027260303497314,0.8165301084518433,1.5344369411468506,0.6483253240585327,2.33577561378479
f60_a0_p02,pku_round0_00115,"1.00,0.00",normalized,0.001,1.8035483360290527,0.8281172513961792,1.5346101522445679,0.6483320593833923,2.3352596759796143
f60_a0_p02,pku_round0_00115,"1.00,0.00",normalized,0.01,1.811385989189148,0.9065301418304443,1.5353354215621948,0.6483699679374695,2.3306894302368164
f60_a0_p02,pku_round0_00115,"1.00,0.00",normalized,0.1,1.8990845680236816,0.9565324783325195,1.5254172086715698,0.6522113084793091,2.2913928031921387
f60_a0_p02,pku_round0_00115,"1.00,0.00",normalized,0.25,2.030022144317627,0.7912354469299316,1.5168650150299072,0.656000554561615,2.245392084121704
f60_a0_p02,pku_round0_00115,"1.00,0.00",normalized,0.5,2.199800729751587,0.5815916061401367,1.516126036643982,0.6587769389152527,2.2008402347564697
f60_a0_p02,pku_round0_00115,"1.00,0.00",normalized,1.0,2.4247899055480957,0.34767377376556396,1.5265558958053589,0.659467339515686,2.164534330368042
f60_a0_p02,pku_round0_00115,"1.00,0.00",normalized,2.0,2.6634554862976074,0.1638290286064148,1.5508629083633423,0.6569220423698425,2.150876760482788
f60_a0_p03,pku_round0_00123,"1.00,0.00",current,0.0,1.7736892700195312,1.65357506275177,1.134974718093872,0.6996228694915771,2.397165060043335
f60_a0_p03,pku_round0_00123,"1.00,0.00",current,0.001,1.7753467559814453,1.6610041856765747,1.1331268548965454,0.6999520659446716,2.3989055156707764
f60_a0_p03,pku_round0_00123,"1.00,0.00",current,0.01,1.790558934211731,1.7161940336227417,1.1172431707382202,0.702778697013855,2.414609432220459
f60_a0_p03,pku_round0_00123,"1.00,0.00",current,0.1,1.956533432006836,1.9257615804672241,0.9997476935386658,0.724787712097168,2.575209140777588
f60_a0_p03,pku_round0_00123,"1.00,0.00",current,0.25,2.2575223445892334,2.0743889808654785,0.8676742315292358,0.754131019115448,2.855185031890869
f60_a0_p03,pku_round0_00123,"1.00,0.00",current,0.5,2.796610116958618,2.2259068489074707,0.7137080430984497,0.7936638593673706,3.3471336364746094
f60_a0_p03,pku_round0_00123,"1.00,0.00",current,1.0,3.9589669704437256,2.412065029144287,0.5293074250221252,0.8342318534851074,4.388311386108398
f60_a0_p03,pku_round0_00123,"1.00,0.00",current,2.0,6.480301856994629,2.5832157135009766,0.34662947058677673,0.8805321455001831,6.57227897644043
f60_a0_p03,pku_round0_00123,"1.00,0.00",normalized,0.0,1.7736892700195312,1.0148605108261108,1.134974718093872,0.6996228694915771,2.397165060043335
f60_a0_p03,pku_round0_00123,"1.00,0.00",normalized,0.001,1.7747058868408203,1.0183603763580322,1.1349217891693115,0.6996251940727234,2.3965086936950684
f60_a0_p03,pku_round0_00123,"1.00,0.00",normalized,0.01,1.783978819847107,1.0395301580429077,1.1348930597305298,0.6995498538017273,2.390702486038208
f60_a0_p03,pku_round0_00123,"1.00,0.00",normalized,0.1,1.8764078617095947,0.9846101999282837,1.1539393663406372,0.695428192615509,2.341099262237549
f60_a0_p03,pku_round0_00123,"1.00,0.00",normalized,0.25,2.011495351791382,0.8216150999069214,1.200506567955017,0.6882240176200867,2.2841482162475586
f60_a0_p03,pku_round0_00123,"1.00,0.00",normalized,0.5,2.1904964447021484,0.6244381070137024,1.275050163269043,0.6787368059158325,2.231422185897827
f60_a0_p03,pku_round0_00123,"1.00,0.00",normalized,1.0,2.439972162246704,0.39926111698150635,1.3892605304718018,0.6594191789627075,2.194155693054199
f60_a0_p03,pku_round0_00123,"1.00,0.00",normalized,2.0,2.725430965423584,0.20400217175483704,1.5228792428970337,0.6395441889762878,2.1907594203948975
f60_a1_p00,pku_round0_00058,"0.75,0.25",current,0.0,1.5965590476989746,-0.09434063732624054,1.3259670734405518,0.6929892897605896,2.399925470352173
f60_a1_p00,pku_round0_00058,"0.75,0.25",current,0.001,1.5964676141738892,-0.08808954805135727,1.3232784271240234,0.6933720111846924,2.4018797874450684
f60_a1_p00,pku_round0_00058,"0.75,0.25",current,0.01,1.5959135293960571,-0.03639844059944153,1.2996641397476196,0.6971043944358826,2.4195010662078857
f60_a1_p00,pku_round0_00058,"0.75,0.25",current,0.1,1.6083958148956299,0.2703625559806824,1.1034992933273315,0.7283822298049927,2.598510503768921
f60_a1_p00,pku_round0_00058,"0.75,0.25",current,0.25,1.6684564352035522,0.5026875734329224,0.880751371383667,0.7666113972663879,2.9066624641418457
f60_a1_p00,pku_round0_00058,"0.75,0.25",current,0.5,1.8202823400497437,0.6873113512992859,0.6562601327896118,0.8082446455955505,3.4404351711273193
f60_a1_p00,pku_round0_00058,"0.75,0.25",current,1.0,2.2052855491638184,0.8258165717124939,0.44023916125297546,0.8506318926811218,4.551331520080566
f60_a1_p00,pku_round0_00058,"0.75,0.25",current,2.0,3.0776844024658203,0.9020435214042664,0.28656288981437683,0.8916295766830444,6.842684745788574
f60_a1_p00,pku_round0_00058,"0.75,0.25",normalized,0.0,1.5965590476989746,-0.36493241786956787,1.3259670734405518,0.6929892897605896,2.399925470352173
f60_a1_p00,pku_round0_00058,"0.75,0.25",normalized,0.001,1.5961958169937134,-0.36075061559677124,1.3258600234985352,0.6930124163627625,2.3994803428649902
f60_a1_p00,pku_round0_00058,"0.75,0.25",normalized,0.01,1.5931049585342407,-0.3273129165172577,1.324981689453125,0.6935499906539917,2.395545721054077
f60_a1_p00,pku_round0_00058,"0.75,0.25",normalized,0.1,1.5720423460006714,-0.17495420575141907,1.3186702728271484,0.6962327361106873,2.3622820377349854
f60_a1_p00,pku_round0_00058,"0.75,0.25",normalized,0.25,1.5524632930755615,-0.09848017245531082,1.316991925239563,0.697268545627594,2.3253302574157715
f60_a1_p00,pku_round0_00058,"0.75,0.25",normalized,0.5,1.5351231098175049,-0.04805850237607956,1.3241294622421265,0.6966933012008667,2.293623447418213
f60_a1_p00,pku_round0_00058,"0.75,0.25",normalized,1.0,1.521156668663025,-0.015098519623279572,1.3435550928115845,0.6936703324317932,2.275665760040283
f60_a1_p00,pku_round0_00058,"0.75,0.25",normalized,2.0,1.5148597955703735,-0.0016797557473182678,1.3735653162002563,0.6896252632141113,2.2808945178985596
f60_a1_p01,pku_round0_00094,"0.75,0.25",current,0.0,1.7264072895050049,0.7839980125427246,1.1281685829162598,0.676665186882019,2.462926149368286
f60_a1_p01,pku_round0_00094,"0.75,0.25",current,0.001,1.727195143699646,0.7914499640464783,1.1262531280517578,0.6769853234291077,2.464837074279785
f60_a1_p01,pku_round0_00094,"0.75,0.25",current,0.01,1.7345771789550781,0.845369815826416,1.109654426574707,0.6797367930412292,2.482067823410034
f60_a1_p01,pku_round0_00094,"0.75,0.25",current,0.1,1.821205973625183,1.0377142429351807,0.9834626913070679,0.7018381357192993,2.6572275161743164
f60_a1_p01,pku_round0_00094,"0.75,0.25",current,0.25,1.9884719848632812,1.1801860332489014,0.842647910118103,0.7305859327316284,2.9590988159179688
f60_a1_p01,pku_round0_00094,"0.75,0.25",current,0.5,2.3029844760894775,1.3232468366622925,0.6857476234436035,0.7680541276931763,3.4827916622161865
f60_a1_p01,pku_round0_00094,"0.75,0.25",current,1.0,3.0044727325439453,1.459876298904419,0.5015532970428467,0.8180134892463684,4.576324462890625
f60_a1_p01,pku_round0_00094,"0.75,0.25",current,2.0,4.514787673950195,1.5428496599197388,0.336828351020813,0.8677855134010315,6.843815803527832
f60_a1_p01,pku_round0_00094,"0.75,0.25",normalized,0.0,1.7264072895050049,0.18575918674468994,1.1281685829162598,0.676665186882019,2.462926149368286
f60_a1_p01,pku_round0_00094,"0.75,0.25",normalized,0.001,1.7265956401824951,0.19086074829101562,1.128108024597168,0.6766713857650757,2.462374687194824
f60_a1_p01,pku_round0_00094,"0.75,0.25",normalized,0.01,1.7284791469573975,0.22443854808807373,1.1278774738311768,0.6766359210014343,2.4574923515319824
f60_a1_p01,pku_round0_00094,"0.75,0.25",normalized,0.1,1.7519904375076294,0.2675609886646271,1.1403412818908691,0.6736063361167908,2.415660858154297
f60_a1_p01,pku_round0_00094,"0.75,0.25",normalized,0.25,1.7904012203216553,0.24242174625396729,1.1706113815307617,0.667775571346283,2.367279052734375
f60_a1_p01,pku_round0_00094,"0.75,0.25",normalized,0.5,1.8451335430145264,0.19661201536655426,1.2150284051895142,0.6600179076194763,2.3218610286712646
f60_a1_p01,pku_round0_00094,"0.75,0.25",normalized,1.0,1.9256718158721924,0.1312190145254135,1.2799068689346313,0.6495543122291565,2.2881622314453125
f60_a1_p01,pku_round0_00094,"0.75,0.25",normalized,2.0,2.0205390453338623,0.0684167742729187,1.3604371547698975,0.6368261575698853,2.2812721729278564
f60_a1_p02,pku_round0_00115,"0.75,0.25",current,0.0,1.8027260303497314,1.0674548149108887,1.5344369411468506,0.6483253240585327,2.33577561378479
f60_a1_p02,pku_round0_00115,"0.75,0.25",current,0.001,1.803801417350769,1.0833368301391602,1.5316925048828125,0.6487343907356262,2.337548017501831
f60_a1_p02,pku_round0_00115,"0.75,0.25",current,0.01,1.8141188621520996,1.2029722929000854,1.5068351030349731,0.6523196697235107,2.353527545928955
f60_a1_p02,pku_round0_00115,"0.75,0.25",current,0.1,1.946990966796875,1.6441454887390137,1.2883063554763794,0.6872490644454956,2.5159835815429688
f60_a1_p02,pku_round0_00115,"0.75,0.25",current,0.25,2.216195583343506,1.9136481285095215,1.0452346801757812,0.7315860986709595,2.795891284942627
f60_a1_p02,pku_round0_00115,"0.75,0.25",current,0.5,2.725782632827759,2.1360812187194824,0.8002802729606628,0.7837935090065002,3.2810168266296387
f60_a1_p02,pku_round0_00115,"0.75,0.25",current,1.0,3.849278688430786,2.3271780014038086,0.5389978885650635,0.846514880657196,4.292730331420898
f60_a1_p02,pku_round0_00115,"0.75,0.25",current,2.0,6.253107070922852,2.455883741378784,0.3156473934650421,0.9029173254966736,6.389232635498047
f60_a1_p02,pku_round0_00115,"0.75,0.25",normalized,0.0,1.8027260303497314,0.7991659641265869,1.5344369411468506,0.6483253240585327,2.33577561378479
f60_a1_p02,pku_round0_00115,"0.75,0.25",normalized,0.001,1.8035309314727783,0.8108431696891785,1.5346013307571411,0.6483339667320251,2.335212469100952
f60_a1_p02,pku_round0_00115,"0.75,0.25",normalized,0.01,1.8112167119979858,0.890021800994873,1.5352883338928223,0.6483830213546753,2.3302252292633057
f60_a1_p02,pku_round0_00115,"0.75,0.25",normalized,0.1,1.8976190090179443,0.9433602094650269,1.52615487575531,0.652144193649292,2.287257671356201
f60_a1_p02,pku_round0_00115,"0.75,0.25",normalized,0.25,2.0267577171325684,0.78032386302948,1.5187468528747559,0.655803918838501,2.236713171005249
f60_a1_p02,pku_round0_00115,"0.75,0.25",normalized,0.5,2.194185972213745,0.5735216736793518,1.5190424919128418,0.6584795713424683,2.187344551086426
f60_a1_p02,pku_round0_00115,"0.75,0.25",normalized,1.0,2.4160449504852295,0.34281712770462036,1.5303534269332886,0.6590513586997986,2.146365165710449
f60_a1_p02,pku_round0_00115,"0.75,0.25",normalized,2.0,2.6513290405273438,0.16145339608192444,1.55491042137146,0.6565269231796265,2.129743814468384
f60_a1_p03,pku_round0_00123,"0.75,0.25",current,0.0,1.7736892700195312,1.6685113906860352,1.134974718093872,0.6996228694915771,2.397165060043335
f60_a1_p03,pku_round0_00123,"0.75,0.25",current,0.001,1.7753618955612183,1.6764363050460815,1.1330875158309937,0.6999452710151672,2.398881435394287
f60_a1_p03,pku_round0_00123,"0.75,0.25",current,0.01,1.790727972984314,1.7345958948135376,1.1169283390045166,0.7026987075805664,2.4143669605255127
f60_a1_p03,pku_round0_00123,"0.75,0.25",current,0.1,1.9583189487457275,1.9405983686447144,0.9989830255508423,0.723972499370575,2.5727829933166504
f60_a1_p03,pku_round0_00123,"0.75,0.25",current,0.25,2.2607481479644775,2.079209804534912,0.8672553300857544,0.752403736114502,2.8491554260253906
f60_a1_p03,pku_round0_00123,"0.75,0.25",current,0.5,2.7994422912597656,2.218597412109375,0.7130126357078552,0.792605996131897,3.3352627754211426
f60_a1_p03,pku_round0_00123,"0.75,0.25",current,1.0,3.9508216381073,2.36879825592041,0.5228862166404724,0.8410061597824097,4.365273952484131
f60_a1_p03,pku_round0_00123,"0.75,0.25",current,2.0,6.404225826263428,2.519953966140747,0.34167540073394775,0.8885228037834167,6.527920722961426
f60_a1_p03,pku_round0_00123,"0.75,0.25",normalized,0.0,1.7736892700195312,1.029796838760376,1.134974718093872,0.6996228694915771,2.397165060043335
f60_a1_p03,pku_round0_00123,"0.75,0.25",normalized,0.001,1.7747210264205933,1.033684492111206,1.1348823308944702,0.6996183395385742,2.396484613418579
f60_a1_p03,pku_round0_00123,"0.75,0.25",normalized,0.01,1.7841432094573975,1.0570175647735596,1.1345630884170532,0.6994730830192566,2.3904621601104736
f60_a1_p03,pku_round0_00123,"0.75,0.25",normalized,0.1,1.8779211044311523,0.9949692487716675,1.1522778272628784,0.6947758197784424,2.338893413543701
f60_a1_p03,pku_round0_00123,"0.75,0.25",normalized,0.25,2.0135834217071533,0.8199228048324585,1.1958892345428467,0.6871803402900696,2.2793242931365967
f60_a1_p03,pku_round0_00123,"0.75,0.25",normalized,0.5,2.190594434738159,0.611525297164917,1.2642065286636353,0.6786351203918457,2.223508358001709
f60_a1_p03,pku_round0_00123,"0.75,0.25",normalized,1.0,2.431330919265747,0.3796103000640869,1.3706821203231812,0.6625500917434692,2.1826369762420654
f60_a1_p03,pku_round0_00123,"0.75,0.25",normalized,2.0,2.6987924575805664,0.1886431872844696,1.5015357732772827,0.6423527002334595,2.175973653793335
f60_a2_p00,pku_round0_00058,"0.50,0.50",current,0.0,1.5965590476989746,-0.11813601106405258,1.3259670734405518,0.6929892897605896,2.399925470352173
f60_a2_p00,pku_round0_00058,"0.50,0.50",current,0.001,1.5964446067810059,-0.11069357395172119,1.3233331441879272,0.6933751106262207,2.4018595218658447
f60_a2_p00,pku_round0_00058,"0.50,0.50",current,0.01,1.595730185508728,-0.049860186874866486,1.3001042604446411,0.6971297264099121,2.4192967414855957
f60_a2_p00,pku_round0_00058,"0.50,0.50",current,0.1,1.608161211013794,0.2706254720687866,1.1046353578567505,0.7283340692520142,2.5964853763580322
f60_a2_p00,pku_round0_00058,"0.50,0.50",current,0.25,1.6678848266601562,0.4994683861732483,0.8820837140083313,0.7666022777557373,2.9016764163970947
f60_a2_p00,pku_round0_00058,"0.50,0.50",current,0.5,1.8189934492111206,0.6849857568740845,0.6562075018882751,0.8086189031600952,3.430699110031128
f60_a2_p00,pku_round0_00058,"0.50,0.50",current,1.0,2.203251600265503,0.8248406648635864,0.4385617971420288,0.8534195423126221,4.532695293426514
f60_a2_p00,pku_round0_00058,"0.50,0.50",current,2.0,3.0747625827789307,0.901027262210846,0.2855153977870941,0.8946579694747925,6.807671546936035
f60_a2_p00,pku_round0_00058,"0.50,0.50",normalized,0.0,1.5965590476989746,-0.3887277841567993,1.3259670734405518,0.6929892897605896,2.399925470352173
f60_a2_p00,pku_round0_00058,"0.50,0.50",normalized,0.001,1.59617280960083,-0.38320058584213257,1.3259148597717285,0.6930155158042908,2.3994600772857666
f60_a2_p00,pku_round0_00058,"0.50,0.50",normalized,0.01,1.5929279327392578,-0.33968794345855713,1.3254315853118896,0.6935724020004272,2.39534330368042
f60_a2_p00,pku_round0_00058,"0.50,0.50",normalized,0.1,1.571964979171753,-0.17225129902362823,1.3205479383468628,0.6960874199867249,2.360441207885742
f60_a2_p00,pku_round0_00058,"0.50,0.50",normalized,0.25,1.5525500774383545,-0.09811948984861374,1.3213176727294922,0.6968417167663574,2.3213412761688232
f60_a2_p00,pku_round0_00058,"0.50,0.50",normalized,0.5,1.5352681875228882,-0.047827497124671936,1.3311821222305298,0.6959855556488037,2.287132501602173
f60_a2_p00,pku_round0_00058,"0.50,0.50",normalized,1.0,1.5214672088623047,-0.014689885079860687,1.3537653684616089,0.6933833956718445,2.266347646713257
f60_a2_p00,pku_round0_00058,"0.50,0.50",normalized,2.0,1.5155994892120361,-0.001275237649679184,1.3868680000305176,0.6888782382011414,2.269223928451538
f60_a2_p01,pku_round0_00094,"0.50,0.50",current,0.0,1.7503832578659058,1.3230705261230469,1.1532490253448486,0.6726679801940918,2.47240948677063
f60_a2_p01,pku_round0_00094,"0.50,0.50",current,0.001,1.751711368560791,1.3328365087509155,1.1512510776519775,0.6730146408081055,2.474247694015503
f60_a2_p01,pku_round0_00094,"0.50,0.50",current,0.01,1.7640409469604492,1.4019503593444824,1.1339417695999146,0.6759717464447021,2.4908225536346436
f60_a2_p01,pku_round0_00094,"0.50,0.50",current,0.1,1.9023525714874268,1.6180015802383423,1.0040584802627563,0.6992455720901489,2.6595067977905273
f60_a2_p01,pku_round0_00094,"0.50,0.50",current,0.25,2.1571643352508545,1.7659777402877808,0.8603014349937439,0.7291642427444458,2.9508447647094727
f60_a2_p01,pku_round0_00094,"0.50,0.50",current,0.5,2.6181442737579346,1.9081566333770752,0.7039182186126709,0.7641184329986572,3.45760440826416
f60_a2_p01,pku_round0_00094,"0.50,0.50",current,1.0,3.6127302646636963,2.051210403442383,0.5223389863967896,0.8112283945083618,4.519716262817383
f60_a2_p01,pku_round0_00094,"0.50,0.50",current,2.0,5.729052543640137,2.159844398498535,0.3383597135543823,0.8699972629547119,6.731276035308838
f60_a2_p01,pku_round0_00094,"0.50,0.50",normalized,0.0,1.7503832578659058,0.7259361743927002,1.1532490253448486,0.6726679801940918,2.47240948677063
f60_a2_p01,pku_round0_00094,"0.50,0.50",normalized,0.001,1.751112461090088,0.7321985363960266,1.1532000303268433,0.6726901531219482,2.471775770187378
f60_a2_p01,pku_round0_00094,"0.50,0.50",normalized,0.01,1.7578964233398438,0.7706196904182434,1.1531059741973877,0.6727634072303772,2.466160774230957
f60_a2_p01,pku_round0_00094,"0.50,0.50",normalized,0.1,1.8280161619186401,0.7494558095932007,1.1697416305541992,0.6699254512786865,2.4177334308624268
f60_a2_p01,pku_round0_00094,"0.50,0.50",normalized,0.25,1.9306564331054688,0.6226112246513367,1.2078795433044434,0.663657009601593,2.360675811767578
f60_a2_p01,pku_round0_00094,"0.50,0.50",normalized,0.5,2.0654022693634033,0.46600937843322754,1.2637152671813965,0.6534518003463745,2.3050696849823
f60_a2_p01,pku_round0_00094,"0.50,0.50",normalized,1.0,2.2483108043670654,0.2869180142879486,1.3455052375793457,0.6404258012771606,2.2598581314086914
f60_a2_p01,pku_round0_00094,"0.50,0.50",normalized,2.0,2.4485814571380615,0.13980409502983093,1.4448139667510986,0.6279611587524414,2.2437586784362793
f60_a2_p02,pku_round0_00115,"0.50,0.50",current,0.0,1.8027260303497314,1.0628191232681274,1.5344369411468506,0.6483253240585327,2.33577561378479
f60_a2_p02,pku_round0_00115,"0.50,0.50",current,0.001,1.8037968873977661,1.0787922143936157,1.531681776046753,0.6487385034561157,2.3374972343444824
f60_a2_p02,pku_round0_00115,"0.50,0.50",current,0.01,1.8140767812728882,1.199123740196228,1.5067709684371948,0.6523545384407043,2.3530211448669434
f60_a2_p02,pku_round0_00115,"0.50,0.50",current,0.1,1.9467004537582397,1.641814947128296,1.2880969047546387,0.6873963475227356,2.5110936164855957
f60_a2_p02,pku_round0_00115,"0.50,0.50",current,0.25,2.2157092094421387,1.913488507270813,1.0431567430496216,0.7319624423980713,2.7843210697174072
f60_a2_p02,pku_round0_00115,"0.50,0.50",current,0.5,2.725633144378662,2.1385350227355957,0.7951517701148987,0.7847405076026917,3.2596755027770996
f60_a2_p02,pku_round0_00115,"0.50,0.50",current,1.0,3.8505091667175293,2.3294601440429688,0.5321757793426514,0.8469181060791016,4.255157947540283
f60_a2_p02,pku_round0_00115,"0.50,0.50",current,2.0,6.254060745239258,2.4527947902679443,0.3153858482837677,0.9003883004188538,6.325526714324951
f60_a2_p02,pku_round0_00115,"0.50,0.50",normalized,0.0,1.8027260303497314,0.7945302724838257,1.5344369411468506,0.6483253240585327,2.33577561378479
f60_a2_p02,pku_round0_00115,"0.50,0.50",normalized,0.001,1.8035261631011963,0.8062868714332581,1.534590721130371,0.6483380198478699,2.3351619243621826
f60_a2_p02,pku_round0_00115,"0.50,0.50",normalized,0.01,1.8111745119094849,0.8861820697784424,1.5352362394332886,0.6484168171882629,2.329724073410034
f60_a2_p02,pku_round0_00115,"0.50,0.50",normalized,0.1,1.897381067276001,0.9417979717254639,1.5269973278045654,0.6522026658058167,2.2828121185302734
f60_a2_p02,pku_round0_00115,"0.50,0.50",normalized,0.25,2.0263242721557617,0.7792692184448242,1.5208500623703003,0.6558892130851746,2.22745680809021
f60_a2_p02,pku_round0_00115,"0.50,0.50",normalized,0.5,2.1935718059539795,0.5730650424957275,1.5225861072540283,0.6587116718292236,2.17311692237854
f60_a2_p02,pku_round0_00115,"0.50,0.50",normalized,1.0,2.415330648422241,0.34276458621025085,1.5359197854995728,0.6590659618377686,2.1275789737701416
f60_a2_p02,pku_round0_00115,"0.50,0.50",normalized,2.0,2.6506149768829346,0.16145846247673035,1.5627983808517456,0.6562085151672363,2.108508825302124
f60_a2_p03,pku_round0_00123,"0.50,0.50",current,0.0,1.7736892700195312,1.6680331230163574,1.134974718093872,0.6996228694915771,2.397165060043335
f60_a2_p03,pku_round0_00123,"0.50,0.50",current,0.001,1.7753617763519287,1.6765838861465454,1.133021593093872,0.6999505758285522,2.3988475799560547
f60_a2_p03,pku_round0_00123,"0.50,0.50",current,0.01,1.7907493114471436,1.7388144731521606,1.116355538368225,0.7027393579483032,2.414030075073242
f60_a2_p03,pku_round0_00123,"0.50,0.50",current,0.1,1.9590911865234375,1.949952483177185,0.995940625667572,0.7242944240570068,2.569453001022339
f60_a2_p03,pku_round0_00123,"0.50,0.50",current,0.25,2.262988567352295,2.0892977714538574,0.8618566393852234,0.7531635761260986,2.84101939201355
f60_a2_p03,pku_round0_00123,"0.50,0.50",current,0.5,2.8042967319488525,2.2295448780059814,0.7045544385910034,0.7946396470069885,3.319601058959961
f60_a2_p03,pku_round0_00123,"0.50,0.50",current,1.0,3.961733341217041,2.3811349868774414,0.5026881694793701,0.852999210357666,4.335813522338867
f60_a2_p03,pku_round0_00123,"0.50,0.50",current,2.0,6.413883209228516,2.5016214847564697,0.3034262955188751,0.9143932461738586,6.473156929016113
f60_a2_p03,pku_round0_00123,"0.50,0.50",normalized,0.0,1.7736892700195312,1.0293185710906982,1.134974718093872,0.6996228694915771,2.397165060043335
f60_a2_p03,pku_round0_00123,"0.50,0.50",normalized,0.001,1.7747207880020142,1.033700942993164,1.1348164081573486,0.6996237635612488,2.396450996398926
f60_a2_p03,pku_round0_00123,"0.50,0.50",normalized,0.01,1.78415846824646,1.060105562210083,1.1339763402938843,0.6995159387588501,2.3901286125183105
f60_a2_p03,pku_round0_00123,"0.50,0.50",normalized,0.1,1.878306269645691,0.9974108338356018,1.1483689546585083,0.695195734500885,2.3358664512634277
f60_a2_p03,pku_round0_00123,"0.50,0.50",normalized,0.25,2.013864517211914,0.8164483308792114,1.1862800121307373,0.6883532404899597,2.272815465927124
f60_a2_p03,pku_round0_00123,"0.50,0.50",normalized,0.5,2.1891422271728516,0.6017340421676636,1.2446544170379639,0.6814432144165039,2.2130677700042725
f60_a2_p03,pku_round0_00123,"0.50,0.50",normalized,1.0,2.4235098361968994,0.36529409885406494,1.3366177082061768,0.6708523631095886,2.1679067611694336
f60_a2_p03,pku_round0_00123,"0.50,0.50",normalized,2.0,2.677478551864624,0.17686408758163452,1.4596731662750244,0.655724823474884,2.157719135284424
f60_a3_p00,pku_round0_00058,"0.25,0.75",current,0.0,1.5965590476989746,-0.1282360553741455,1.3259670734405518,0.6929892897605896,2.399925470352173
f60_a3_p00,pku_round0_00058,"0.25,0.75",current,0.001,1.5964349508285522,-0.1196584552526474,1.3233895301818848,0.6933736205101013,2.4018378257751465
f60_a3_p00,pku_round0_00058,"0.25,0.75",current,0.01,1.5956782102584839,-0.05099133402109146,1.3005659580230713,0.6971091032028198,2.419077157974243
f60_a3_p00,pku_round0_00058,"0.25,0.75",current,0.1,1.608464002609253,0.27245378494262695,1.1069401502609253,0.7279903888702393,2.5942909717559814
f60_a3_p00,pku_round0_00058,"0.25,0.75",current,0.25,1.6681034564971924,0.4977351427078247,0.8850920796394348,0.7660254836082458,2.8961899280548096
f60_a3_p00,pku_round0_00058,"0.25,0.75",current,0.5,1.8187918663024902,0.6837871670722961,0.6575891375541687,0.8089244961738586,3.419734239578247
f60_a3_p00,pku_round0_00058,"0.25,0.75",current,1.0,2.203063726425171,0.8257801532745361,0.4366402328014374,0.8553090691566467,4.511053562164307
f60_a3_p00,pku_round0_00058,"0.25,0.75",current,2.0,3.0759482383728027,0.9023987054824829,0.2823844254016876,0.8981136679649353,6.7657976150512695
f60_a3_p00,pku_round0_00058,"0.25,0.75",normalized,0.0,1.5965590476989746,-0.39882782101631165,1.3259670734405518,0.6929892897605896,2.399925470352173
f60_a3_p00,pku_round0_00058,"0.25,0.75",normalized,0.001,1.5961633920669556,-0.3920357823371887,1.3259711265563965,0.6930139064788818,2.3994381427764893
f60_a3_p00,pku_round0_00058,"0.25,0.75",normalized,0.01,1.5928810834884644,-0.33992063999176025,1.3259068727493286,0.693549394607544,2.3951256275177
f60_a3_p00,pku_round0_00058,"0.25,0.75",normalized,0.1,1.572493076324463,-0.16651451587677002,1.3238322734832764,0.6956362128257751,2.3584461212158203
f60_a3_p00,pku_round0_00058,"0.25,0.75",normalized,0.25,1.553733468055725,-0.09454337507486343,1.3286794424057007,0.695759654045105,2.3169519901275635
f60_a3_p00,pku_round0_00058,"0.25,0.75",normalized,0.5,1.537212610244751,-0.045145511627197266,1.343472957611084,0.694534420967102,2.279822826385498
f60_a3_p00,pku_round0_00058,"0.25,0.75",normalized,1.0,1.5245705842971802,-0.012652330100536346,1.3724620342254639,0.6912947297096252,2.2555267810821533
f60_a3_p00,pku_round0_00058,"0.25,0.75",normalized,2.0,1.5203521251678467,4.848092794418335e-05,1.4125951528549194,0.6859219074249268,2.255265712738037
f60_a3_p01,pku_round0_00094,"0.25,0.75",current,0.0,1.7743593454360962,1.8716232776641846,1.1783294677734375,0.6686707139015198,2.4818928241729736
f60_a3_p01,pku_round0_00094,"0.25,0.75",current,0.001,1.7762371301651,1.8837412595748901,1.1762464046478271,0.6690428853034973,2.483644962310791
f60_a3_p01,pku_round0_00094,"0.25,0.75",current,0.01,1.7936022281646729,1.968650460243225,1.1582084894180298,0.6721951961517334,2.499445915222168
f60_a3_p01,pku_round0_00094,"0.25,0.75",current,0.1,1.9848964214324951,2.21701979637146,1.0240120887756348,0.6966735124588013,2.660529136657715
f60_a3_p01,pku_round0_00094,"0.25,0.75",current,0.25,2.3310413360595703,2.382847309112549,0.8744512796401978,0.7282440662384033,2.9396867752075195
f60_a3_p01,pku_round0_00094,"0.25,0.75",current,0.5,2.94791316986084,2.53579044342041,0.7110404372215271,0.7671705484390259,3.427262544631958
f60_a3_p01,pku_round0_00094,"0.25,0.75",current,1.0,4.257302284240723,2.6813390254974365,0.52291339635849,0.8172162771224976,4.454329490661621
f60_a3_p01,pku_round0_00094,"0.25,0.75",current,2.0,7.003208160400391,2.789499282836914,0.33833566308021545,0.8678381443023682,6.604004859924316
f60_a3_p01,pku_round0_00094,"0.25,0.75",normalized,0.0,1.7743593454360962,1.2755932807922363,1.1783294677734375,0.6686707139015198,2.4818928241729736
f60_a3_p01,pku_round0_00094,"0.25,0.75",normalized,0.001,1.7756386995315552,1.2830311059951782,1.178289771080017,0.6687077879905701,2.481163501739502
f60_a3_p01,pku_round0_00094,"0.25,0.75",normalized,0.01,1.7874102592468262,1.3266839981079102,1.178313970565796,0.6688799858093262,2.474698781967163
f60_a3_p01,pku_round0_00094,"0.25,0.75",normalized,0.1,1.905252456665039,1.2455275058746338,1.1985015869140625,0.6663215756416321,2.4186625480651855
f60_a3_p01,pku_round0_00094,"0.25,0.75",normalized,0.25,2.074350595474243,1.0173754692077637,1.2419133186340332,0.6602862477302551,2.3517494201660156
f60_a3_p01,pku_round0_00094,"0.25,0.75",normalized,0.5,2.2922298908233643,0.745685338973999,1.3052000999450684,0.6510635018348694,2.284841775894165
f60_a3_p01,pku_round0_00094,"0.25,0.75",normalized,1.0,2.5810389518737793,0.44730013608932495,1.4011582136154175,0.6377756595611572,2.2271647453308105
f60_a3_p01,pku_round0_00094,"0.25,0.75",normalized,2.0,2.8893747329711914,0.21267646551132202,1.521019697189331,0.6222148537635803,2.2013351917266846
f60_a3_p02,pku_round0_00115,"0.25,0.75",current,0.0,1.8027260303497314,1.0443203449249268,1.5344369411468506,0.6483253240585327,2.33577561378479
f60_a3_p02,pku_round0_00115,"0.25,0.75",current,0.001,1.8037782907485962,1.0602284669876099,1.5316866636276245,0.6487401127815247,2.3374440670013428
f60_a3_p02,pku_round0_00115,"0.25,0.75",current,0.01,1.8138891458511353,1.1801795959472656,1.50685715675354,0.6523669958114624,2.3524904251098633
f60_a3_p02,pku_round0_00115,"0.25,0.75",current,0.1,1.9447606801986694,1.6220918893814087,1.2886627912521362,0.6873949766159058,2.5059590339660645
f60_a3_p02,pku_round0_00115,"0.25,0.75",current,0.25,2.2109060287475586,1.8952895402908325,1.041953682899475,0.7325000166893005,2.77213191986084
f60_a3_p02,pku_round0_00115,"0.25,0.75",current,0.5,2.7166409492492676,2.1229360103607178,0.7901848554611206,0.7862122058868408,3.2371184825897217
f60_a3_p02,pku_round0_00115,"0.25,0.75",current,1.0,3.833979368209839,2.31402587890625,0.523666262626648,0.8485779166221619,4.215365886688232
f60_a3_p02,pku_round0_00115,"0.25,0.75",current,2.0,6.219400405883789,2.4315133094787598,0.31120565533638,0.9023206233978271,6.258200645446777
f60_a3_p02,pku_round0_00115,"0.25,0.75",normalized,0.0,1.8027260303497314,0.776031494140625,1.5344369411468506,0.6483253240585327,2.33577561378479
f60_a3_p02,pku_round0_00115,"0.25,0.75",normalized,0.001,1.8035078048706055,0.7877707481384277,1.5345957279205322,0.6483396887779236,2.335108757019043
f60_a3_p02,pku_round0_00115,"0.25,0.75",normalized,0.01,1.8109896183013916,0.8678327798843384,1.535339117050171,0.6484276652336121,2.3291988372802734
f60_a3_p02,pku_round0_00115,"0.25,0.75",normalized,0.1,1.8957301378250122,0.9271020889282227,1.5289753675460815,0.6520810723304749,2.278144598007202
f60_a3_p02,pku_round0_00115,"0.25,0.75",normalized,0.25,2.0227572917938232,0.7682029008865356,1.5253605842590332,0.6557947993278503,2.217705488204956
f60_a3_p02,pku_round0_00115,"0.25,0.75",normalized,0.5,2.1877620220184326,0.5658265948295593,1.530363917350769,0.6586024761199951,2.158078908920288
f60_a3_p02,pku_round0_00115,"0.25,0.75",normalized,1.0,2.4069461822509766,0.33913516998291016,1.548439860343933,0.6584233045578003,2.107682943344116
f60_a3_p02,pku_round0_00115,"0.25,0.75",normalized,2.0,2.639986276626587,0.16008207201957703,1.5809921026229858,0.655084490776062,2.086066961288452
f60_a3_p03,pku_round0_00123,"0.25,0.75",current,0.0,1.7736892700195312,1.623690128326416,1.134974718093872,0.6996228694915771,2.397165060043335
f60_a3_p03,pku_round0_00123,"0.25,0.75",current,0.001,1.775317668914795,1.6327675580978394,1.132967472076416,0.6999629735946655,2.398815870285034
f60_a3_p03,pku_round0_00123,"0.25,0.75",current,0.01,1.7903282642364502,1.698540449142456,1.115882158279419,0.7028517723083496,2.4137134552001953
f60_a3_p03,pku_round0_00123,"0.25,0.75",current,0.1,1.955458641052246,1.916185736656189,0.9932449460029602,0.7253034710884094,2.5663256645202637
f60_a3_p03,pku_round0_00123,"0.25,0.75",current,0.25,2.2545905113220215,2.059352159500122,0.8565309643745422,0.7552855014801025,2.833362102508545
f60_a3_p03,pku_round0_00123,"0.25,0.75",current,0.5,2.789046287536621,2.2045416831970215,0.6959174871444702,0.798794686794281,3.304790735244751
f60_a3_p03,pku_round0_00123,"0.25,0.75",current,1.0,3.936333656311035,2.3654417991638184,0.48673176765441895,0.8594732880592346,4.307698726654053
f60_a3_p03,pku_round0_00123,"0.25,0.75",current,2.0,6.379031181335449,2.4955596923828125,0.27538207173347473,0.9268943667411804,6.42031192779541
f60_a3_p03,pku_round0_00123,"0.25,0.75",normalized,0.0,1.7736892700195312,0.9849755764007568,1.134974718093872,0.6996228694915771,2.397165060043335
f60_a3_p03,pku_round0_00123,"0.25,0.75",normalized,0.001,1.77467679977417,0.9898646473884583,1.134762167930603,0.6996361017227173,2.3964195251464844
f60_a3_p03,pku_round0_00123,"0.25,0.75",normalized,0.01,1.7837367057800293,1.0197656154632568,1.1334974765777588,0.6996286511421204,2.38981556892395
f60_a3_p03,pku_round0_00123,"0.25,0.75",normalized,0.1,1.8747519254684448,0.9654859900474548,1.1455399990081787,0.6961382627487183,2.3330235481262207
f60_a3_p03,pku_round0_00123,"0.25,0.75",normalized,0.25,2.006002426147461,0.7906340956687927,1.180289387702942,0.6901844143867493,2.2666897773742676
f60_a3_p03,pku_round0_00123,"0.25,0.75",normalized,0.5,2.1757640838623047,0.5828697681427002,1.2339982986450195,0.6846202611923218,2.2031939029693604
f60_a3_p03,pku_round0_00123,"0.25,0.75",normalized,1.0,2.40279221534729,0.3538283705711365,1.3186569213867188,0.6757351160049438,2.1538493633270264
f60_a3_p03,pku_round0_00123,"0.25,0.75",normalized,2.0,2.6486876010894775,0.17113184928894043,1.432680368423462,0.6647588610649109,2.140103816986084
f60_a4_p00,pku_round0_00058,"0.00,1.00",current,0.0,1.5965590476989746,-0.127996027469635,1.3259670734405518,0.6929892897605896,2.399925470352173
f60_a4_p00,pku_round0_00058,"0.00,1.00",current,0.001,1.596435546875,-0.11849720776081085,1.3234245777130127,0.6933718323707581,2.4018096923828125
f60_a4_p00,pku_round0_00058,"0.00,1.00",current,0.01,1.5957180261611938,-0.044201143085956573,1.3008754253387451,0.6970825791358948,2.4187982082366943
f60_a4_p00,pku_round0_00058,"0.00,1.00",current,0.1,1.6091663837432861,0.2771695852279663,1.1100038290023804,0.7275039553642273,2.591503143310547
f60_a4_p00,pku_round0_00058,"0.00,1.00",current,0.25,1.669128656387329,0.49821269512176514,0.8902667164802551,0.7649919390678406,2.8892064094543457
f60_a4_p00,pku_round0_00058,"0.00,1.00",current,0.5,1.8198264837265015,0.6841484308242798,0.6619054079055786,0.8089246153831482,3.405749559402466
f60_a4_p00,pku_round0_00058,"0.00,1.00",current,1.0,2.2052252292633057,0.8298338055610657,0.43564432859420776,0.8582735657691956,4.483482360839844
f60_a4_p00,pku_round0_00058,"0.00,1.00",current,2.0,3.0841612815856934,0.9095933437347412,0.27357423305511475,0.9044561386108398,6.712794780731201
f60_a4_p00,pku_round0_00058,"0.00,1.00",normalized,0.0,1.5965590476989746,-0.39858779311180115,1.3259670734405518,0.6929892897605896,2.399925470352173
f60_a4_p00,pku_round0_00058,"0.00,1.00",normalized,0.001,1.5961642265319824,-0.3908066153526306,1.326006531715393,0.6930122971534729,2.3994102478027344
f60_a4_p00,pku_round0_00058,"0.00,1.00",normalized,0.01,1.5929235219955444,-0.3326403796672821,1.3262269496917725,0.6935223937034607,2.3948495388031006
f60_a4_p00,pku_round0_00058,"0.00,1.00",normalized,0.1,1.5734453201293945,-0.15689930319786072,1.3276865482330322,0.6950968503952026,2.3559117317199707
f60_a4_p00,pku_round0_00058,"0.00,1.00",normalized,0.25,1.5560083389282227,-0.08641613274812698,1.3381106853485107,0.6942991018295288,2.3113651275634766
f60_a4_p00,pku_round0_00058,"0.00,1.00",normalized,0.5,1.5413250923156738,-0.038425058126449585,1.3598912954330444,0.6923750638961792,2.2704997062683105
f60_a4_p00,pku_round0_00058,"0.00,1.00",normalized,1.0,1.5316051244735718,-0.0075634196400642395,1.3979030847549438,0.6878256797790527,2.241741180419922
f60_a4_p00,pku_round0_00058,"0.00,1.00",normalized,2.0,1.531388282775879,0.0031683705747127533,1.447488784790039,0.6806656122207642,2.237598180770874
f60_a4_p01,pku_round0_00094,"0.00,1.00",current,0.0,1.798335313796997,2.3548576831817627,1.2034097909927368,0.6646734476089478,2.4913761615753174
f60_a4_p01,pku_round0_00094,"0.00,1.00",current,0.001,1.8006973266601562,2.3691325187683105,1.2012075185775757,0.6650727391242981,2.493032693862915
f60_a4_p01,pku_round0_00094,"0.00,1.00",current,0.01,1.8225030899047852,2.4687442779541016,1.182138204574585,0.6684352159500122,2.50797438621521
f60_a4_p01,pku_round0_00094,"0.00,1.00",current,0.1,2.060668706893921,2.746941089630127,1.041111946105957,0.6941755414009094,2.6606509685516357
f60_a4_p01,pku_round0_00094,"0.00,1.00",current,0.25,2.4875214099884033,2.9280142784118652,0.8844108581542969,0.7270864248275757,2.9264867305755615
f60_a4_p01,pku_round0_00094,"0.00,1.00",current,0.5,3.2431018352508545,3.099273204803467,0.7151222825050354,0.7684788107872009,3.393444061279297
f60_a4_p01,pku_round0_00094,"0.00,1.00",current,1.0,4.839986324310303,3.2646470069885254,0.520979106426239,0.8215506076812744,4.383432388305664
f60_a4_p01,pku_round0_00094,"0.00,1.00",current,2.0,8.175191879272461,3.381385326385498,0.32919585704803467,0.8811859488487244,6.467791557312012
f60_a4_p01,pku_round0_00094,"0.00,1.00",normalized,0.0,1.798335313796997,1.759932041168213,1.2034097909927368,0.6646734476089478,2.4913761615753174
f60_a4_p01,pku_round0_00094,"0.00,1.00",normalized,0.001,1.8000997304916382,1.7684121131896973,1.2033451795578003,0.6647268533706665,2.490541934967041
f60_a4_p01,pku_round0_00094,"0.00,1.00",normalized,0.01,1.8162665367126465,1.8167909383773804,1.203185796737671,0.6650143265724182,2.483142852783203
f60_a4_p01,pku_round0_00094,"0.00,1.00",normalized,0.1,1.976084589958191,1.680435061454773,1.2246791124343872,0.662876546382904,2.418773889541626
f60_a4_p01,pku_round0_00094,"0.00,1.00",normalized,0.25,2.203345775604248,1.3632123470306396,1.272551417350769,0.657183825969696,2.3411896228790283
f60_a4_p01,pku_round0_00094,"0.00,1.00",normalized,0.5,2.4945855140686035,0.9947506189346313,1.3427867889404297,0.6491374373435974,2.262296199798584
f60_a4_p01,pku_round0_00094,"0.00,1.00",normalized,1.0,2.8789758682250977,0.5939463376998901,1.4493653774261475,0.6369865536689758,2.191716194152832
f60_a4_p01,pku_round0_00094,"0.00,1.00",normalized,2.0,3.2872729301452637,0.2808021306991577,1.5840245485305786,0.6222181916236877,2.155930519104004
f60_a4_p02,pku_round0_00115,"0.00,1.00",current,0.0,1.8027260303497314,1.0080468654632568,1.5344369411468506,0.6483253240585327,2.33577561378479
f60_a4_p02,pku_round0_00115,"0.00,1.00",current,0.001,1.8037419319152832,1.0238269567489624,1.5316953659057617,0.6487418413162231,2.3373987674713135
f60_a4_p02,pku_round0_00115,"0.00,1.00",current,0.01,1.8135212659835815,1.1430208683013916,1.5069801807403564,0.6523799896240234,2.352043390274048
f60_a4_p02,pku_round0_00115,"0.00,1.00",current,0.1,1.9410029649734497,1.5844454765319824,1.2894866466522217,0.6876387596130371,2.5016283988952637
f60_a4_p02,pku_round0_00115,"0.00,1.00",current,0.25,2.2016615867614746,1.8600457906723022,1.0410786867141724,0.7337124347686768,2.761843681335449
f60_a4_p02,pku_round0_00115,"0.00,1.00",current,0.5,2.699167490005493,2.0921013355255127,0.7849361300468445,0.7891104221343994,3.218071222305298
f60_a4_p02,pku_round0_00115,"0.00,1.00",current,1.0,3.802133083343506,2.286205291748047,0.5130317211151123,0.8538668155670166,4.181827068328857
f60_a4_p02,pku_round0_00115,"0.00,1.00",current,2.0,6.158568382263184,2.4005753993988037,0.3006284832954407,0.9080360531806946,6.201808452606201
f60_a4_p02,pku_round0_00115,"0.00,1.00",normalized,0.0,1.8027260303497314,0.7397580146789551,1.5344369411468506,0.6483253240585327,2.33577561378479
f60_a4_p02,pku_round0_00115,"0.00,1.00",normalized,0.001,1.803471565246582,0.7514601945877075,1.5346044301986694,0.6483412981033325,2.335063934326172
f60_a4_p02,pku_round0_00115,"0.00,1.00",normalized,0.01,1.810626745223999,0.8316993713378906,1.5354796648025513,0.6484392881393433,2.3287556171417236
f60_a4_p02,pku_round0_00115,"0.00,1.00",normalized,0.1,1.892451524734497,0.8980219960212708,1.5312379598617554,0.6521716713905334,2.274207592010498
f60_a4_p02,pku_round0_00115,"0.00,1.00",normalized,0.25,2.0157289505004883,0.7467221617698669,1.5304837226867676,0.6561682224273682,2.209474802017212
f60_a4_p02,pku_round0_00115,"0.00,1.00",normalized,0.5,2.1763975620269775,0.551865816116333,1.5391650199890137,0.6592833399772644,2.145380973815918
f60_a4_p02,pku_round0_00115,"0.00,1.00",normalized,1.0,2.3906095027923584,0.3321002423763275,1.5625720024108887,0.6591464877128601,2.0909135341644287
f60_a4_p02,pku_round0_00115,"0.00,1.00",normalized,2.0,2.6192824840545654,0.1573990285396576,1.6016831398010254,0.6549342274665833,2.0672693252563477
f60_a4_p03,pku_round0_00123,"0.00,1.00",current,0.0,1.7736892700195312,1.5490496158599854,1.134974718093872,0.6996228694915771,2.397165060043335
f60_a4_p03,pku_round0_00123,"0.00,1.00",current,0.001,1.7752431631088257,1.558626651763916,1.1329272985458374,0.6999764442443848,2.3987839221954346
f60_a4_p03,pku_round0_00123,"0.00,1.00",current,0.01,1.7896034717559814,1.6279124021530151,1.1155364513397217,0.7029856443405151,2.4133944511413574
f60_a4_p03,pku_round0_00123,"0.00,1.00",current,0.1,1.9489017724990845,1.8546085357666016,0.9912570118904114,0.7265057563781738,2.5631470680236816
f60_a4_p03,pku_round0_00123,"0.00,1.00",current,0.25,2.2394580841064453,2.0064444541931152,0.8512992262840271,0.757530689239502,2.825479030609131
f60_a4_p03,pku_round0_00123,"0.00,1.00",current,0.5,2.7621662616729736,2.1627302169799805,0.6853271126747131,0.8023216128349304,3.289238691329956
f60_a4_p03,pku_round0_00123,"0.00,1.00",current,1.0,3.892033338546753,2.335818290710449,0.46831610798835754,0.8652632236480713,4.277327060699463
f60_a4_p03,pku_round0_00123,"0.00,1.00",current,2.0,6.30729866027832,2.466701030731201,0.2564409375190735,0.9314975142478943,6.361579895019531
f60_a4_p03,pku_round0_00123,"0.00,1.00",normalized,0.0,1.7736892700195312,0.9103350639343262,1.134974718093872,0.6996228694915771,2.397165060043335
f60_a4_p03,pku_round0_00123,"0.00,1.00",normalized,0.001,1.7746024131774902,0.9157929420471191,1.134722113609314,0.6996496319770813,2.396387815475464
f60_a4_p03,pku_round0_00123,"0.00,1.00",normalized,0.01,1.7830160856246948,0.9499238729476929,1.1331539154052734,0.6997613906860352,2.3894996643066406
f60_a4_p03,pku_round0_00123,"0.00,1.00",normalized,0.1,1.8686336278915405,0.9122662544250488,1.1440870761871338,0.697171688079834,2.3301339149475098
f60_a4_p03,pku_round0_00123,"0.00,1.00",normalized,0.25,1.993104338645935,0.7524401545524597,1.1777839660644531,0.6918138265609741,2.260383367538452
f60_a4_p03,pku_round0_00123,"0.00,1.00",normalized,0.5,2.1553919315338135,0.5597038269042969,1.2303515672683716,0.6869094967842102,2.19282603263855
f60_a4_p03,pku_round0_00123,"0.00,1.00",normalized,1.0,2.3746979236602783,0.3438211679458618,1.314291000366211,0.6791825890541077,2.1386635303497314
f60_a4_p03,pku_round0_00123,"0.00,1.00",normalized,2.0,2.61514949798584,0.1683826446533203,1.4286946058273315,0.6687719821929932,2.1205267906188965
