fold,held_out_prompt,case_id,sample_id,weight,true_mip,predicted_mip,selected
0,pku_round0_00058,f60_a0_p00,pku_round0_00058,0.0,0.32303437547263575,0.40019017827403236,False
0,pku_round0_00058,f60_a0_p00,pku_round0_00058,0.009900990099009901,0.32303437547263575,0.402496735999903,False
0,pku_round0_00058,f60_a0_p00,pku_round0_00058,0.047619047619047616,0.22067497785363957,0.41113102844082344,False
0,pku_round0_00058,f60_a0_p00,pku_round0_00058,0.09090909090909091,0.22067497785363957,0.4207429044624499,False
0,pku_round0_00058,f60_a0_p00,pku_round0_00058,0.3333333333333333,0.46830340142438914,0.4686848254955232,False
0,pku_round0_00058,f60_a0_p00,pku_round0_00058,0.5,0.512831385173822,0.4958522581534777,False
0,pku_round0_00058,f60_a0_p00,pku_round0_00058,0.6666666666666666,0.6912851370913727,0.5182997635095715,False
0,pku_round0_00058,f60_a0_p00,pku_round0_00058,1.0,0.7016831233930386,0.5490349923161773,True
0,pku_round0_00058,f60_a1_p00,pku_round0_00058,0.0,0.4368380603259032,0.473013937557534,False
0,pku_round0_00058,f60_a1_p00,pku_round0_00058,0.009900990099009901,0.4368380603259032,0.4743958030418609,False
0,pku_round0_00058,f60_a1_p00,pku_round0_00058,0.047619047619047616,0.3548614968448439,0.4795186639462995,False
0,pku_round0_00058,f60_a1_p00,pku_round0_00058,0.09090909090909091,0.4488050913834592,0.48512225287921956,False
0,pku_round0_00058,f60_a1_p00,pku_round0_00058,0.3333333333333333,0.6557975856926054,0.5110498939027185,False
0,pku_round0_00058,f60_a1_p00,pku_round0_00058,0.5,0.5892409776528933,0.5235078847461587,False
0,pku_round0_00058,f60_a1_p00,pku_round0_00058,0.6666666666666666,0.7049454702537151,0.5315925507034978,False
0,pku_round0_00058,f60_a1_p00,pku_round0_00058,1.0,0.726305689968113,0.5346419079598719,True
0,pku_round0_00058,f60_a2_p00,pku_round0_00058,0.0,0.5506417451791706,0.5519142950208377,False
0,pku_round0_00058,f60_a2_p00,pku_round0_00058,0.009900990099009901,0.5506417451791706,0.5526447180006249,False
0,pku_round0_00058,f60_a2_p00,pku_round0_00058,0.047619047619047616,0.48904801583604823,0.5553292395811943,False
0,pku_round0_00058,f60_a2_p00,pku_round0_00058,0.09090909090909091,0.703677090518692,0.5582189129374138,False
0,pku_round0_00058,f60_a2_p00,pku_round0_00058,0.3333333333333333,0.7126090425690147,0.5706202218359998,False
0,pku_round0_00058,f60_a2_p00,pku_round0_00058,0.5,0.6939654124971242,0.5754243357746633,False
0,pku_round0_00058,f60_a2_p00,pku_round0_00058,0.6666666666666666,0.6473019004730287,0.5771958834007151,True
0,pku_round0_00058,f60_a2_p00,pku_round0_00058,1.0,0.6547047929859349,0.5716412797149836,False
0,pku_round0_00058,f60_a3_p00,pku_round0_00058,0.0,0.6644454300324382,0.6285989270681104,False
0,pku_round0_00058,f60_a3_p00,pku_round0_00058,0.009900990099009901,0.6644454300324382,0.6286724031393002,False
0,pku_round0_00058,f60_a3_p00,pku_round0_00058,0.047619047619047616,0.6644454300324382,0.6288975814644184,False
0,pku_round0_00058,f60_a3_p00,pku_round0_00058,0.09090909090909091,0.7244572558113116,0.629049164564742,True
0,pku_round0_00058,f60_a3_p00,pku_round0_00058,0.3333333333333333,0.6131698238133355,0.6277874221513219,False
0,pku_round0_00058,f60_a3_p00,pku_round0_00058,0.5,0.7292630280752294,0.6248423447133515,False
0,pku_round0_00058,f60_a3_p00,pku_round0_00058,0.6666666666666666,0.713997002990078,0.6202043839556636,False
0,pku_round0_00058,f60_a3_p00,pku_round0_00058,1.0,0.6859520067335756,0.6058498124811355,False
0,pku_round0_00058,f60_a4_p00,pku_round0_00058,0.0,0.7782491148857056,0.7034115958283663,True
0,pku_round0_00058,f60_a4_p00,pku_round0_00058,0.009900990099009901,0.7782491148857056,0.7028260161952304,False
0,pku_round0_00058,f60_a4_p00,pku_round0_00058,0.047619047619047616,0.7782491148857056,0.7005837359439833,False
0,pku_round0_00058,f60_a4_p00,pku_round0_00058,0.09090909090909091,0.7782491148857056,0.6979877548743402,False
0,pku_round0_00058,f60_a4_p00,pku_round0_00058,0.3333333333333333,0.7665979288450793,0.6830067522087521,False
0,pku_round0_00058,f60_a4_p00,pku_round0_00058,0.5,0.7635285303720111,0.6722707340236291,False
0,pku_round0_00058,f60_a4_p00,pku_round0_00058,0.6666666666666666,0.7719223955840752,0.661178984921629,False
0,pku_round0_00058,f60_a4_p00,pku_round0_00058,1.0,0.7421367022382805,0.6379282939669969,False
1,pku_round0_00094,f60_a0_p01,pku_round0_00094,0.0,0.40972927424756395,0.4397244526431906,False
1,pku_round0_00094,f60_a0_p01,pku_round0_00094,0.009900990099009901,0.40972927424756395,0.44291564273100725,False
1,pku_round0_00094,f60_a0_p01,pku_round0_00094,0.047619047619047616,0.40972927424756395,0.4547879014562265,False
1,pku_round0_00094,f60_a0_p01,pku_round0_00094,0.09090909090909091,0.6567152086079123,0.46785823183029945,False
1,pku_round0_00094,f60_a0_p01,pku_round0_00094,0.3333333333333333,0.6113421774733704,0.5300747155002189,False
1,pku_round0_00094,f60_a0_p01,pku_round0_00094,0.5,0.5299137912408445,0.5620427029487879,False
1,pku_round0_00094,f60_a0_p01,pku_round0_00094,0.6666666666666666,0.5299137912408445,0.5852059277440601,False
1,pku_round0_00094,f60_a0_p01,pku_round0_00094,1.0,0.5299137912408445,0.6051180893747142,True
1,pku_round0_00094,f60_a1_p01,pku_round0_00094,0.0,0.49966680692633636,0.5322049502037227,False
1,pku_round0_00094,f60_a1_p01,pku_round0_00094,0.009900990099009901,0.49966680692633636,0.5343909277968877,False
1,pku_round0_00094,f60_a1_p01,pku_round0_00094,0.047619047619047616,0.49966680692633636,0.542442118694594,False
1,pku_round0_00094,f60_a1_p01,pku_round0_00094,0.09090909090909091,0.6555903702395378,0.5511431364768558,False
1,pku_round0_00094,f60_a1_p01,pku_round0_00094,0.3333333333333333,0.6053366335309851,0.5892120531713825,False
1,pku_round0_00094,f60_a1_p01,pku_round0_00094,0.5,0.5459723052523276,0.6048941627453271,False
1,pku_round0_00094,f60_a1_p01,pku_round0_00094,0.6666666666666666,0.5459723052523276,0.6120286443793483,True
1,pku_round0_00094,f60_a1_p01,pku_round0_00094,1.0,0.5459723052523276,0.6006547238276201,False
1,pku_round0_00094,f60_a2_p01,pku_round0_00094,0.0,0.5896043396051087,0.6207462948554026,False
1,pku_round0_00094,f60_a2_p01,pku_round0_00094,0.009900990099009901,0.5896043396051087,0.6221424611644025,False
1,pku_round0_00094,f60_a2_p01,pku_round0_00094,0.047619047619047616,0.5896043396051087,0.6272171812517839,False
1,pku_round0_00094,f60_a2_p01,pku_round0_00094,0.09090909090909091,0.5896043396051087,0.6325651539350814,False
1,pku_round0_00094,f60_a2_p01,pku_round0_00094,0.3333333333333333,0.5993310895885999,0.6531039378454804,False
1,pku_round0_00094,f60_a2_p01,pku_round0_00094,0.5,0.5993310895885999,0.6579615177790015,True
1,pku_round0_00094,f60_a2_p01,pku_round0_00094,0.6666666666666666,0.5993310895885999,0.6552716033381774,False
1,pku_round0_00094,f60_a2_p01,pku_round0_00094,1.0,0.5620308192638108,0.6272492913334935,False
1,pku_round0_00094,f60_a3_p01,pku_round0_00094,0.0,0.6795418722838811,0.7047023393536657,False
1,pku_round0_00094,f60_a3_p01,pku_round0_00094,0.009900990099009901,0.6795418722838811,0.7055510539136153,False
1,pku_round0_00094,f60_a3_p01,pku_round0_00094,0.047619047619047616,0.6795418722838811,0.7085985998546469,False
1,pku_round0_00094,f60_a3_p01,pku_round0_00094,0.09090909090909091,0.6795418722838811,0.711733869004852,False
1,pku_round0_00094,f60_a3_p01,pku_round0_00094,0.3333333333333333,0.5933255456462146,0.7221319452739137,False
1,pku_round0_00094,f60_a3_p01,pku_round0_00094,0.5,0.7844869751991906,0.7222330578457452,True
1,pku_round0_00094,f60_a3_p01,pku_round0_00094,0.6666666666666666,0.7113777072189827,0.7165917101587149,False
1,pku_round0_00094,f60_a3_p01,pku_round0_00094,1.0,0.7824236322569357,0.6880816340080692,False
1,pku_round0_00094,f60_a4_p01,pku_round0_00094,0.0,0.7694794049626535,0.7876409666706914,False
1,pku_round0_00094,f60_a4_p01,pku_round0_00094,0.009900990099009901,0.7694794049626535,0.7877286432358276,False
1,pku_round0_00094,f60_a4_p01,pku_round0_00094,0.047619047619047616,0.7694794049626535,0.7879116969122433,True
1,pku_round0_00094,f60_a4_p01,pku_round0_00094,0.09090909090909091,0.7694794049626535,0.7878270613894569,False
1,pku_round0_00094,f60_a4_p01,pku_round0_00094,0.3333333333333333,0.8442725024492547,0.7815318333959846,False
1,pku_round0_00094,f60_a4_p01,pku_round0_00094,0.5,0.7695420457478181,0.7714735524137576,False
1,pku_round0_00094,f60_a4_p01,pku_round0_00094,0.6666666666666666,0.842017434183327,0.7567461285349484,False
1,pku_round0_00094,f60_a4_p01,pku_round0_00094,1.0,0.842017434183327,0.7132838520875825,False
2,pku_round0_00115,f60_a0_p02,pku_round0_00115,0.0,0.5413920878076184,0.40935006764452264,False
2,pku_round0_00115,f60_a0_p02,pku_round0_00115,0.009900990099009901,0.5413920878076184,0.41314136936634893,False
2,pku_round0_00115,f60_a0_p02,pku_round0_00115,0.047619047619047616,0.4082438476330403,0.4273773813033477,False
2,pku_round0_00115,f60_a0_p02,pku_round0_00115,0.09090909090909091,0.4082438476330403,0.4433121947597355,False
2,pku_round0_00115,f60_a0_p02,pku_round0_00115,0.3333333333333333,0.6742702504159196,0.5245628484067334,False
2,pku_round0_00115,f60_a0_p02,pku_round0_00115,0.5,0.6340286930406414,0.5725631257944699,False
2,pku_round0_00115,f60_a0_p02,pku_round0_00115,0.6666666666666666,0.670219086921764,0.6141593278532936,False
2,pku_round0_00115,f60_a0_p02,pku_round0_00115,1.0,0.5056405699716959,0.6781395059842031,True
2,pku_round0_00115,f60_a1_p02,pku_round0_00115,0.0,0.6323339022630392,0.4954727848839818,False
2,pku_round0_00115,f60_a1_p02,pku_round0_00115,0.009900990099009901,0.6323339022630392,0.4986104718543589,False
2,pku_round0_00115,f60_a1_p02,pku_round0_00115,0.047619047619047616,0.5361998488494027,0.5103395139528804,False
2,pku_round0_00115,f60_a1_p02,pku_round0_00115,0.09090909090909091,0.5361998488494027,0.5233638002658428,False
2,pku_round0_00115,f60_a1_p02,pku_round0_00115,0.3333333333333333,0.5092451491176412,0.5876595776241945,False
2,pku_round0_00115,f60_a1_p02,pku_round0_00115,0.5,0.4271852715939432,0.6233577020949831,False
2,pku_round0_00115,f60_a1_p02,pku_round0_00115,0.6666666666666666,0.5373681107473371,0.6521256452995597,False
2,pku_round0_00115,f60_a1_p02,pku_round0_00115,1.0,0.5758202171132316,0.6888709879100776,True
2,pku_round0_00115,f60_a2_p02,pku_round0_00115,0.0,0.72327571671846,0.5730015982906296,False
2,pku_round0_00115,f60_a2_p02,pku_round0_00115,0.009900990099009901,0.72327571671846,0.575486593225179,False
2,pku_round0_00115,f60_a2_p02,pku_round0_00115,0.047619047619047616,0.6641558500657653,0.5847208366385772,False
2,pku_round0_00115,f60_a2_p02,pku_round0_00115,0.09090909090909091,0.6641558500657653,0.5948654657241681,False
2,pku_round0_00115,f60_a2_p02,pku_round0_00115,0.3333333333333333,0.5866146635530015,0.642713046942715,False
2,pku_round0_00115,f60_a2_p02,pku_round0_00115,0.5,0.6313459919810258,0.6667859539581535,False
2,pku_round0_00115,f60_a2_p02,pku_round0_00115,0.6666666666666666,0.21340047981451735,0.6836703160998557,False
2,pku_round0_00115,f60_a2_p02,pku_round0_00115,1.0,0.46493745414263254,0.6958734057620518,True
2,pku_round0_00115,f60_a3_p02,pku_round0_00115,0.0,0.8142175311738808,0.6409521520301736,False
2,pku_round0_00115,f60_a3_p02,pku_round0_00115,0.009900990099009901,0.8142175311738808,0.6430308436272456,False
2,pku_round0_00115,f60_a3_p02,pku_round0_00115,0.047619047619047616,0.7921118512821278,0.6507443661473057,False
2,pku_round0_00115,f60_a3_p02,pku_round0_00115,0.09090909090909091,0.7921118512821278,0.6591965372049305,False
2,pku_round0_00115,f60_a3_p02,pku_round0_00115,0.3333333333333333,0.6583313758107143,0.6986114798677139,False
2,pku_round0_00115,f60_a3_p02,pku_round0_00115,0.5,0.6460404969489169,0.7179157441768976,False
2,pku_round0_00115,f60_a3_p02,pku_round0_00115,0.6666666666666666,0.6460404969489169,0.7308697420796905,False
2,pku_round0_00115,f60_a3_p02,pku_round0_00115,1.0,0.6268912191245659,0.7377269386661036,True
2,pku_round0_00115,f60_a4_p02,pku_round0_00115,0.0,0.9051593456293018,0.6951720254972897,False
2,pku_round0_00115,f60_a4_p02,pku_round0_00115,0.009900990099009901,0.9051593456293018,0.6968259249553744,False
2,pku_round0_00115,f60_a4_p02,pku_round0_00115,0.047619047619047616,0.9200678524984903,0.7029460492781727,False
2,pku_round0_00115,f60_a4_p02,pku_round0_00115,0.09090909090909091,0.9200678524984903,0.7096179676609283,False
2,pku_round0_00115,f60_a4_p02,pku_round0_00115,0.3333333333333333,0.6703033818507095,0.7400220936467329,False
2,pku_round0_00115,f60_a4_p02,pku_round0_00115,0.5,0.660735001916808,0.754075041694309,False
2,pku_round0_00115,f60_a4_p02,pku_round0_00115,0.6666666666666666,0.660735001916808,0.7625465990571214,False
2,pku_round0_00115,f60_a4_p02,pku_round0_00115,1.0,0.7115523388816365,0.7627455417284552,True
3,pku_round0_00123,f60_a0_p03,pku_round0_00123,0.0,0.4034499708316229,0.2834633093529151,False
3,pku_round0_00123,f60_a0_p03,pku_round0_00123,0.009900990099009901,0.4034499708316229,0.286805027686643,False
3,pku_round0_00123,f60_a0_p03,pku_round0_00123,0.047619047619047616,0.46216652172503947,0.2992919089225123,False
3,pku_round0_00123,f60_a0_p03,pku_round0_00123,0.09090909090909091,0.46216652172503947,0.313148064486565,False
3,pku_round0_00123,f60_a0_p03,pku_round0_00123,0.3333333333333333,0.40581314953654696,0.38135328045903377,False
3,pku_round0_00123,f60_a0_p03,pku_round0_00123,0.5,0.48865944299202735,0.4190018183661644,False
3,pku_round0_00123,f60_a0_p03,pku_round0_00123,0.6666666666666666,0.6760257545967203,0.449119391176009,False
3,pku_round0_00123,f60_a0_p03,pku_round0_00123,1.0,0.6333534991249488,0.48676164150384094,True
3,pku_round0_00123,f60_a1_p03,pku_round0_00123,0.0,0.48897513438115575,0.36956549684163864,False
3,pku_round0_00123,f60_a1_p03,pku_round0_00123,0.009900990099009901,0.48897513438115575,0.37232475557707023,False
3,pku_round0_00123,f60_a1_p03,pku_round0_00123,0.047619047619047616,0.48120861822004635,0.38262289434706687,False
3,pku_round0_00123,f60_a1_p03,pku_round0_00123,0.09090909090909091,0.48120861822004635,0.3940258401669559,False
3,pku_round0_00123,f60_a1_p03,pku_round0_00123,0.3333333333333333,0.478277063370352,0.4496558231015265,False
3,pku_round0_00123,f60_a1_p03,pku_round0_00123,0.5,0.478277063370352,0.47980346198812424,False
3,pku_round0_00123,f60_a1_p03,pku_round0_00123,0.6666666666666666,0.6257236038345664,0.5033527513791579,False
3,pku_round0_00123,f60_a1_p03,pku_round0_00123,1.0,0.610225259121625,0.5306562816745328,True
3,pku_round0_00123,f60_a2_p03,pku_round0_00123,0.0,0.5745002979306886,0.4502398688317329,False
3,pku_round0_00123,f60_a2_p03,pku_round0_00123,0.009900990099009901,0.5745002979306886,0.45242235855038687,False
3,pku_round0_00123,f60_a2_p03,pku_round0_00123,0.047619047619047616,0.5002507147150532,0.46055649106745056,False
3,pku_round0_00123,f60_a2_p03,pku_round0_00123,0.09090909090909091,0.5002507147150532,0.4695405878746811,False
3,pku_round0_00123,f60_a2_p03,pku_round0_00123,0.3333333333333333,0.4678946837486765,0.5129056780309478,False
3,pku_round0_00123,f60_a2_p03,pku_round0_00123,0.5,0.4678946837486765,0.5358818544860976,False
3,pku_round0_00123,f60_a2_p03,pku_round0_00123,0.6666666666666666,0.4678946837486765,0.5532868788449423,False
3,pku_round0_00123,f60_a2_p03,pku_round0_00123,1.0,0.5754214530724123,0.5713834712737167,True
3,pku_round0_00123,f60_a3_p03,pku_round0_00123,0.0,0.6600254614802215,0.5259202879701107,False
3,pku_round0_00123,f60_a3_p03,pku_round0_00123,0.009900990099009901,0.6600254614802215,0.5275104762482389,False
3,pku_round0_00123,f60_a3_p03,pku_round0_00123,0.047619047619047616,0.5192928112100602,0.5334216124694972,False
3,pku_round0_00123,f60_a3_p03,pku_round0_00123,0.09090909090909091,0.5192928112100602,0.5399195093677125,False
3,pku_round0_00123,f60_a3_p03,pku_round0_00123,0.3333333333333333,0.4252609219389119,0.5706495254161225,False
3,pku_round0_00123,f60_a3_p03,pku_round0_00123,0.5,0.4252609219389119,0.5862066143456461,False
3,pku_round0_00123,f60_a3_p03,pku_round0_00123,0.6666666666666666,0.4252609219389119,0.5972253500795152,False
3,pku_round0_00123,f60_a3_p03,pku_round0_00123,1.0,0.5527244969871433,0.6056477619602887,True
3,pku_round0_00123,f60_a4_p03,pku_round0_00123,0.0,0.7455506250297543,0.5939274371265538,False
3,pku_round0_00123,f60_a4_p03,pku_round0_00123,0.009900990099009901,0.7455506250297543,0.594894853611115,False
3,pku_round0_00123,f60_a4_p03,pku_round0_00123,0.047619047619047616,0.5383349077050671,0.5984622200833457,False
3,pku_round0_00123,f60_a4_p03,pku_round0_00123,0.09090909090909091,0.5383349077050671,0.6023261334039267,False
3,pku_round0_00123,f60_a4_p03,pku_round0_00123,0.3333333333333333,0.43272254391745446,0.6194123951327369,False
3,pku_round0_00123,f60_a4_p03,pku_round0_00123,0.5,0.43272254391745446,0.6266786667808883,False
3,pku_round0_00123,f60_a4_p03,pku_round0_00123,0.6666666666666666,0.5508630647379986,0.6302941335257463,True
3,pku_round0_00123,f60_a4_p03,pku_round0_00123,1.0,0.5871320793483353,0.6265726523055818,False
4,pku_round0_00126,f60_a0_p04,pku_round0_00126,0.0,0.1882656699003954,0.4401722819972053,False
4,pku_round0_00126,f60_a0_p04,pku_round0_00126,0.009900990099009901,0.1882656699003954,0.4421457511195369,False
4,pku_round0_00126,f60_a0_p04,pku_round0_00126,0.047619047619047616,0.1882656699003954,0.4493837613474063,False
4,pku_round0_00126,f60_a0_p04,pku_round0_00126,0.09090909090909091,0.1882656699003954,0.45714439255923356,False
4,pku_round0_00126,f60_a0_p04,pku_round0_00126,0.3333333333333333,0.6005390748222891,0.48980736707041117,False
4,pku_round0_00126,f60_a0_p04,pku_round0_00126,0.5,0.4660251494541733,0.5016352980260882,False
4,pku_round0_00126,f60_a0_p04,pku_round0_00126,0.6666666666666666,0.6722446686688418,0.5048034879278147,True
4,pku_round0_00126,f60_a0_p04,pku_round0_00126,1.0,0.7154570792731674,0.4851606445694158,False
4,pku_round0_00126,f60_a1_p04,pku_round0_00126,0.0,0.3518288925414576,0.51336312529523,False
4,pku_round0_00126,f60_a1_p04,pku_round0_00126,0.009900990099009901,0.3518288925414576,0.5148936670103457,False
4,pku_round0_00126,f60_a1_p04,pku_round0_00126,0.047619047619047616,0.3518288925414576,0.5204744091678882,False
4,pku_round0_00126,f60_a1_p04,pku_round0_00126,0.09090909090909091,0.3518288925414576,0.5263916683269297,False
4,pku_round0_00126,f60_a1_p04,pku_round0_00126,0.3333333333333333,0.47298384965017004,0.549891538854162,False
4,pku_round0_00126,f60_a1_p04,pku_round0_00126,0.5,0.47298384965017004,0.556561493777662,True
4,pku_round0_00126,f60_a1_p04,pku_round0_00126,0.6666666666666666,0.6351340628883481,0.5555019474638513,False
4,pku_round0_00126,f60_a1_p04,pku_round0_00126,1.0,0.5203722665946435,0.5301943511242978,False
4,pku_round0_00126,f60_a2_p04,pku_round0_00126,0.0,0.5153921151825198,0.5846732703867663,False
4,pku_round0_00126,f60_a2_p04,pku_round0_00126,0.009900990099009901,0.5153921151825198,0.5857510454213117,False
4,pku_round0_00126,f60_a2_p04,pku_round0_00126,0.047619047619047616,0.5153921151825198,0.5896361496388023,False
4,pku_round0_00126,f60_a2_p04,pku_round0_00126,0.09090909090909091,0.5153921151825198,0.593664266899094,False
4,pku_round0_00126,f60_a2_p04,pku_round0_00126,0.3333333333333333,0.4799425498461668,0.6077105193052839,False
4,pku_round0_00126,f60_a2_p04,pku_round0_00126,0.5,0.5980234571078542,0.6089891011495249,True
4,pku_round0_00126,f60_a2_p04,pku_round0_00126,0.6666666666666666,0.5980234571078542,0.6034409879170874,False
4,pku_round0_00126,f60_a2_p04,pku_round0_00126,1.0,0.5295336134131274,0.5718646762221771,False
4,pku_round0_00126,f60_a3_p04,pku_round0_00126,0.0,0.6789553378235821,0.6527147055983071,False
4,pku_round0_00126,f60_a3_p04,pku_round0_00126,0.009900990099009901,0.6789553378235821,0.653351693163172,False
4,pku_round0_00126,f60_a3_p04,pku_round0_00126,0.047619047619047616,0.6789553378235821,0.6555891000270903,False
4,pku_round0_00126,f60_a3_p04,pku_round0_00126,0.09090909090909091,0.6789553378235821,0.6577875995431971,False
4,pku_round0_00126,f60_a3_p04,pku_round0_00126,0.3333333333333333,0.5225168570768443,0.6628024774563462,True
4,pku_round0_00126,f60_a3_p04,pku_round0_00126,0.5,0.5609128513273604,0.6590674978848533,False
4,pku_round0_00126,f60_a3_p04,pku_round0_00126,0.6666666666666666,0.528082639098485,0.6494799413130187,False
4,pku_round0_00126,f60_a3_p04,pku_round0_00126,1.0,0.5929462950294759,0.6127470971683244,False
4,pku_round0_00126,f60_a4_p04,pku_round0_00126,0.0,0.8425185604646442,0.7161707446987254,False
4,pku_round0_00126,f60_a4_p04,pku_round0_00126,0.009900990099009901,0.8425185604646442,0.7163638449917186,False
4,pku_round0_00126,f60_a4_p04,pku_round0_00126,0.047619047619047616,0.8425185604646442,0.7169373357244211,False
4,pku_round0_00126,f60_a4_p04,pku_round0_00126,0.09090909090909091,0.8425185604646442,0.7172789923145971,True
4,pku_round0_00126,f60_a4_p04,pku_round0_00126,0.3333333333333333,0.5225494298435734,0.7129399687955491,False
4,pku_round0_00126,f60_a4_p04,pku_round0_00126,0.5,0.5812438455428576,0.7038022818962957,False
4,pku_round0_00126,f60_a4_p04,pku_round0_00126,0.6666666666666666,0.4824593273381926,0.6896497290319321,False
4,pku_round0_00126,f60_a4_p04,pku_round0_00126,1.0,0.6096201212224475,0.6463000254078745,False
5,pku_round0_00146,f60_a0_p05,pku_round0_00146,0.0,0.5694126353088608,0.3625705332868973,False
5,pku_round0_00146,f60_a0_p05,pku_round0_00146,0.009900990099009901,0.5694126353088608,0.36618656284768264,False
5,pku_round0_00146,f60_a0_p05,pku_round0_00146,0.047619047619047616,0.5694126353088608,0.37978167989656736,False
5,pku_round0_00146,f60_a0_p05,pku_round0_00146,0.09090909090909091,0.5694126353088608,0.39503326401438676,False
5,pku_round0_00146,f60_a0_p05,pku_round0_00146,0.3333333333333333,0.547806430006698,0.47349166979307666,False
5,pku_round0_00146,f60_a0_p05,pku_round0_00146,0.5,0.4346608095845127,0.5205899595048442,False
5,pku_round0_00146,f60_a0_p05,pku_round0_00146,0.6666666666666666,0.5508448026273146,0.5621133968557303,False
5,pku_round0_00146,f60_a0_p05,pku_round0_00146,1.0,0.6480727264870472,0.628435714474858,True
5,pku_round0_00146,f60_a1_p05,pku_round0_00146,0.0,0.6319261643626581,0.44707737436847705,False
5,pku_round0_00146,f60_a1_p05,pku_round0_00146,0.009900990099009901,0.6319261643626581,0.4499839813005998,False
5,pku_round0_00146,f60_a1_p05,pku_round0_00146,0.047619047619047616,0.6319261643626581,0.460923480802558,False
5,pku_round0_00146,f60_a1_p05,pku_round0_00146,0.09090909090909091,0.2713785595491639,0.47321879908157966,False
5,pku_round0_00146,f60_a1_p05,pku_round0_00146,0.3333333333333333,0.5670496203130971,0.5369324802095876,False
5,pku_round0_00146,f60_a1_p05,pku_round0_00146,0.5,0.47733574414619717,0.5756758488323691,False
5,pku_round0_00146,f60_a1_p05,pku_round0_00146,0.6666666666666666,0.5620620686994593,0.6102964279233014,False
5,pku_round0_00146,f60_a1_p05,pku_round0_00146,1.0,0.48310568275355315,0.6671692175096183,True
5,pku_round0_00146,f60_a2_p05,pku_round0_00146,0.0,0.6944396934164555,0.5260230840606108,False
5,pku_round0_00146,f60_a2_p05,pku_round0_00146,0.009900990099009901,0.6944396934164555,0.528217995840125,False
5,pku_round0_00146,f60_a2_p05,pku_round0_00146,0.047619047619047616,0.6944396934164555,0.5364906652556957,False
5,pku_round0_00146,f60_a2_p05,pku_round0_00146,0.09090909090909091,0.250241508614997,0.5458118595776237,False
5,pku_round0_00146,f60_a2_p05,pku_round0_00146,0.3333333333333333,0.6660549749474551,0.5945822687249968,False
5,pku_round0_00146,f60_a2_p05,pku_round0_00146,0.5,0.5200106787078818,0.6247372128186328,False
5,pku_round0_00146,f60_a2_p05,pku_round0_00146,0.6666666666666666,0.5732793347716041,0.6521423914198976,False
5,pku_round0_00146,f60_a2_p05,pku_round0_00146,1.0,0.39661556034757667,0.6987034521453134,True
5,pku_round0_00146,f60_a3_p05,pku_round0_00146,0.0,0.7569532224702529,0.599042136973412,False
5,pku_round0_00146,f60_a3_p05,pku_round0_00146,0.009900990099009901,0.7569532224702529,0.6005240444270358,False
5,pku_round0_00146,f60_a3_p05,pku_round0_00146,0.047619047619047616,0.7569532224702529,0.6061232299926668,False
5,pku_round0_00146,f60_a3_p05,pku_round0_00146,0.09090909090909091,0.34588171844364385,0.6124594099682532,False
5,pku_round0_00146,f60_a3_p05,pku_round0_00146,0.3333333333333333,0.759736516015375,0.646161297093784,False
5,pku_round0_00146,f60_a3_p05,pku_round0_00146,0.5,0.5626856132695662,0.6675784475163605,False
5,pku_round0_00146,f60_a3_p05,pku_round0_00146,0.6666666666666666,0.5844966008437488,0.6875673115138642,False
5,pku_round0_00146,f60_a3_p05,pku_round0_00146,1.0,0.6029843335820468,0.7232601802336527,True
5,pku_round0_00146,f60_a4_p05,pku_round0_00146,0.0,0.8194667515240502,0.6676300446080237,False
5,pku_round0_00146,f60_a4_p05,pku_round0_00146,0.009900990099009901,0.8194667515240502,0.668393245293777,False
5,pku_round0_00146,f60_a4_p05,pku_round0_00146,0.047619047619047616,0.8194667515240502,0.6712961665331835,False
5,pku_round0_00146,f60_a4_p05,pku_round0_00146,0.09090909090909091,0.29541394283652506,0.6746191228369386,False
5,pku_round0_00146,f60_a4_p05,pku_round0_00146,0.3333333333333333,0.651025680216286,0.6930537582815018,False
5,pku_round0_00146,f60_a4_p05,pku_round0_00146,0.5,0.6053605478312507,0.7055563677909309,False
5,pku_round0_00146,f60_a4_p05,pku_round0_00146,0.6666666666666666,0.6053605478312507,0.7179194790821534,False
5,pku_round0_00146,f60_a4_p05,pku_round0_00146,1.0,0.6918557269964244,0.7422272070099782,True
6,pku_round0_00198,f60_a0_p06,pku_round0_00198,0.0,0.615393340967526,0.46554520104762986,False
6,pku_round0_00198,f60_a0_p06,pku_round0_00198,0.009900990099009901,0.615393340967526,0.46671832869100294,False
6,pku_round0_00198,f60_a0_p06,pku_round0_00198,0.047619047619047616,0.615393340967526,0.47087532305752916,False
6,pku_round0_00198,f60_a0_p06,pku_round0_00198,0.09090909090909091,0.615393340967526,0.4750371216749451,False
6,pku_round0_00198,f60_a0_p06,pku_round0_00198,0.3333333333333333,0.5722484497547696,0.4863088974406068,True
6,pku_round0_00198,f60_a0_p06,pku_round0_00198,0.5,0.5147556878335459,0.4822119826703169,False
6,pku_round0_00198,f60_a0_p06,pku_round0_00198,0.6666666666666666,0.557461703001102,0.468462559255508,False
6,pku_round0_00198,f60_a0_p06,pku_round0_00198,1.0,0.557461703001102,0.4120061864923335,False
6,pku_round0_00198,f60_a1_p06,pku_round0_00198,0.0,0.6205821291605644,0.5417892846791966,False
6,pku_round0_00198,f60_a1_p06,pku_round0_00198,0.009900990099009901,0.6205821291605644,0.5420804946649589,False
6,pku_round0_00198,f60_a1_p06,pku_round0_00198,0.047619047619047616,0.6205821291605644,0.5429256343377801,False
6,pku_round0_00198,f60_a1_p06,pku_round0_00198,0.09090909090909091,0.6205821291605644,0.5433797172516724,True
6,pku_round0_00198,f60_a1_p06,pku_round0_00198,0.3333333333333333,0.621052664886246,0.5357328463166406,False
6,pku_round0_00198,f60_a1_p06,pku_round0_00198,0.5,0.6740371783099964,0.5204451019093027,False
6,pku_round0_00198,f60_a1_p06,pku_round0_00198,0.6666666666666666,0.5687473655718279,0.4969843406845915,False
6,pku_round0_00198,f60_a1_p06,pku_round0_00198,1.0,0.5687473655718279,0.42554376778304903,False
6,pku_round0_00198,f60_a2_p06,pku_round0_00198,0.0,0.6257709173536029,0.6124205852221883,True
6,pku_round0_00198,f60_a2_p06,pku_round0_00198,0.009900990099009901,0.6257709173536029,0.6118193313535932,False
6,pku_round0_00198,f60_a2_p06,pku_round0_00198,0.047619047619047616,0.6257709173536029,0.6093086784780953,False
6,pku_round0_00198,f60_a2_p06,pku_round0_00198,0.09090909090909091,0.6257709173536029,0.6059972720468106,False
6,pku_round0_00198,f60_a2_p06,pku_round0_00198,0.3333333333333333,0.6310332298653986,0.5789631507464924,False
6,pku_round0_00198,f60_a2_p06,pku_round0_00198,0.5,0.7468600878820113,0.5520196071499803,False
6,pku_round0_00198,f60_a2_p06,pku_round0_00198,0.6666666666666666,0.7972697610044381,0.5182661793143589,False
6,pku_round0_00198,f60_a2_p06,pku_round0_00198,1.0,0.5235189394169381,0.4303296709257877,False
6,pku_round0_00198,f60_a3_p06,pku_round0_00198,0.0,0.6309597055466414,0.6824441432048461,True
6,pku_round0_00198,f60_a3_p06,pku_round0_00198,0.009900990099009901,0.6309597055466414,0.6809482262212319,False
6,pku_round0_00198,f60_a3_p06,pku_round0_00198,0.047619047619047616,0.6309597055466414,0.6750730168715146,False
6,pku_round0_00198,f60_a3_p06,pku_round0_00198,0.09090909090909091,0.6309597055466414,0.6679853092511848,False
6,pku_round0_00198,f60_a3_p06,pku_round0_00198,0.3333333333333333,0.6410137948445511,0.6214885137928416,False
6,pku_round0_00198,f60_a3_p06,pku_round0_00198,0.5,0.8128632508787805,0.5828226721429914,False
6,pku_round0_00198,f60_a3_p06,pku_round0_00198,0.6666666666666666,0.8196829974540262,0.5386981458639093,False
6,pku_round0_00198,f60_a3_p06,pku_round0_00198,1.0,0.8061665385884956,0.43407303941804937,False
6,pku_round0_00198,f60_a4_p06,pku_round0_00198,0.0,0.6361484937396799,0.7465171237272447,True
6,pku_round0_00198,f60_a4_p06,pku_round0_00198,0.009900990099009901,0.6361484937396799,0.7441185335203979,False
6,pku_round0_00198,f60_a4_p06,pku_round0_00198,0.047619047619047616,0.6361484937396799,0.7348449134867867,False
6,pku_round0_00198,f60_a4_p06,pku_round0_00198,0.09090909090909091,0.6361484937396799,0.7239355289500399,False
6,pku_round0_00198,f60_a4_p06,pku_round0_00198,0.3333333333333333,0.6361484937396799,0.6575931715448395,False
6,pku_round0_00198,f60_a4_p06,pku_round0_00198,0.5,0.8821075366887078,0.6068150250168372,False
6,pku_round0_00198,f60_a4_p06,pku_round0_00198,0.6666666666666666,0.9030295589337034,0.5518260981976352,False
6,pku_round0_00198,f60_a4_p06,pku_round0_00198,1.0,0.8802283131337681,0.42921590368563184,False
7,pku_round0_00203,f60_a0_p07,pku_round0_00203,0.0,0.402167102391807,0.553917436834633,True
7,pku_round0_00203,f60_a0_p07,pku_round0_00203,0.009900990099009901,0.402167102391807,0.5478889737796903,False
7,pku_round0_00203,f60_a0_p07,pku_round0_00203,0.047619047619047616,0.5910863600025928,0.5251894691154315,False
7,pku_round0_00203,f60_a0_p07,pku_round0_00203,0.09090909090909091,0.39386221722878817,0.4996561225226094,False
7,pku_round0_00203,f60_a0_p07,pku_round0_00203,0.3333333333333333,0.4427631365728238,0.36692996507635456,False
7,pku_round0_00203,f60_a0_p07,pku_round0_00203,0.5,0.6424010975952295,0.28578099368882953,False
7,pku_round0_00203,f60_a0_p07,pku_round0_00203,0.6666666666666666,0.5650913942484282,0.21286186529571455,False
7,pku_round0_00203,f60_a0_p07,pku_round0_00203,1.0,0.6386200116673509,0.09171313749271282,False
7,pku_round0_00203,f60_a1_p07,pku_round0_00203,0.0,0.41394025459408623,0.6239949047568477,True
7,pku_round0_00203,f60_a1_p07,pku_round0_00203,0.009900990099009901,0.41394025459408623,0.6172734086088091,False
7,pku_round0_00203,f60_a1_p07,pku_round0_00203,0.047619047619047616,0.5664039128504967,0.591982624930275,False
7,pku_round0_00203,f60_a1_p07,pku_round0_00203,0.09090909090909091,0.5261279106902557,0.5635705696065123,False
7,pku_round0_00203,f60_a1_p07,pku_round0_00203,0.3333333333333333,0.5762894741756639,0.4166073633203806,False
7,pku_round0_00203,f60_a1_p07,pku_round0_00203,0.5,0.5376755036594536,0.3275247077829962,False
7,pku_round0_00203,f60_a1_p07,pku_round0_00203,0.6666666666666666,0.45885214109188416,0.24818279569951107,False
7,pku_round0_00203,f60_a1_p07,pku_round0_00203,1.0,0.6222765999231059,0.11872120189423835,False
7,pku_round0_00203,f60_a2_p07,pku_round0_00203,0.0,0.4257134067963655,0.6898003361035118,True
7,pku_round0_00203,f60_a2_p07,pku_round0_00203,0.009900990099009901,0.4257134067963655,0.6823748589748349,False
7,pku_round0_00203,f60_a2_p07,pku_round0_00203,0.047619047619047616,0.5417214656984006,0.6544519946878429,False
7,pku_round0_00203,f60_a2_p07,pku_round0_00203,0.09090909090909091,0.5195062156937579,0.6231161678295892,False
7,pku_round0_00203,f60_a2_p07,pku_round0_00203,0.3333333333333333,0.6665358817826091,0.46169844736881216,False
7,pku_round0_00203,f60_a2_p07,pku_round0_00203,0.5,0.48122627469569795,0.3645669415295729,False
7,pku_round0_00203,f60_a2_p07,pku_round0_00203,0.6666666666666666,0.39693936850055844,0.2787150613757407,False
7,pku_round0_00203,f60_a2_p07,pku_round0_00203,1.0,0.528730993164034,0.14085017812429695,False
7,pku_round0_00203,f60_a3_p07,pku_round0_00203,0.0,0.4374865589986448,0.7572383565945747,True
7,pku_round0_00203,f60_a3_p07,pku_round0_00203,0.009900990099009901,0.4374865589986448,0.7491535272969053,False
7,pku_round0_00203,f60_a3_p07,pku_round0_00203,0.047619047619047616,0.5170390185463045,0.7187669833437251,False
7,pku_round0_00203,f60_a3_p07,pku_round0_00203,0.09090909090909091,0.5128845206972601,0.6846975128269122,False
7,pku_round0_00203,f60_a3_p07,pku_round0_00203,0.3333333333333333,0.7069264984225967,0.5098277688504471,False
7,pku_round0_00203,f60_a3_p07,pku_round0_00203,0.5,0.4247770457319422,0.40527537186372575,False
7,pku_round0_00203,f60_a3_p07,pku_round0_00203,0.6666666666666666,0.5269651436917004,0.3134915728005659,False
7,pku_round0_00203,f60_a3_p07,pku_round0_00203,1.0,0.5040923835141835,0.16822976844493115,False
7,pku_round0_00203,f60_a4_p07,pku_round0_00203,0.0,0.44925971120092406,0.8251091313793855,True
7,pku_round0_00203,f60_a4_p07,pku_round0_00203,0.009900990099009901,0.44925971120092406,0.816320796790496,False
7,pku_round0_00203,f60_a4_p07,pku_round0_00203,0.047619047619047616,0.49235657139420846,0.7833030149554736,False
7,pku_round0_00203,f60_a4_p07,pku_round0_00203,0.09090909090909091,0.5062628257007624,0.7463088473450419,False
7,pku_round0_00203,f60_a4_p07,pku_round0_00203,0.3333333333333333,0.6590123803247799,0.5569420215656186,False
7,pku_round0_00203,f60_a4_p07,pku_round0_00203,0.5,0.5056364178491158,0.4442747086681496,False
7,pku_round0_00203,f60_a4_p07,pku_round0_00203,0.6666666666666666,0.5202943615776457,0.34588489044362314,False
7,pku_round0_00203,f60_a4_p07,pku_round0_00203,1.0,0.5140302830611799,0.1919377380133992,False
8,pku_round0_00209,f60_a0_p08,pku_round0_00209,0.0,0.5783927143875722,0.3924116375984938,False
8,pku_round0_00209,f60_a0_p08,pku_round0_00209,0.009900990099009901,0.5783927143875722,0.39638522506231266,False
8,pku_round0_00209,f60_a0_p08,pku_round0_00209,0.047619047619047616,0.5783927143875722,0.4113693379718579,False
8,pku_round0_00209,f60_a0_p08,pku_round0_00209,0.09090909090909091,0.5783927143875722,0.4282675746475281,False
8,pku_round0_00209,f60_a0_p08,pku_round0_00209,0.3333333333333333,0.5110421212972366,0.5169834595492504,False
8,pku_round0_00209,f60_a0_p08,pku_round0_00209,0.5,0.5403792969340795,0.5721537999446854,False
8,pku_round0_00209,f60_a0_p08,pku_round0_00209,0.6666666666666666,0.6337586154743643,0.6225804266201581,False
8,pku_round0_00209,f60_a0_p08,pku_round0_00209,1.0,0.6688686990903788,0.7092025388112169,True
8,pku_round0_00209,f60_a1_p08,pku_round0_00209,0.0,0.5959323780912497,0.4717225781081398,False
8,pku_round0_00209,f60_a1_p08,pku_round0_00209,0.009900990099009901,0.5959323780912497,0.47494582099536375,False
8,pku_round0_00209,f60_a1_p08,pku_round0_00209,0.047619047619047616,0.5959323780912497,0.48711713264532785,False
8,pku_round0_00209,f60_a1_p08,pku_round0_00209,0.09090909090909091,0.5959323780912497,0.5008761796221147,False
8,pku_round0_00209,f60_a1_p08,pku_round0_00209,0.3333333333333333,0.5084378797319133,0.5737731968885588,False
8,pku_round0_00209,f60_a1_p08,pku_round0_00209,0.5,0.5590362798872116,0.6198011511713577,False
8,pku_round0_00209,f60_a1_p08,pku_round0_00209,0.6666666666666666,0.6193927674844857,0.6624975353825496,False
8,pku_round0_00209,f60_a1_p08,pku_round0_00209,1.0,0.5633886558357731,0.7378955935901124,True
8,pku_round0_00209,f60_a2_p08,pku_round0_00209,0.0,0.6134720417949271,0.5441166684312633,False
8,pku_round0_00209,f60_a2_p08,pku_round0_00209,0.009900990099009901,0.6134720417949271,0.5465963156281269,False
8,pku_round0_00209,f60_a2_p08,pku_round0_00209,0.047619047619047616,0.6134720417949271,0.5559801588252036,False
8,pku_round0_00209,f60_a2_p08,pku_round0_00209,0.09090909090909091,0.6134720417949271,0.5666283547105434,False
8,pku_round0_00209,f60_a2_p08,pku_round0_00209,0.3333333333333333,0.50583363816659,0.6238506529473814,False
8,pku_round0_00209,f60_a2_p08,pku_round0_00209,0.5,0.5776932628403437,0.6608210029941592,False
8,pku_round0_00209,f60_a2_p08,pku_round0_00209,0.6666666666666666,0.5607139958536864,0.6958602582334165,False
8,pku_round0_00209,f60_a2_p08,pku_round0_00209,1.0,0.5596317065942065,0.7601454842893685,True
8,pku_round0_00209,f60_a3_p08,pku_round0_00209,0.0,0.6310117054986046,0.6156568147544303,False
8,pku_round0_00209,f60_a3_p08,pku_round0_00209,0.009900990099009901,0.6310117054986046,0.617394713145887,False
8,pku_round0_00209,f60_a3_p08,pku_round0_00209,0.047619047619047616,0.6310117054986046,0.6239984549336531,False
8,pku_round0_00209,f60_a3_p08,pku_round0_00209,0.09090909090909091,0.6310117054986046,0.631544901923941,False
8,pku_round0_00209,f60_a3_p08,pku_round0_00209,0.3333333333333333,0.5032293966012666,0.6731562292310562,False
8,pku_round0_00209,f60_a3_p08,pku_round0_00209,0.5,0.5963502457934758,0.7011253780386777,False
8,pku_round0_00209,f60_a3_p08,pku_round0_00209,0.6666666666666666,0.6041286678374368,0.7285741545591713,False
8,pku_round0_00209,f60_a3_p08,pku_round0_00209,1.0,0.5912748377734771,0.7819105907387757,True
8,pku_round0_00209,f60_a4_p08,pku_round0_00209,0.0,0.6485513692022821,0.6864124037558209,False
8,pku_round0_00209,f60_a4_p08,pku_round0_00209,0.009900990099009901,0.6485513692022821,0.6874021270096614,False
8,pku_round0_00209,f60_a4_p08,pku_round0_00209,0.047619047619047616,0.6485513692022821,0.6912003309979389,False
8,pku_round0_00209,f60_a4_p08,pku_round0_00209,0.09090909090909091,0.6485513692022821,0.6956139701933625,False
8,pku_round0_00209,f60_a4_p08,pku_round0_00209,0.3333333333333333,0.607302412171355,0.7214035636533012,False
8,pku_round0_00209,f60_a4_p08,pku_round0_00209,0.5,0.6128774420510096,0.7401903541543642,False
8,pku_round0_00209,f60_a4_p08,pku_round0_00209,0.6666666666666666,0.5439725783698863,0.7598379516903089,False
8,pku_round0_00209,f60_a4_p08,pku_round0_00209,1.0,0.6548467681113301,0.801715567866844,True
9,pku_round0_00217,f60_a0_p09,pku_round0_00217,0.0,0.50435770153188,0.48177272740524135,False
9,pku_round0_00217,f60_a0_p09,pku_round0_00217,0.009900990099009901,0.50435770153188,0.4849129705165234,False
9,pku_round0_00217,f60_a0_p09,pku_round0_00217,0.047619047619047616,0.50435770153188,0.49673762098560137,False
9,pku_round0_00217,f60_a0_p09,pku_round0_00217,0.09090909090909091,0.607561091545492,0.5100393003827836,False
9,pku_round0_00217,f60_a0_p09,pku_round0_00217,0.3333333333333333,0.5837267463215436,0.5791999651116485,False
9,pku_round0_00217,f60_a0_p09,pku_round0_00217,0.5,0.5837267463215436,0.621502443778253,False
9,pku_round0_00217,f60_a0_p09,pku_round0_00217,0.6666666666666666,0.5837267463215436,0.6595308289871249,False
9,pku_round0_00217,f60_a0_p09,pku_round0_00217,1.0,0.5837267463215436,0.7227653190316707,True
9,pku_round0_00217,f60_a1_p09,pku_round0_00217,0.0,0.5872379354582077,0.5637656423626743,False
9,pku_round0_00217,f60_a1_p09,pku_round0_00217,0.009900990099009901,0.5872379354582077,0.5661526931238632,False
9,pku_round0_00217,f60_a1_p09,pku_round0_00217,0.047619047619047616,0.5872379354582077,0.5751556970458693,False
9,pku_round0_00217,f60_a1_p09,pku_round0_00217,0.09090909090909091,0.6596107633410909,0.585311946311758,False
9,pku_round0_00217,f60_a1_p09,pku_round0_00217,0.3333333333333333,0.6808413061800291,0.6386960543492537,False
9,pku_round0_00217,f60_a1_p09,pku_round0_00217,0.5,0.6808413061800291,0.6719612858962309,False
9,pku_round0_00217,f60_a1_p09,pku_round0_00217,0.6666666666666666,0.6808413061800291,0.702426534479,False
9,pku_round0_00217,f60_a1_p09,pku_round0_00217,1.0,0.6808413061800291,0.7549570827519134,True
9,pku_round0_00217,f60_a2_p09,pku_round0_00217,0.0,0.6701181693845353,0.6438639510768263,False
9,pku_round0_00217,f60_a2_p09,pku_round0_00217,0.009900990099009901,0.6701181693845353,0.645483089472799,False
9,pku_round0_00217,f60_a2_p09,pku_round0_00217,0.047619047619047616,0.6701181693845353,0.6516081299795936,False
9,pku_round0_00217,f60_a2_p09,pku_round0_00217,0.09090909090909091,0.735697338535346,0.6585538429030305,False
9,pku_round0_00217,f60_a2_p09,pku_round0_00217,0.3333333333333333,0.7779558660385145,0.6957875202824921,False
9,pku_round0_00217,f60_a2_p09,pku_round0_00217,0.5,0.7779558660385145,0.719749332160833,False
9,pku_round0_00217,f60_a2_p09,pku_round0_00217,0.6666666666666666,0.7779558660385145,0.7423778288895123,False
9,pku_round0_00217,f60_a2_p09,pku_round0_00217,1.0,0.7540565302217358,0.7836348768978869,True
9,pku_round0_00217,f60_a3_p09,pku_round0_00217,0.0,0.7529984033108629,0.7229109500264831,False
9,pku_round0_00217,f60_a3_p09,pku_round0_00217,0.009900990099009901,0.7529984033108629,0.7237636451956828,False
9,pku_round0_00217,f60_a3_p09,pku_round0_00217,0.047619047619047616,0.7529984033108629,0.7270167610854604,False
9,pku_round0_00217,f60_a3_p09,pku_round0_00217,0.09090909090909091,0.8136920020904702,0.7307597317125109,False
9,pku_round0_00217,f60_a3_p09,pku_round0_00217,0.3333333333333333,0.8750704258969999,0.751903673316439,False
9,pku_round0_00217,f60_a3_p09,pku_round0_00217,0.5,0.8750704258969999,0.766620575103892,False
9,pku_round0_00217,f60_a3_p09,pku_round0_00217,0.6666666666666666,0.8750704258969999,0.7814845036529948,False
9,pku_round0_00217,f60_a3_p09,pku_round0_00217,1.0,0.8765258860138473,0.8116534410361504,True
9,pku_round0_00217,f60_a4_p09,pku_round0_00217,0.0,0.8358786372371906,0.8003446250062465,False
9,pku_round0_00217,f60_a4_p09,pku_round0_00217,0.009900990099009901,0.8358786372371906,0.8004175458965546,False
9,pku_round0_00217,f60_a4_p09,pku_round0_00217,0.047619047619047616,0.8358786372371906,0.8007475501606912,False
9,pku_round0_00217,f60_a4_p09,pku_round0_00217,0.09090909090909091,0.9265824941556147,0.8012282447747987,False
9,pku_round0_00217,f60_a4_p09,pku_round0_00217,0.3333333333333333,0.9721849857554854,0.8059335573509763,False
9,pku_round0_00217,f60_a4_p09,pku_round0_00217,0.5,0.9721849857554854,0.8111504227540058,False
9,pku_round0_00217,f60_a4_p09,pku_round0_00217,0.6666666666666666,0.9989952418059589,0.8179822209774786,False
9,pku_round0_00217,f60_a4_p09,pku_round0_00217,1.0,0.9691782280675818,0.8364906158857538,True
10,pku_round0_00233,f60_a0_p10,pku_round0_00233,0.0,0.17422163645398958,0.3933744503553168,False
10,pku_round0_00233,f60_a0_p10,pku_round0_00233,0.009900990099009901,0.17422163645398958,0.39492529787189795,False
10,pku_round0_00233,f60_a0_p10,pku_round0_00233,0.047619047619047616,0.17422163645398958,0.4007294348779318,False
10,pku_round0_00233,f60_a0_p10,pku_round0_00233,0.09090909090909091,0.17422163645398958,0.407188229336324,False
10,pku_round0_00233,f60_a0_p10,pku_round0_00233,0.3333333333333333,0.5131689821316683,0.4393525084091833,False
10,pku_round0_00233,f60_a0_p10,pku_round0_00233,0.5,0.5131689821316683,0.4575230580322328,False
10,pku_round0_00233,f60_a0_p10,pku_round0_00233,0.6666666666666666,0.6353790808720265,0.4724812880526933,False
10,pku_round0_00233,f60_a0_p10,pku_round0_00233,1.0,0.588790700689238,0.492760789285847,True
10,pku_round0_00233,f60_a1_p10,pku_round0_00233,0.0,0.2527844380189921,0.5033454567196564,False
10,pku_round0_00233,f60_a1_p10,pku_round0_00233,0.009900990099009901,0.2527844380189921,0.5042734167068147,False
10,pku_round0_00233,f60_a1_p10,pku_round0_00233,0.047619047619047616,0.2527844380189921,0.507756129878118,False
10,pku_round0_00233,f60_a1_p10,pku_round0_00233,0.09090909090909091,0.7623273813792292,0.5116510785553308,False
10,pku_round0_00233,f60_a1_p10,pku_round0_00233,0.3333333333333333,0.5465754665114664,0.5314431173312808,False
10,pku_round0_00233,f60_a1_p10,pku_round0_00233,0.5,0.6243689199636578,0.5430620275766871,False
10,pku_round0_00233,f60_a1_p10,pku_round0_00233,0.6666666666666666,0.6117757658245155,0.553060991115156,False
10,pku_round0_00233,f60_a1_p10,pku_round0_00233,1.0,0.6718670446918467,0.5681990780712821,True
10,pku_round0_00233,f60_a2_p10,pku_round0_00233,0.0,0.33134723958399465,0.5925628410778804,False
10,pku_round0_00233,f60_a2_p10,pku_round0_00233,0.009900990099009901,0.33134723958399465,0.5927267525913127,False
10,pku_round0_00233,f60_a2_p10,pku_round0_00233,0.047619047619047616,0.33134723958399465,0.5933347550197947,False
10,pku_round0_00233,f60_a2_p10,pku_round0_00233,0.09090909090909091,0.7112825807518289,0.5940005116222329,False
10,pku_round0_00233,f60_a2_p10,pku_round0_00233,0.3333333333333333,0.6006762278046737,0.5970954417281662,False
10,pku_round0_00233,f60_a2_p10,pku_round0_00233,0.5,0.579241829824757,0.5985997947280831,False
10,pku_round0_00233,f60_a2_p10,pku_round0_00233,0.6666666666666666,0.5881724507770046,0.599596182844516,False
10,pku_round0_00233,f60_a2_p10,pku_round0_00233,1.0,0.6516715257134863,0.6000650644269296,True
10,pku_round0_00233,f60_a3_p10,pku_round0_00233,0.0,0.4099100411489972,0.6719772354403463,True
10,pku_round0_00233,f60_a3_p10,pku_round0_00233,0.009900990099009901,0.4099100411489972,0.6714064194603979,False
10,pku_round0_00233,f60_a3_p10,pku_round0_00233,0.047619047619047616,0.4099100411489972,0.669253906359697,False
10,pku_round0_00233,f60_a3_p10,pku_round0_00233,0.09090909090909091,0.7827331487636379,0.6668264097072407,False
10,pku_round0_00233,f60_a3_p10,pku_round0_00233,0.3333333333333333,0.5947049618370452,0.6540817526606468,False
10,pku_round0_00233,f60_a3_p10,pku_round0_00233,0.5,0.816304992148169,0.6461558544575372,False
10,pku_round0_00233,f60_a3_p10,pku_round0_00233,0.6666666666666666,0.816304992148169,0.6389111850455876,False
10,pku_round0_00233,f60_a3_p10,pku_round0_00233,1.0,0.7883614462513151,0.6264655325951685,False
10,pku_round0_00233,f60_a4_p10,pku_round0_00233,0.0,0.4884728427139997,0.734396829284871,True
10,pku_round0_00233,f60_a4_p10,pku_round0_00233,0.009900990099009901,0.4884728427139997,0.7329354043683743,False
10,pku_round0_00233,f60_a4_p10,pku_round0_00233,0.047619047619047616,0.4884728427139997,0.7274114376285314,False
10,pku_round0_00233,f60_a4_p10,pku_round0_00233,0.09090909090909091,0.8020526132482755,0.721156102104261,False
10,pku_round0_00233,f60_a4_p10,pku_round0_00233,0.3333333333333333,0.5853781373637249,0.6877985844426242,False
10,pku_round0_00233,f60_a4_p10,pku_round0_00233,0.5,0.8376325792218009,0.6665115216796147,False
10,pku_round0_00233,f60_a4_p10,pku_round0_00233,0.6666666666666666,0.8376325792218009,0.6465658320220143,False
10,pku_round0_00233,f60_a4_p10,pku_round0_00233,1.0,0.8138917216443957,0.6106985720230413,False
11,pku_round0_00250,f60_a0_p11,pku_round0_00250,0.0,0.09995030572780503,0.4508285689493426,False
11,pku_round0_00250,f60_a0_p11,pku_round0_00250,0.009900990099009901,0.09995030572780503,0.45281770531159693,False
11,pku_round0_00250,f60_a0_p11,pku_round0_00250,0.047619047619047616,0.09995030572780503,0.4602652895224102,False
11,pku_round0_00250,f60_a0_p11,pku_round0_00250,0.09090909090909091,0.09995030572780503,0.4685591101922659,False
11,pku_round0_00250,f60_a0_p11,pku_round0_00250,0.3333333333333333,0.09805976276386578,0.5099882205638357,False
11,pku_round0_00250,f60_a0_p11,pku_round0_00250,0.5,0.5105019661646826,0.5335328280237247,False
11,pku_round0_00250,f60_a0_p11,pku_round0_00250,0.6666666666666666,0.6216051249918978,0.5530539565853753,False
11,pku_round0_00250,f60_a0_p11,pku_round0_00250,1.0,0.662116759933453,0.580025777013961,True
11,pku_round0_00250,f60_a1_p11,pku_round0_00250,0.0,0.2845901168493803,0.5247083218012926,False
11,pku_round0_00250,f60_a1_p11,pku_round0_00250,0.009900990099009901,0.2845901168493803,0.5259604906052,False
11,pku_round0_00250,f60_a1_p11,pku_round0_00250,0.047619047619047616,0.2845901168493803,0.5306315084693954,False
11,pku_round0_00250,f60_a1_p11,pku_round0_00250,0.09090909090909091,0.2845901168493803,0.535798976674269,False
11,pku_round0_00250,f60_a1_p11,pku_round0_00250,0.3333333333333333,0.585232261942486,0.5609132523376901,False
11,pku_round0_00250,f60_a1_p11,pku_round0_00250,0.5,0.5887405600400368,0.5744155134831063,False
11,pku_round0_00250,f60_a1_p11,pku_round0_00250,0.6666666666666666,0.6956257194094817,0.5848509718800008,False
11,pku_round0_00250,f60_a1_p11,pku_round0_00250,1.0,0.6827319516662653,0.596521480428225,True
11,pku_round0_00250,f60_a2_p11,pku_round0_00250,0.0,0.4692299279709556,0.5957705860137665,False
11,pku_round0_00250,f60_a2_p11,pku_round0_00250,0.009900990099009901,0.4692299279709556,0.5963383022824591,False
11,pku_round0_00250,f60_a2_p11,pku_round0_00250,0.047619047619047616,0.4692299279709556,0.5984427532649598,False
11,pku_round0_00250,f60_a2_p11,pku_round0_00250,0.09090909090909091,0.4692299279709556,0.6007443031243586,False
11,pku_round0_00250,f60_a2_p11,pku_round0_00250,0.3333333333333333,0.660637751635982,0.6113855838433174,False
11,pku_round0_00250,f60_a2_p11,pku_round0_00250,0.5,0.6646486052378976,0.6164891814453912,False
11,pku_round0_00250,f60_a2_p11,pku_round0_00250,0.6666666666666666,0.7239995909192115,0.6197901781723306,False
11,pku_round0_00250,f60_a2_p11,pku_round0_00250,1.0,0.7396261267801982,0.620984369000806,True
11,pku_round0_00250,f60_a3_p11,pku_round0_00250,0.0,0.6538697390925309,0.6651978378990103,True
11,pku_round0_00250,f60_a3_p11,pku_round0_00250,0.009900990099009901,0.6538697390925309,0.6651055035246808,False
11,pku_round0_00250,f60_a3_p11,pku_round0_00250,0.047619047619047616,0.6538697390925309,0.664741979592665,False
11,pku_round0_00250,f60_a3_p11,pku_round0_00250,0.09090909090909091,0.6538697390925309,0.6643017648976168,False
11,pku_round0_00250,f60_a3_p11,pku_round0_00250,0.3333333333333333,0.8099061400784843,0.6613825168740228,False
11,pku_round0_00250,f60_a3_p11,pku_round0_00250,0.5,0.7646083610402507,0.6589285825910297,False
11,pku_round0_00250,f60_a3_p11,pku_round0_00250,0.6666666666666666,0.828753215202165,0.6561104657943703,False
11,pku_round0_00250,f60_a3_p11,pku_round0_00250,1.0,0.8482633804777535,0.6493816846600524,False
11,pku_round0_00250,f60_a4_p11,pku_round0_00250,0.0,0.8385095502141061,0.7300839116111613,True
11,pku_round0_00250,f60_a4_p11,pku_round0_00250,0.009900990099009901,0.8385095502141061,0.7293577578606868,False
11,pku_round0_00250,f60_a4_p11,pku_round0_00250,0.047619047619047616,0.8385095502141061,0.7266300539142956,False
11,pku_round0_00250,f60_a4_p11,pku_round0_00250,0.09090909090909091,0.8385095502141061,0.7235747517038572,False
11,pku_round0_00250,f60_a4_p11,pku_round0_00250,0.3333333333333333,0.9389853696182169,0.7079534635715388,False
11,pku_round0_00250,f60_a4_p11,pku_round0_00250,0.5,0.965670344098361,0.6986789759103602,False
11,pku_round0_00250,f60_a4_p11,pku_round0_00250,0.6666666666666666,0.9308420675468114,0.6905983124882703,False
11,pku_round0_00250,f60_a4_p11,pku_round0_00250,1.0,0.9116739872864262,0.6780184583613561,False
