state_id,prompt_id,alpha_helpfulness,alpha_harmlessness,normalized_generation_position,generated_token_count,prompt_token_count,base_entropy,base_top1_probability,base_top1_top2_margin,base_topk_mass,parm_entropy,parm_top1_probability,parm_top1_top2_margin,parm_topk_mass,top1_disagreement,topk_overlap,js_divergence,symmetric_kl,logprob_correlation,candidate_rank_disagreement
f60_a0_p00_s00,pku_round0_00058,1.0,0.0,0.0,0.0,8.0,3.3633134365081787,0.474105566740036,0.41792237758636475,0.6706339120864868,5.296966075897217,0.05507630482316017,0.006849881261587143,0.34702301025390625,1.0,0.6,0.2520792782306671,2.1245412826538086,0.9467676877975464,0.38461539149284363
f60_a0_p00_s01,pku_round0_00058,1.0,0.0,0.25396825396825395,16.0,8.0,0.00018071525846607983,0.9999881982803345,0.9999827146530151,0.9999976754188538,0.0014104816364124417,0.9998806715011597,0.9997984766960144,0.9999872446060181,0.0,0.6,2.9019409339525737e-05,0.00015160754264798015,0.860443115234375,0.3076923191547394
f60_a0_p00_s02,pku_round0_00058,1.0,0.0,0.5079365079365079,32.0,8.0,1.7149536609649658,0.3913278877735138,0.05133634805679321,0.9628933072090149,1.661126971244812,0.518815279006958,0.32494816184043884,0.9639686942100525,1.0,0.9,0.03090495988726616,0.1321849226951599,0.952009379863739,0.1090909093618393
f60_a0_p00_s03,pku_round0_00058,1.0,0.0,0.746031746031746,47.0,8.0,2.0420496463775635,0.3956260681152344,0.18714578449726105,0.925484299659729,1.7643523216247559,0.5224000811576843,0.3302198350429535,0.9375777244567871,0.0,0.9,0.02124601975083351,0.09253531694412231,0.9346157908439636,0.1454545557498932
f60_a0_p00_s04,pku_round0_00058,1.0,0.0,1.0,63.0,8.0,0.004810177721083164,0.9995458722114563,0.9992545247077942,0.9999573826789856,0.004405451472848654,0.9996265172958374,0.9995150566101074,0.9999254941940308,0.0,0.6,6.948997179279104e-05,0.0003637277113739401,0.8648261427879333,0.2967033088207245
f60_a1_p00_s00,pku_round0_00058,0.75,0.25,0.0,0.0,8.0,3.3633134365081787,0.474105566740036,0.41792237758636475,0.6706339120864868,5.33481502532959,0.052535172551870346,0.005442947149276733,0.3413752019405365,1.0,0.5,0.2537839114665985,2.213839054107666,0.9497717022895813,0.380952388048172
f60_a1_p00_s01,pku_round0_00058,0.75,0.25,0.25396825396825395,16.0,8.0,0.00018071525846607983,0.9999881982803345,0.9999827146530151,0.9999976754188538,0.001548510161228478,0.9998689889907837,0.9997801184654236,0.9999849796295166,0.0,0.6,3.25111104757525e-05,0.0001717338163871318,0.8759620189666748,0.3076923191547394
f60_a1_p00_s02,pku_round0_00058,0.75,0.25,0.5079365079365079,32.0,8.0,1.7149536609649658,0.3913278877735138,0.05133634805679321,0.9628933072090149,1.7030465602874756,0.5045980215072632,0.3100581467151642,0.961548924446106,1.0,0.9,0.02963922545313835,0.12662911415100098,0.9543519616127014,0.1090909093618393
f60_a1_p00_s03,pku_round0_00058,0.75,0.25,0.746031746031746,47.0,8.0,2.0420496463775635,0.3956260681152344,0.18714578449726105,0.925484299659729,1.818530797958374,0.5025612711906433,0.31181055307388306,0.9338056445121765,0.0,0.9,0.01839335262775421,0.08085110783576965,0.9368953108787537,0.16363635659217834
f60_a1_p00_s04,pku_round0_00058,0.75,0.25,1.0,63.0,8.0,0.004810177721083164,0.9995458722114563,0.9992545247077942,0.9999573826789856,0.004927049390971661,0.9995779395103455,0.999442458152771,0.9999163150787354,0.0,0.6,6.464402395067737e-05,0.0003386328462511301,0.8749095797538757,0.2747252583503723
f60_a2_p00_s00,pku_round0_00058,0.5,0.5,0.0,0.0,8.0,3.3633134365081787,0.474105566740036,0.41792237758636475,0.6706339120864868,5.372097015380859,0.05018139258027077,0.004490714520215988,0.3354721963405609,1.0,0.5,0.2549317181110382,2.302227735519409,0.9524431824684143,0.380952388048172
f60_a2_p00_s01,pku_round0_00058,0.5,0.5,0.25396825396825395,16.0,8.0,0.00018071525846607983,0.9999881982803345,0.9999827146530151,0.9999976754188538,0.0016932243015617132,0.99985671043396,0.9997621178627014,0.999981701374054,0.0,0.6,3.604802623158321e-05,0.0001926006661960855,0.8886428475379944,0.3076923191547394
f60_a2_p00_s02,pku_round0_00058,0.5,0.5,0.5079365079365079,32.0,8.0,1.9000760316848755,0.38036423921585083,0.02582576870918274,0.9275690913200378,2.096208095550537,0.5473108291625977,0.3551866412162781,0.8887888789176941,0.0,0.9,0.03844275698065758,0.15881997346878052,0.9759483933448792,0.16363635659217834
f60_a2_p00_s03,pku_round0_00058,0.5,0.5,0.746031746031746,47.0,8.0,0.9175643920898438,0.8177158832550049,0.757547914981842,0.9752546548843384,1.2322337627410889,0.7807822823524475,0.743105411529541,0.9407942295074463,0.0,0.9,0.009853203780949116,0.04286675155162811,0.9612789750099182,0.05454545468091965
f60_a2_p00_s04,pku_round0_00058,0.5,0.5,1.0,63.0,8.0,0.4418812096118927,0.8881335854530334,0.7988116145133972,0.9986159801483154,0.4613837003707886,0.908042848110199,0.8681462407112122,0.994347333908081,0.0,0.9,0.010435017757117748,0.04376501590013504,0.937142550945282,0.1090909093618393
f60_a3_p00_s00,pku_round0_00058,0.25,0.75,0.0,0.0,8.0,3.3633134365081787,0.474105566740036,0.41792237758636475,0.6706339120864868,5.4072041511535645,0.04763749614357948,0.002181481570005417,0.33027809858322144,1.0,0.5,0.2555026412010193,2.370232582092285,0.9549568891525269,0.380952388048172
f60_a3_p00_s01,pku_round0_00058,0.25,0.75,0.25396825396825395,16.0,8.0,2.058832883834839,0.30390605330467224,0.009350210428237915,0.9299834966659546,2.8659725189208984,0.35349804162979126,0.07603424787521362,0.7803760170936584,1.0,0.8,0.13765917718410492,0.8440448045730591,0.9614517688751221,0.27272728085517883
f60_a3_p00_s02,pku_round0_00058,0.25,0.75,0.5079365079365079,32.0,8.0,0.8695072531700134,0.7171211838722229,0.4806397259235382,0.9864636659622192,1.427791714668274,0.558490514755249,0.37141960859298706,0.9756151437759399,0.0,0.8,0.053043581545352936,0.2479916363954544,0.7739402651786804,0.12121212482452393
f60_a3_p00_s03,pku_round0_00058,0.25,0.75,0.746031746031746,47.0,8.0,0.0005356557085178792,0.9999614953994751,0.9999538064002991,0.999995768070221,0.0011645335471257567,0.99991774559021,0.9999070763587952,0.9999712705612183,0.0,0.7,1.3451835911837406e-05,7.840298349037766e-05,0.9243776202201843,0.37179484963417053
f60_a3_p00_s04,pku_round0_00058,0.25,0.75,1.0,63.0,8.0,3.25827693939209,0.22614185512065887,0.03119538724422455,0.731339156627655,3.84498929977417,0.14373287558555603,0.029139019548892975,0.5924451351165771,1.0,0.7,0.06417588889598846,0.29567259550094604,0.9500063061714172,0.3205128014087677
f60_a4_p00_s00,pku_round0_00058,0.0,1.0,0.0,0.0,8.0,3.3633134365081787,0.474105566740036,0.41792237758636475,0.6706339120864868,5.437716484069824,0.045111287385225296,0.0,0.3256632685661316,1.0,0.5,0.25593146681785583,2.4318084716796875,0.9571130871772766,0.380952388048172
f60_a4_p00_s01,pku_round0_00058,0.0,1.0,0.25396825396825395,16.0,8.0,0.7323528528213501,0.8578881621360779,0.8271240592002869,0.9917641878128052,1.445536732673645,0.6456711888313293,0.5466543436050415,0.9776039719581604,0.0,1.0,0.03490574657917023,0.1476508229970932,0.9292245507240295,0.13333334028720856
f60_a4_p00_s02,pku_round0_00058,0.0,1.0,0.5079365079365079,32.0,8.0,0.898838460445404,0.7064285278320312,0.47347313165664673,0.9876096248626709,1.4057481288909912,0.5534859299659729,0.35613441467285156,0.9777134656906128,0.0,0.9,0.057801321148872375,0.2653033137321472,0.7534499168395996,0.1090909093618393
f60_a4_p00_s03,pku_round0_00058,0.0,1.0,0.746031746031746,47.0,8.0,0.2940061688423157,0.9571650624275208,0.9420523047447205,0.9931567907333374,0.17700819671154022,0.9778938293457031,0.974554717540741,0.9949862957000732,0.0,0.9,0.004688027314841747,0.022859908640384674,0.7669022083282471,0.20000000298023224
f60_a4_p00_s04,pku_round0_00058,0.0,1.0,1.0,63.0,8.0,1.6989725828170776,0.6370044946670532,0.5075891613960266,0.9158176779747009,2.7832043170928955,0.3806382715702057,0.2292308360338211,0.7966282963752747,0.0,0.7,0.05391741171479225,0.257408082485199,0.9603302478790283,0.1666666716337204
f60_a0_p01_s00,pku_round0_00094,1.0,0.0,0.0,0.0,26.0,2.5239205360412598,0.5729750990867615,0.49898234009742737,0.7936320900917053,4.101119041442871,0.24704205989837646,0.16869714856147766,0.5692123770713806,1.0,0.6,0.3357471823692322,3.9516119956970215,0.9176267385482788,0.38461539149284363
f60_a0_p01_s01,pku_round0_00094,1.0,0.0,0.25396825396825395,16.0,26.0,1.1239138841629028,0.7187462449073792,0.5976896286010742,0.9963617920875549,1.0055806636810303,0.7529782652854919,0.6616316437721252,0.9992731213569641,0.0,1.0,0.006633829325437546,0.03441396355628967,0.9230321049690247,0.19999998807907104
f60_a0_p01_s02,pku_round0_00094,1.0,0.0,0.5079365079365079,32.0,26.0,3.192570924758911,0.39869335293769836,0.30250412225723267,0.7128522396087646,3.6847333908081055,0.3337586224079132,0.24462777376174927,0.6200466156005859,0.0,0.8,0.018614739179611206,0.08382588624954224,0.9808200001716614,0.1515151411294937
f60_a0_p01_s03,pku_round0_00094,1.0,0.0,0.746031746031746,47.0,26.0,0.024494709447026253,0.9975212216377258,0.9968504905700684,0.9995648860931396,0.02457605116069317,0.9972575306892395,0.9962742328643799,0.9997960329055786,0.0,0.7,0.00017653056420385838,0.0017424155957996845,0.9658607840538025,0.1666666716337204
f60_a0_p01_s04,pku_round0_00094,1.0,0.0,1.0,63.0,26.0,1.2591426372528076,0.848649799823761,0.8370082378387451,0.896431565284729,1.7690694332122803,0.7764290571212769,0.7583112716674805,0.8507972359657288,0.0,0.8,0.013280706480145454,0.06827068328857422,0.9738391637802124,0.22727273404598236
f60_a1_p01_s00,pku_round0_00094,0.75,0.25,0.0,0.0,26.0,2.5239205360412598,0.5729750990867615,0.49898234009742737,0.7936320900917053,4.15178108215332,0.24820229411125183,0.17250487208366394,0.5570644736289978,1.0,0.5,0.33275818824768066,3.94085955619812,0.923742949962616,0.380952388048172
f60_a1_p01_s01,pku_round0_00094,0.75,0.25,0.25396825396825395,16.0,26.0,1.1239138841629028,0.7187462449073792,0.5976896286010742,0.9963617920875549,1.0722696781158447,0.7287344336509705,0.6269803047180176,0.9991943836212158,0.0,1.0,0.006221875548362732,0.03289897367358208,0.9245654940605164,0.19999998807907104
f60_a1_p01_s02,pku_round0_00094,0.75,0.25,0.5079365079365079,32.0,26.0,3.192570924758911,0.39869335293769836,0.30250412225723267,0.7128522396087646,3.694364309310913,0.3210914433002472,0.22617697715759277,0.6241876482963562,0.0,0.9,0.01582634076476097,0.07174398005008698,0.98177170753479,0.1090909093618393
f60_a1_p01_s03,pku_round0_00094,0.75,0.25,0.746031746031746,47.0,26.0,0.024494709447026253,0.9975212216377258,0.9968504905700684,0.9995648860931396,0.02580145373940468,0.9971181154251099,0.9961037635803223,0.9997704029083252,0.0,0.7,0.00018347849254496396,0.0017632253002375364,0.9659014940261841,0.1666666716337204
f60_a1_p01_s04,pku_round0_00094,0.75,0.25,1.0,63.0,26.0,1.2591426372528076,0.848649799823761,0.8370082378387451,0.896431565284729,1.9430139064788818,0.7512065172195435,0.7316513061523438,0.8337705135345459,0.0,0.8,0.016354968771338463,0.08116637170314789,0.9743507504463196,0.21212120354175568
f60_a2_p01_s00,pku_round0_00094,0.5,0.5,0.0,0.0,26.0,2.5239205360412598,0.5729750990867615,0.49898234009742737,0.7936320900917053,4.206939220428467,0.2487921118736267,0.17695292830467224,0.5439943075180054,1.0,0.5,0.3300172984600067,3.9119443893432617,0.9293025135993958,0.380952388048172
f60_a2_p01_s01,pku_round0_00094,0.5,0.5,0.25396825396825395,16.0,26.0,1.1239138841629028,0.7187462449073792,0.5976896286010742,0.9963617920875549,1.1381651163101196,0.7041089534759521,0.5927027463912964,0.9990987777709961,0.0,1.0,0.006634864024817944,0.034804075956344604,0.925513505935669,0.2222222238779068
f60_a2_p01_s02,pku_round0_00094,0.5,0.5,0.5079365079365079,32.0,26.0,3.192570924758911,0.39869335293769836,0.30250412225723267,0.7128522396087646,3.7007524967193604,0.30549970269203186,0.20475658774375916,0.6297462582588196,0.0,0.9,0.014617213048040867,0.06624099612236023,0.9819695949554443,0.0727272778749466
f60_a2_p01_s03,pku_round0_00094,0.5,0.5,0.746031746031746,47.0,26.0,0.024494709447026253,0.9975212216377258,0.9968504905700684,0.9995648860931396,0.02830665186047554,0.9968208074569702,0.995707094669342,0.9997262954711914,0.0,0.7,0.00020552412024699152,0.0018371616024523973,0.9657232165336609,0.1794871836900711
f60_a2_p01_s04,pku_round0_00094,0.5,0.5,1.0,63.0,26.0,1.2591426372528076,0.848649799823761,0.8370082378387451,0.896431565284729,2.1180622577667236,0.725594699382782,0.7046869993209839,0.8159382343292236,0.0,0.8,0.02040964923799038,0.09836853295564651,0.9743555784225464,0.19696970283985138
f60_a3_p01_s00,pku_round0_00094,0.25,0.75,0.0,0.0,26.0,2.5239205360412598,0.5729750990867615,0.49898234009742737,0.7936320900917053,4.276299476623535,0.24608004093170166,0.1793290376663208,0.5291538238525391,1.0,0.6,0.32784131169319153,3.9011106491088867,0.9335681200027466,0.38461539149284363
f60_a3_p01_s01,pku_round0_00094,0.25,0.75,0.25396825396825395,16.0,26.0,2.7152581214904785,0.25767213106155396,0.04900287091732025,0.8590750098228455,3.117192268371582,0.19640229642391205,0.021718472242355347,0.802744448184967,1.0,0.9,0.023624645546078682,0.0987640768289566,0.9802154302597046,0.12727272510528564
f60_a3_p01_s02,pku_round0_00094,0.25,0.75,0.5079365079365079,32.0,26.0,4.3178510665893555,0.2276385873556137,0.07717867195606232,0.5329147577285767,4.267807483673096,0.2670709788799286,0.21281222999095917,0.5429930686950684,1.0,0.9,0.07623215019702911,0.33663052320480347,0.9575136303901672,0.20000000298023224
f60_a3_p01_s03,pku_round0_00094,0.25,0.75,0.746031746031746,47.0,26.0,2.0042781829833984,0.48734527826309204,0.27443990111351013,0.9113202095031738,2.582066059112549,0.4000248312950134,0.23965796828269958,0.8304040431976318,0.0,0.8,0.020517965778708458,0.08655783534049988,0.9700495004653931,0.13636364042758942
f60_a3_p01_s04,pku_round0_00094,0.25,0.75,1.0,63.0,26.0,8.401050763495732e-06,0.9999994039535522,0.9999991059303284,0.9999998807907104,0.00019424282072577626,0.9999858140945435,0.999975860118866,0.9999988675117493,0.0,0.7,4.078858637512894e-06,2.5200577510986477e-05,0.7747470140457153,0.21794871985912323
f60_a4_p01_s00,pku_round0_00094,0.0,1.0,0.0,0.0,26.0,2.5239205360412598,0.5729750990867615,0.49898234009742737,0.7936320900917053,4.357218265533447,0.24098674952983856,0.18005576729774475,0.5140847563743591,1.0,0.6,0.326250821352005,3.8968944549560547,0.9369555711746216,0.38461539149284363
f60_a4_p01_s01,pku_round0_00094,0.0,1.0,0.25396825396825395,16.0,26.0,2.7152581214904785,0.25767213106155396,0.04900287091732025,0.8590750098228455,3.0545830726623535,0.21179361641407013,0.045554906129837036,0.8120011687278748,1.0,0.9,0.02667473815381527,0.1112365648150444,0.978875458240509,0.1454545557498932
f60_a4_p01_s02,pku_round0_00094,0.0,1.0,0.5079365079365079,32.0,26.0,4.3178510665893555,0.2276385873556137,0.07717867195606232,0.5329147577285767,4.229738712310791,0.2414717674255371,0.1722889542579651,0.5590128898620605,1.0,0.8,0.07688005268573761,0.3393235206604004,0.9533035159111023,0.21212120354175568
f60_a4_p01_s03,pku_round0_00094,0.0,1.0,0.746031746031746,47.0,26.0,2.0042781829833984,0.48734527826309204,0.27443990111351013,0.9113202095031738,2.6189541816711426,0.35513168573379517,0.17932875454425812,0.8345912098884583,0.0,0.8,0.027648596093058586,0.11605179309844971,0.9692404270172119,0.13636364042758942
f60_a4_p01_s04,pku_round0_00094,0.0,1.0,1.0,63.0,26.0,5.516943019756582e-06,0.9999997615814209,0.9999995827674866,1.0,0.00017365883104503155,0.9999877214431763,0.9999804496765137,0.9999987483024597,0.0,0.8,3.649807922556647e-06,2.378407953074202e-05,0.7730593085289001,0.1818181872367859
f60_a0_p02_s00,pku_round0_00115,1.0,0.0,0.0,0.0,18.0,2.7121269702911377,0.5084871053695679,0.41588470339775085,0.7812877893447876,4.468897819519043,0.20664596557617188,0.14212796092033386,0.5052512884140015,1.0,0.8,0.26247578859329224,2.0816738605499268,0.9415680170059204,0.3636363744735718
f60_a0_p02_s01,pku_round0_00115,1.0,0.0,0.25396825396825395,16.0,18.0,1.8633947372436523,0.5086798667907715,0.3301164507865906,0.9204363226890564,2.021418809890747,0.4401502013206482,0.23863478004932404,0.9215009808540344,0.0,0.9,0.012377956882119179,0.054066192358732224,0.9446709156036377,0.1454545557498932
f60_a0_p02_s02,pku_round0_00115,1.0,0.0,0.5079365079365079,32.0,18.0,0.5951691269874573,0.926433801651001,0.9140195846557617,0.9621015787124634,0.8530341386795044,0.8875902891159058,0.8749294877052307,0.9459457993507385,0.0,0.8,0.005239015445113182,0.023191586136817932,0.9809339642524719,0.1515151411294937
f60_a0_p02_s03,pku_round0_00115,1.0,0.0,0.746031746031746,47.0,18.0,1.6675453186035156,0.5570427775382996,0.34561318159103394,0.9530621767044067,1.6297893524169922,0.6129456758499146,0.47183758020401,0.9481821060180664,0.0,0.9,0.009949061088263988,0.04078518599271774,0.9746378660202026,0.0727272778749466
f60_a0_p02_s04,pku_round0_00115,1.0,0.0,1.0,63.0,18.0,0.9640665650367737,0.7993146181106567,0.7110244035720825,0.9720497727394104,1.2351934909820557,0.7232382297515869,0.6206612586975098,0.9693928956985474,0.0,0.9,0.007375376299023628,0.03143255412578583,0.9686447978019714,0.09090909361839294
f60_a1_p02_s00,pku_round0_00115,0.75,0.25,0.0,0.0,18.0,2.7121269702911377,0.5084871053695679,0.41588470339775085,0.7812877893447876,4.519738674163818,0.19942130148410797,0.1291438341140747,0.5039835572242737,1.0,0.7,0.28784653544425964,2.56899356842041,0.9380283355712891,0.3589743673801422
f60_a1_p02_s01,pku_round0_00115,0.75,0.25,0.25396825396825395,16.0,18.0,1.8633947372436523,0.5086798667907715,0.3301164507865906,0.9204363226890564,2.0861289501190186,0.41024380922317505,0.19406050443649292,0.9182204604148865,0.0,0.9,0.017479155212640762,0.07586690038442612,0.9443234801292419,0.1454545557498932
f60_a1_p02_s02,pku_round0_00115,0.75,0.25,0.5079365079365079,32.0,18.0,0.6826536655426025,0.8770954012870789,0.840323269367218,0.9836093783378601,0.6991908550262451,0.8704118132591248,0.8263941407203674,0.9843950867652893,0.0,0.9,0.0016814719419926405,0.011139554902911186,0.9697280526161194,0.0363636389374733
f60_a1_p02_s03,pku_round0_00115,0.75,0.25,0.746031746031746,47.0,18.0,0.6087102890014648,0.9232063293457031,0.915156364440918,0.9582349061965942,0.6852183938026428,0.9114176630973816,0.9028916358947754,0.9546780586242676,0.0,0.8,0.0037497379817068577,0.02248397469520569,0.9698734879493713,0.21212120354175568
f60_a1_p02_s04,pku_round0_00115,0.75,0.25,1.0,63.0,18.0,0.07248643785715103,0.9921979308128357,0.9909220337867737,0.9978223443031311,0.05551930144429207,0.9941249489784241,0.9929239749908447,0.99854576587677,0.0,0.7,0.0013871793635189533,0.022600090131163597,0.9522020816802979,0.38461539149284363
f60_a2_p02_s00,pku_round0_00115,0.5,0.5,0.0,0.0,18.0,2.7121269702911377,0.5084871053695679,0.41588470339775085,0.7812877893447876,4.558578014373779,0.19103935360908508,0.11564050614833832,0.5003045797348022,1.0,0.6,0.29844969511032104,3.045757293701172,0.9336739182472229,0.35164836049079895
f60_a2_p02_s01,pku_round0_00115,0.5,0.5,0.25396825396825395,16.0,18.0,2.846048355102539,0.2956242561340332,0.12453007698059082,0.8410876393318176,3.421539783477783,0.185260608792305,0.0028721988201141357,0.7675902247428894,0.0,0.8,0.0190809965133667,0.07977151870727539,0.9799097180366516,0.09090909361839294
f60_a2_p02_s02,pku_round0_00115,0.5,0.5,0.5079365079365079,32.0,18.0,3.8221631050109863,0.16332301497459412,0.05869438499212265,0.6838834285736084,4.179512023925781,0.16508319973945618,0.0657343864440918,0.6050348877906799,0.0,0.8,0.02109435200691223,0.08707107603549957,0.98488450050354,0.13636364042758942
f60_a2_p02_s03,pku_round0_00115,0.5,0.5,0.746031746031746,47.0,18.0,3.1087260246276855,0.2222837656736374,0.07988344132900238,0.7803511619567871,3.1907715797424316,0.20835188031196594,0.0868212878704071,0.757938802242279,0.0,1.0,0.011780960485339165,0.05006689578294754,0.980770468711853,0.13333334028720856
f60_a2_p02_s04,pku_round0_00115,0.5,0.5,1.0,63.0,18.0,1.4601737260818481,0.7258432507514954,0.634993314743042,0.9181793332099915,1.3365815877914429,0.7363848090171814,0.6456443667411804,0.9377154111862183,0.0,0.9,0.010017279535531998,0.08358034491539001,0.9499025344848633,0.16363635659217834
f60_a3_p02_s00,pku_round0_00115,0.25,0.75,0.0,0.0,18.0,2.7121269702911377,0.5084871053695679,0.41588470339775085,0.7812877893447876,4.601808547973633,0.18105052411556244,0.10039539635181427,0.4952056109905243,1.0,0.6,0.30449122190475464,3.487764835357666,0.9282885789871216,0.35164836049079895
f60_a3_p02_s01,pku_round0_00115,0.25,0.75,0.25396825396825395,16.0,18.0,2.846048355102539,0.2956242561340332,0.12453007698059082,0.8410876393318176,3.4505765438079834,0.2022836059331894,0.0384693443775177,0.7575945854187012,0.0,0.8,0.019137904047966003,0.0802420973777771,0.980048656463623,0.09090909361839294
f60_a3_p02_s02,pku_round0_00115,0.25,0.75,0.5079365079365079,32.0,18.0,3.8221631050109863,0.16332301497459412,0.05869438499212265,0.6838834285736084,4.071736812591553,0.2010747790336609,0.11254274100065231,0.6231903433799744,0.0,0.8,0.027306105941534042,0.11314889788627625,0.983812689781189,0.1515151411294937
f60_a3_p02_s03,pku_round0_00115,0.25,0.75,0.746031746031746,47.0,18.0,3.1087260246276855,0.2222837656736374,0.07988344132900238,0.7803511619567871,3.217198610305786,0.20336869359016418,0.08287674188613892,0.7535913586616516,0.0,1.0,0.012919019907712936,0.054834119975566864,0.9801092147827148,0.13333334028720856
f60_a3_p02_s04,pku_round0_00115,0.25,0.75,1.0,63.0,18.0,3.3278396129608154,0.30163803696632385,0.22655437886714935,0.7036707401275635,3.1288914680480957,0.3318136930465698,0.23218518495559692,0.7428014874458313,0.0,0.9,0.016696594655513763,0.07346829026937485,0.9818539619445801,0.1454545557498932
f60_a4_p02_s00,pku_round0_00115,0.0,1.0,0.0,0.0,18.0,2.7121269702911377,0.5084871053695679,0.41588470339775085,0.7812877893447876,4.6312575340271,0.1728489249944687,0.08728251606225967,0.4928474724292755,1.0,0.6,0.3099137544631958,3.876680612564087,0.921922504901886,0.37362638115882874
f60_a4_p02_s01,pku_round0_00115,0.0,1.0,0.25396825396825395,16.0,18.0,0.7632322311401367,0.7696252465248108,0.6316390037536621,0.9994476437568665,0.786575973033905,0.745782732963562,0.5793761014938354,0.9993046522140503,0.0,0.9,0.0019972496666014194,0.008111037313938141,0.961387574672699,0.0727272778749466
f60_a4_p02_s02,pku_round0_00115,0.0,1.0,0.5079365079365079,32.0,18.0,0.31513556838035583,0.9575387239456177,0.9478533864021301,0.9864515662193298,0.4900527596473694,0.9269169569015503,0.9096725583076477,0.9816954731941223,0.0,0.9,0.0056540872901678085,0.03690125048160553,0.9256812930107117,0.23636361956596375
f60_a4_p02_s03,pku_round0_00115,0.0,1.0,0.746031746031746,47.0,18.0,0.35689789056777954,0.9611160159111023,0.9590461850166321,0.9753485321998596,0.5057359337806702,0.9436691999435425,0.939751923084259,0.9632750153541565,0.0,0.6,0.0038816346786916256,0.03155950829386711,0.9620583653450012,0.3296703100204468
f60_a4_p02_s04,pku_round0_00115,0.0,1.0,1.0,63.0,18.0,0.5569259524345398,0.9296649694442749,0.912369430065155,0.9704235792160034,0.49006280303001404,0.9440101981163025,0.9325820803642273,0.9715619683265686,0.0,0.7,0.012079544365406036,0.16183598339557648,0.956730306148529,0.3333333432674408
f60_a0_p03_s00,pku_round0_00123,1.0,0.0,0.0,0.0,14.0,3.799506902694702,0.41047874093055725,0.3492277264595032,0.6041280031204224,4.889070987701416,0.13775058090686798,0.08667752891778946,0.4218396842479706,1.0,0.6,0.22037914395332336,2.558511257171631,0.9201517105102539,0.2857142686843872
f60_a0_p03_s01,pku_round0_00123,1.0,0.0,0.25396825396825395,16.0,14.0,4.084955215454102,0.09405916184186935,0.017290309071540833,0.5152095556259155,4.159151077270508,0.10104559361934662,0.026539243757724762,0.5258452296257019,0.0,0.9,0.027590099722146988,0.1161259114742279,0.9774487614631653,0.2909091114997864
f60_a0_p03_s02,pku_round0_00123,1.0,0.0,0.5079365079365079,32.0,14.0,4.345941066741943,0.144558846950531,0.09301480650901794,0.48828235268592834,4.253845691680908,0.2097582221031189,0.1256677806377411,0.5289413332939148,0.0,0.9,0.033720262348651886,0.1433374434709549,0.9643164277076721,0.16363635659217834
f60_a0_p03_s03,pku_round0_00123,1.0,0.0,0.746031746031746,47.0,14.0,1.164348840713501,0.7031973004341125,0.533543050289154,0.9747293591499329,1.3924214839935303,0.5989827513694763,0.3569718599319458,0.965387225151062,0.0,0.8,0.01269713044166565,0.05658156797289848,0.905170202255249,0.13636364042758942
f60_a0_p03_s04,pku_round0_00123,1.0,0.0,1.0,63.0,14.0,0.21914269030094147,0.9575747847557068,0.9242923855781555,0.9984659552574158,0.505236029624939,0.8901521563529968,0.8123714923858643,0.9933766722679138,0.0,0.9,0.009421147406101227,0.04134995490312576,0.9616782665252686,0.0727272778749466
f60_a1_p03_s00,pku_round0_00123,0.75,0.25,0.0,0.0,14.0,3.799506902694702,0.41047874093055725,0.3492277264595032,0.6041280031204224,4.914646625518799,0.1343221217393875,0.08213017135858536,0.41679707169532776,1.0,0.6,0.21889649331569672,2.682002067565918,0.9233353734016418,0.2967033088207245
f60_a1_p03_s01,pku_round0_00123,0.75,0.25,0.25396825396825395,16.0,14.0,4.084955215454102,0.09405916184186935,0.017290309071540833,0.5152095556259155,4.221675395965576,0.08929462730884552,0.015266776084899902,0.5084686875343323,0.0,0.8,0.022546112537384033,0.09508688747882843,0.9780197143554688,0.22727273404598236
f60_a1_p03_s02,pku_round0_00123,0.75,0.25,0.5079365079365079,32.0,14.0,4.345941066741943,0.144558846950531,0.09301480650901794,0.48828235268592834,4.330503463745117,0.19718091189861298,0.11996375769376755,0.5100702047348022,0.0,0.9,0.03119528666138649,0.13307484984397888,0.9641063213348389,0.1818181872367859
f60_a1_p03_s03,pku_round0_00123,0.75,0.25,0.746031746031746,47.0,14.0,1.164348840713501,0.7031973004341125,0.533543050289154,0.9747293591499329,1.3841729164123535,0.6348037123680115,0.43505385518074036,0.9625510573387146,0.0,0.8,0.008857016451656818,0.04156516492366791,0.9081671237945557,0.13636364042758942
f60_a1_p03_s04,pku_round0_00123,0.75,0.25,1.0,63.0,14.0,0.21914269030094147,0.9575747847557068,0.9242923855781555,0.9984659552574158,0.512967050075531,0.8875515460968018,0.8075363636016846,0.9932036399841309,0.0,0.9,0.009883884340524673,0.04324178025126457,0.9620256423950195,0.0727272778749466
f60_a2_p03_s00,pku_round0_00123,0.5,0.5,0.0,0.0,14.0,3.799506902694702,0.41047874093055725,0.3492277264595032,0.6041280031204224,4.950069427490234,0.12854114174842834,0.07347182184457779,0.4090213477611542,1.0,0.6,0.2176285684108734,2.76265287399292,0.9254961013793945,0.2967033088207245
f60_a2_p03_s01,pku_round0_00123,0.5,0.5,0.25396825396825395,16.0,14.0,4.084955215454102,0.09405916184186935,0.017290309071540833,0.5152095556259155,4.275568962097168,0.07819868624210358,0.004161655902862549,0.4909672141075134,0.0,0.9,0.020853852853178978,0.08822960406541824,0.9778063297271729,0.20000000298023224
f60_a2_p03_s02,pku_round0_00123,0.5,0.5,0.5079365079365079,32.0,14.0,1.189839482307434,0.577225923538208,0.37460052967071533,0.9951440095901489,1.402499794960022,0.5221115350723267,0.3416746258735657,0.9898729920387268,0.0,0.9,0.007786370348185301,0.03305629640817642,0.9502260088920593,0.0363636389374733
f60_a2_p03_s03,pku_round0_00123,0.5,0.5,0.746031746031746,47.0,14.0,2.5430874824523926,0.3193013668060303,0.09288279712200165,0.8191871047019958,2.897134304046631,0.27446746826171875,0.11057545244693756,0.7758099436759949,0.0,0.8,0.022498760372400284,0.09673884510993958,0.9660712480545044,0.12121212482452393
f60_a2_p03_s04,pku_round0_00123,0.5,0.5,1.0,63.0,14.0,1.428127408027649,0.4474768042564392,0.11494028568267822,0.9906872510910034,1.8875367641448975,0.26950016617774963,0.02411748468875885,0.9686786532402039,1.0,0.6,0.056756287813186646,0.24618834257125854,0.902941107749939,0.20879119634628296
f60_a3_p03_s00,pku_round0_00123,0.25,0.75,0.0,0.0,14.0,3.799506902694702,0.41047874093055725,0.3492277264595032,0.6041280031204224,4.97616720199585,0.12424524873495102,0.06669110059738159,0.40395307540893555,1.0,0.6,0.21694421768188477,2.8148033618927,0.9266776442527771,0.2857142686843872
f60_a3_p03_s01,pku_round0_00123,0.25,0.75,0.25396825396825395,16.0,14.0,4.084955215454102,0.09405916184186935,0.017290309071540833,0.5152095556259155,4.318254470825195,0.0738593265414238,0.00555061548948288,0.48174428939819336,1.0,0.9,0.022291850298643112,0.09446902573108673,0.9769064784049988,0.20000000298023224
f60_a3_p03_s02,pku_round0_00123,0.25,0.75,0.5079365079365079,32.0,14.0,1.9318591356277466,0.5517206192016602,0.4709860682487488,0.9088904857635498,2.464693069458008,0.4092228412628174,0.3305087387561798,0.8469698429107666,0.0,0.8,0.020143847912549973,0.08541275560855865,0.974014163017273,0.13636364042758942
f60_a3_p03_s03,pku_round0_00123,0.25,0.75,0.746031746031746,47.0,14.0,0.43545079231262207,0.9246613383293152,0.8915027379989624,0.9914469718933105,0.7047117948532104,0.8696936964988708,0.8206289410591125,0.981839120388031,0.0,0.9,0.005695623811334372,0.025666330009698868,0.9730132818222046,0.05454545468091965
f60_a3_p03_s04,pku_round0_00123,0.25,0.75,1.0,63.0,14.0,0.39795976877212524,0.9268888235092163,0.8842097520828247,0.9927365779876709,0.8812114596366882,0.7887059450149536,0.6930250525474548,0.9887155294418335,0.0,0.7,0.02692347764968872,0.13568688929080963,0.939811646938324,0.1666666716337204
f60_a4_p03_s00,pku_round0_00123,0.0,1.0,0.0,0.0,14.0,3.799506902694702,0.41047874093055725,0.3492277264595032,0.6041280031204224,5.003266334533691,0.11943308264017105,0.059378355741500854,0.3992792069911957,1.0,0.6,0.21665255725383759,2.82613468170166,0.9267906546592712,0.2967033088207245
f60_a4_p03_s01,pku_round0_00123,0.0,1.0,0.25396825396825395,16.0,14.0,4.084955215454102,0.09405916184186935,0.017290309071540833,0.5152095556259155,4.348197937011719,0.07413647323846817,0.014566142112016678,0.4738427698612213,1.0,0.8,0.027007637545466423,0.11438577622175217,0.9752904772758484,0.22727273404598236
f60_a4_p03_s02,pku_round0_00123,0.0,1.0,0.5079365079365079,32.0,14.0,1.9257506132125854,0.4521823823451996,0.25770115852355957,0.9548872113227844,2.2143476009368896,0.3419850170612335,0.12460611760616302,0.9299413561820984,0.0,0.9,0.010312408208847046,0.043946024030447006,0.965214729309082,0.0363636389374733
f60_a4_p03_s03,pku_round0_00123,0.0,1.0,0.746031746031746,47.0,14.0,3.3578524589538574,0.2252904325723648,0.048457950353622437,0.7207636833190918,3.8378515243530273,0.14726164937019348,0.005641505122184753,0.6293957829475403,1.0,1.0,0.02396097220480442,0.1052008792757988,0.9753810167312622,0.13333334028720856
f60_a4_p03_s04,pku_round0_00123,0.0,1.0,1.0,63.0,14.0,0.23086772859096527,0.9685100317001343,0.9533371329307556,0.9909407496452332,0.9865062236785889,0.8482432961463928,0.8079456686973572,0.9435859322547913,0.0,0.7,0.02741306647658348,0.1329101324081421,0.9659448266029358,0.19230769574642181
f60_a0_p04_s00,pku_round0_00126,1.0,0.0,0.0,0.0,14.0,3.6305243968963623,0.41727346181869507,0.32773399353027344,0.6510975360870361,4.391592979431152,0.24809245765209198,0.11108279228210449,0.5365719199180603,1.0,0.6,0.23318450152873993,2.6436030864715576,0.9380925893783569,0.34065932035446167
f60_a0_p04_s01,pku_round0_00126,1.0,0.0,0.25396825396825395,16.0,14.0,2.259777784347534,0.5544759035110474,0.4782540500164032,0.8777391314506531,2.778033971786499,0.37768110632896423,0.20877166092395782,0.8254197239875793,0.0,0.8,0.030758388340473175,0.12903286516666412,0.9690049290657043,0.1666666716337204
f60_a0_p04_s02,pku_round0_00126,1.0,0.0,0.5079365079365079,32.0,14.0,3.8638856410980225,0.18507719039916992,0.0962761715054512,0.6450169682502747,3.684349536895752,0.1843416541814804,0.07512284070253372,0.6785151958465576,0.0,0.9,0.00953659787774086,0.04042525216937065,0.978742778301239,0.09090909361839294
f60_a0_p04_s03,pku_round0_00126,1.0,0.0,0.746031746031746,47.0,14.0,2.1947014331817627,0.3878213167190552,0.061243027448654175,0.8832249641418457,2.674905300140381,0.30292239785194397,0.009319931268692017,0.8316881656646729,0.0,1.0,0.013511884957551956,0.05646859109401703,0.9816546440124512,0.02222222276031971
f60_a0_p04_s04,pku_round0_00126,1.0,0.0,1.0,63.0,14.0,3.503192186355591,0.2457076758146286,0.1509789228439331,0.7176703214645386,3.6682634353637695,0.21699289977550507,0.1160818338394165,0.6884626746177673,0.0,0.9,0.01187147293239832,0.049494341015815735,0.9871231913566589,0.12727272510528564
f60_a1_p04_s00,pku_round0_00126,0.75,0.25,0.0,0.0,14.0,3.6305243968963623,0.41727346181869507,0.32773399353027344,0.6510975360870361,4.503376007080078,0.23969502747058868,0.11534285545349121,0.5193763375282288,1.0,0.6,0.22976970672607422,2.715780735015869,0.941035807132721,0.34065932035446167
f60_a1_p04_s01,pku_round0_00126,0.75,0.25,0.25396825396825395,16.0,14.0,2.5145044326782227,0.30576127767562866,0.0923054963350296,0.8908835053443909,3.124925374984741,0.20345519483089447,0.018207132816314697,0.7993112206459045,0.0,0.9,0.03131191432476044,0.13112536072731018,0.9716293215751648,0.12727272510528564
f60_a1_p04_s02,pku_round0_00126,0.75,0.25,0.5079365079365079,32.0,14.0,1.7916676998138428,0.7122780680656433,0.6528899669647217,0.8652862906455994,2.5086662769317627,0.5834214091300964,0.5179633498191833,0.7928709983825684,0.0,0.8,0.017637578770518303,0.07403901219367981,0.9790285229682922,0.1515151411294937
f60_a1_p04_s03,pku_round0_00126,0.75,0.25,0.746031746031746,47.0,14.0,1.9150354862213135,0.4161527454853058,0.08694884181022644,0.9103689789772034,2.4160921573638916,0.44422441720962524,0.2833369970321655,0.8452218174934387,1.0,0.9,0.05837905779480934,0.2482362687587738,0.9701237082481384,0.1818181872367859
f60_a1_p04_s04,pku_round0_00126,0.75,0.25,1.0,63.0,14.0,0.4511025547981262,0.9426612854003906,0.9355199933052063,0.9748237729072571,0.5473604202270508,0.9245403409004211,0.9133479595184326,0.9715572595596313,0.0,0.8,0.0021369813475757837,0.013414745219051838,0.974644660949707,0.10606060177087784
f60_a2_p04_s00,pku_round0_00126,0.5,0.5,0.0,0.0,14.0,3.6305243968963623,0.41727346181869507,0.32773399353027344,0.6510975360870361,4.611456394195557,0.2318500280380249,0.11973469704389572,0.5018904805183411,1.0,0.6,0.22674308717250824,2.770876407623291,0.9435724020004272,0.34065932035446167
f60_a2_p04_s01,pku_round0_00126,0.5,0.5,0.25396825396825395,16.0,14.0,2.5145044326782227,0.30576127767562866,0.0923054963350296,0.8908835053443909,3.167167901992798,0.19945554435253143,0.01926247775554657,0.7915967106819153,0.0,0.9,0.033319152891635895,0.13977551460266113,0.9708431363105774,0.1090909093618393
f60_a2_p04_s02,pku_round0_00126,0.5,0.5,0.5079365079365079,32.0,14.0,1.7916676998138428,0.7122780680656433,0.6528899669647217,0.8652862906455994,2.473024368286133,0.5941520929336548,0.5329796075820923,0.7973615527153015,0.0,0.8,0.015206117182970047,0.06381847709417343,0.9794244170188904,0.13636364042758942
f60_a2_p04_s03,pku_round0_00126,0.5,0.5,0.746031746031746,47.0,14.0,1.9150354862213135,0.4161527454853058,0.08694884181022644,0.9103689789772034,2.3692615032196045,0.4465390741825104,0.27303269505500793,0.8522247672080994,1.0,0.9,0.051628727465867996,0.21889764070510864,0.9697962999343872,0.1818181872367859
f60_a2_p04_s04,pku_round0_00126,0.5,0.5,1.0,63.0,14.0,0.4511025547981262,0.9426612854003906,0.9355199933052063,0.9748237729072571,0.5823976993560791,0.9195801615715027,0.9078220725059509,0.9688383936882019,0.0,0.8,0.002553000347688794,0.0158834271132946,0.9731593132019043,0.12121212482452393
f60_a3_p04_s00,pku_round0_00126,0.25,0.75,0.0,0.0,14.0,3.6305243968963623,0.41727346181869507,0.32773399353027344,0.6510975360870361,4.7296576499938965,0.21990013122558594,0.11803574860095978,0.482720285654068,1.0,0.6,0.22414498031139374,2.7980895042419434,0.9456608891487122,0.34065932035446167
f60_a3_p04_s01,pku_round0_00126,0.25,0.75,0.25396825396825395,16.0,14.0,2.844721794128418,0.2577761709690094,0.030289500951766968,0.8193897604942322,3.428130626678467,0.23803353309631348,0.07697199285030365,0.7318781018257141,0.0,0.9,0.025946922600269318,0.11503593623638153,0.9758299589157104,0.12727272510528564
f60_a3_p04_s02,pku_round0_00126,0.25,0.75,0.5079365079365079,32.0,14.0,0.07526227831840515,0.9908924102783203,0.9868428707122803,0.9986633062362671,0.09355291724205017,0.9893339276313782,0.9860339760780334,0.9973823428153992,0.0,0.8,0.00036573619581758976,0.0016926894895732403,0.8445533514022827,0.10606060177087784
f60_a3_p04_s03,pku_round0_00126,0.25,0.75,0.746031746031746,47.0,14.0,2.786219596862793,0.2970280945301056,0.060216665267944336,0.8341578841209412,2.9610848426818848,0.4364868700504303,0.3449942469596863,0.7556670904159546,0.0,0.7,0.0949043333530426,0.7847887277603149,0.9520308971405029,0.21794871985912323
f60_a3_p04_s04,pku_round0_00126,0.25,0.75,1.0,63.0,14.0,1.1207553148269653,0.732869029045105,0.620479941368103,0.9760033488273621,1.1429466009140015,0.729577898979187,0.6194280982017517,0.9767093658447266,0.0,0.9,0.00193145708180964,0.010630407370626926,0.9798304438591003,0.0727272778749466
f60_a4_p04_s00,pku_round0_00126,0.0,1.0,0.0,0.0,14.0,3.6305243968963623,0.41727346181869507,0.32773399353027344,0.6510975360870361,4.838153839111328,0.20871834456920624,0.11646122485399246,0.46495768427848816,1.0,0.6,0.222365140914917,2.8258745670318604,0.9468200206756592,0.36263737082481384
f60_a4_p04_s01,pku_round0_00126,0.0,1.0,0.25396825396825395,16.0,14.0,2.844721794128418,0.2577761709690094,0.030289500951766968,0.8193897604942322,3.3931775093078613,0.24224603176116943,0.07704858481884003,0.7397886514663696,0.0,0.9,0.026526696979999542,0.11853031814098358,0.9738901853561401,0.1090909093618393
f60_a4_p04_s02,pku_round0_00126,0.0,1.0,0.5079365079365079,32.0,14.0,0.07526227831840515,0.9908924102783203,0.9868428707122803,0.9986633062362671,0.10121876746416092,0.9884059429168701,0.9847280383110046,0.9970108270645142,0.0,0.8,0.00040909816743806005,0.0018615026492625475,0.8518185615539551,0.09090909361839294
f60_a4_p04_s03,pku_round0_00126,0.0,1.0,0.746031746031746,47.0,14.0,2.786219596862793,0.2970280945301056,0.060216665267944336,0.8341578841209412,2.967169761657715,0.43824684619903564,0.34046077728271484,0.7577952146530151,0.0,0.6,0.11465249955654144,1.0039292573928833,0.9475395679473877,0.2637362778186798
f60_a4_p04_s04,pku_round0_00126,0.0,1.0,1.0,63.0,14.0,2.1024110317230225,0.6531898975372314,0.6066065430641174,0.840643048286438,2.3853836059570312,0.5944416522979736,0.5391499996185303,0.8110296130180359,0.0,0.9,0.0061359405517578125,0.02596062794327736,0.9826790690422058,0.0727272778749466
f60_a0_p05_s00,pku_round0_00146,1.0,0.0,0.0,0.0,9.0,4.303008079528809,0.3283612132072449,0.25622981786727905,0.5436729788780212,5.225547790527344,0.15183666348457336,0.10117604583501816,0.3987622559070587,1.0,0.6,0.1703210175037384,2.027261734008789,0.9579306840896606,0.3076923191547394
f60_a0_p05_s01,pku_round0_00146,1.0,0.0,0.25396825396825395,16.0,9.0,2.0537850856781006,0.6484529376029968,0.6082741618156433,0.8380939960479736,2.265223979949951,0.615961492061615,0.5621393918991089,0.7982467412948608,0.0,0.8,0.025502879172563553,0.11261998116970062,0.9702324867248535,0.24242424964904785
f60_a0_p05_s02,pku_round0_00146,1.0,0.0,0.5079365079365079,32.0,9.0,2.4709603786468506,0.3813883066177368,0.2211550623178482,0.8836134076118469,2.5548954010009766,0.3653658926486969,0.20822398364543915,0.8733521699905396,0.0,1.0,0.008468342944979668,0.037677474319934845,0.979300320148468,0.1111111119389534
f60_a0_p05_s03,pku_round0_00146,1.0,0.0,0.746031746031746,47.0,9.0,1.1419811248779297,0.576321005821228,0.2479431927204132,0.9862896800041199,1.1295720338821411,0.6238664388656616,0.35970476269721985,0.9873872995376587,0.0,0.9,0.006124352104961872,0.029777145013213158,0.9640884399414062,0.09090909361839294
f60_a0_p05_s04,pku_round0_00146,1.0,0.0,1.0,63.0,9.0,2.0827598571777344,0.47119370102882385,0.33724501729011536,0.9259791374206543,2.3858768939971924,0.4550166726112366,0.29150301218032837,0.8707249164581299,1.0,0.8,0.21124383807182312,0.9547837972640991,0.9636932015419006,0.24242424964904785
f60_a1_p05_s00,pku_round0_00146,0.75,0.25,0.0,0.0,9.0,4.303008079528809,0.3283612132072449,0.25622981786727905,0.5436729788780212,5.252656936645508,0.1523544043302536,0.1057070717215538,0.3899843096733093,1.0,0.6,0.16775867342948914,2.1549136638641357,0.9595800042152405,0.2967033088207245
f60_a1_p05_s01,pku_round0_00146,0.75,0.25,0.25396825396825395,16.0,9.0,1.9600681066513062,0.6399135589599609,0.584865391254425,0.8778393268585205,1.1172012090682983,0.8048931956291199,0.7731926441192627,0.9560337066650391,0.0,0.8,0.0314619317650795,0.14623437821865082,0.9466394782066345,0.19696970283985138
f60_a1_p05_s02,pku_round0_00146,0.75,0.25,0.5079365079365079,32.0,9.0,2.467582941055298,0.5197928547859192,0.4166368246078491,0.8262108564376831,3.2173261642456055,0.34332501888275146,0.2611386179924011,0.7519873380661011,0.0,0.8,0.04652315005660057,0.1934652328491211,0.9793323874473572,0.1818181872367859
f60_a1_p05_s03,pku_round0_00146,0.75,0.25,0.746031746031746,47.0,9.0,2.492421865463257,0.37370187044143677,0.24455393850803375,0.8715640902519226,2.7476539611816406,0.2858124375343323,0.17033377289772034,0.8437373638153076,0.0,1.0,0.015497487038373947,0.0724526196718216,0.9588591456413269,0.08888889104127884
f60_a1_p05_s04,pku_round0_00146,0.75,0.25,1.0,63.0,9.0,0.1184459924697876,0.9806195497512817,0.9690232872962952,0.9996390342712402,0.15623345971107483,0.972195029258728,0.9564809799194336,0.9996621012687683,0.0,0.8,0.0005788143025711179,0.0024581304751336575,0.9745789766311646,0.09090909361839294
f60_a2_p05_s00,pku_round0_00146,0.5,0.5,0.0,0.0,9.0,4.303008079528809,0.3283612132072449,0.25622981786727905,0.5436729788780212,5.28666353225708,0.15120796859264374,0.10509214550256729,0.3817221224308014,1.0,0.6,0.16595321893692017,2.268578052520752,0.9604761600494385,0.2967033088207245
f60_a2_p05_s01,pku_round0_00146,0.5,0.5,0.25396825396825395,16.0,9.0,1.9600681066513062,0.6399135589599609,0.584865391254425,0.8778393268585205,1.303400993347168,0.764089047908783,0.7260472774505615,0.9456252455711365,0.0,0.8,0.024236712604761124,0.11323189735412598,0.9494765400886536,0.1818181872367859
f60_a2_p05_s02,pku_round0_00146,0.5,0.5,0.5079365079365079,32.0,9.0,2.271533966064453,0.448388934135437,0.23986870050430298,0.874018669128418,2.615365505218506,0.3475375175476074,0.13674534857273102,0.8417946100234985,0.0,0.8,0.030005168169736862,0.1745501607656479,0.9585833549499512,0.12121212482452393
f60_a2_p05_s03,pku_round0_00146,0.5,0.5,0.746031746031746,47.0,9.0,4.614578723907471,0.08184836059808731,0.00555729866027832,0.47134214639663696,4.502828121185303,0.08705102652311325,0.008406974375247955,0.5199640393257141,1.0,1.0,0.013516521081328392,0.05583705008029938,0.9875580668449402,0.15555554628372192
f60_a2_p05_s04,pku_round0_00146,0.5,0.5,1.0,63.0,9.0,1.3107657432556152,0.7662504315376282,0.6575730443000793,0.9264301657676697,1.1279380321502686,0.8101785182952881,0.7299599647521973,0.9390944838523865,0.0,0.9,0.004581323824822903,0.021298499777913094,0.9879128932952881,0.16363635659217834
f60_a3_p05_s00,pku_round0_00146,0.25,0.75,0.0,0.0,9.0,4.303008079528809,0.3283612132072449,0.25622981786727905,0.5436729788780212,5.332269191741943,0.14708194136619568,0.10187267512083054,0.37058717012405396,1.0,0.6,0.16538843512535095,2.361361503601074,0.9602804780006409,0.3076923191547394
f60_a3_p05_s01,pku_round0_00146,0.25,0.75,0.25396825396825395,16.0,9.0,1.8054479360580444,0.6626788973808289,0.6074262857437134,0.8987223505973816,1.4263228178024292,0.7313655614852905,0.6853358149528503,0.9393024444580078,0.0,0.8,0.01681804284453392,0.07984068989753723,0.9525370001792908,0.19696970283985138
f60_a3_p05_s02,pku_round0_00146,0.25,0.75,0.5079365079365079,32.0,9.0,0.6092075109481812,0.878072202205658,0.840679407119751,0.9946309924125671,0.8288310766220093,0.8104850053787231,0.7418444752693176,0.9935140609741211,0.0,1.0,0.0053894673474133015,0.022381702437996864,0.9761255383491516,0.02222222276031971
f60_a3_p05_s03,pku_round0_00146,0.25,0.75,0.746031746031746,47.0,9.0,1.4610885381698608,0.4319246709346771,0.14420083165168762,0.985571563243866,1.608242154121399,0.46629688143730164,0.20060893893241882,0.9728409051895142,1.0,0.8,0.027590090408921242,0.11488386988639832,0.9819270372390747,0.13636364042758942
f60_a3_p05_s04,pku_round0_00146,0.25,0.75,1.0,63.0,9.0,1.6472365856170654,0.5046791434288025,0.2033214569091797,0.9315483570098877,2.117034912109375,0.4382031559944153,0.17033493518829346,0.8820110559463501,0.0,0.9,0.009203141555190086,0.03802921250462532,0.9854404926300049,0.0727272778749466
f60_a4_p05_s00,pku_round0_00146,0.0,1.0,0.0,0.0,9.0,4.303008079528809,0.3283612132072449,0.25622981786727905,0.5436729788780212,5.385202407836914,0.14052540063858032,0.09699266403913498,0.3581605553627014,1.0,0.6,0.16665872931480408,2.441697597503662,0.9585807919502258,0.3186812996864319
f60_a4_p05_s01,pku_round0_00146,0.0,1.0,0.25396825396825395,16.0,9.0,2.9331576824188232,0.3326670527458191,0.16275735199451447,0.77137291431427,3.1854915618896484,0.3469683527946472,0.23863956332206726,0.7321826219558716,0.0,0.7,0.019126607105135918,0.08469216525554657,0.9738375544548035,0.19230769574642181
f60_a4_p05_s02,pku_round0_00146,0.0,1.0,0.5079365079365079,32.0,9.0,2.2553250789642334,0.5279873609542847,0.3731291890144348,0.8624873757362366,3.0682358741760254,0.36915498971939087,0.23228532075881958,0.7518775463104248,0.0,0.8,0.028330974280834198,0.11920510232448578,0.9799467921257019,0.12121212482452393
f60_a4_p05_s03,pku_round0_00146,0.0,1.0,0.746031746031746,47.0,9.0,0.5467965602874756,0.9168251156806946,0.8916170001029968,0.9799032807350159,1.01118803024292,0.8360714316368103,0.7978736758232117,0.949370265007019,0.0,0.8,0.013907715678215027,0.0668046772480011,0.9691870808601379,0.19696970283985138
f60_a4_p05_s04,pku_round0_00146,0.0,1.0,1.0,63.0,9.0,0.08601868152618408,0.9903068542480469,0.9884539246559143,0.997515857219696,0.08898060768842697,0.9904192090034485,0.9889417886734009,0.9970985054969788,0.0,0.6,0.0018295231275260448,0.021029895171523094,0.9438802003860474,0.36263737082481384
f60_a0_p06_s00,pku_round0_00198,1.0,0.0,0.0,0.0,21.0,3.306591749191284,0.20796096324920654,0.07577294111251831,0.7315836548805237,3.1620259284973145,0.2618561089038849,0.15688002109527588,0.7627370953559875,0.0,0.9,0.042357973754405975,0.5219047665596008,0.9509594440460205,0.20000000298023224
f60_a0_p06_s01,pku_round0_00198,1.0,0.0,0.25396825396825395,16.0,21.0,0.03791939467191696,0.9963601231575012,0.9957307577133179,0.9986280798912048,0.025194352492690086,0.9977666139602661,0.997323215007782,0.9988981485366821,0.0,0.7,0.0004055483150295913,0.0024835560470819473,0.976433515548706,0.3076923191547394
f60_a0_p06_s02,pku_round0_00198,1.0,0.0,0.5079365079365079,32.0,21.0,1.5950062274932861,0.6724609732627869,0.5882925987243652,0.9322298169136047,1.864868402481079,0.6381248235702515,0.5550724267959595,0.905273973941803,0.0,0.9,0.006368538364768028,0.0264006108045578,0.9824758172035217,0.1090909093618393
f60_a0_p06_s03,pku_round0_00198,1.0,0.0,0.746031746031746,47.0,21.0,1.6012649536132812,0.5282329320907593,0.24549022316932678,0.9427622556686401,1.9557197093963623,0.5340919494628906,0.3633859157562256,0.9007195234298706,0.0,0.8,0.02411847561597824,0.10223278403282166,0.9750447273254395,0.1818181872367859
f60_a0_p06_s04,pku_round0_00198,1.0,0.0,1.0,63.0,21.0,0.2630082070827484,0.9620477557182312,0.9487470984458923,0.9933103322982788,0.4031592011451721,0.9386361241340637,0.9175723791122437,0.9873291850090027,0.0,0.9,0.0024939216673374176,0.011769287288188934,0.9699249267578125,0.1090909093618393
f60_a1_p06_s00,pku_round0_00198,0.75,0.25,0.0,0.0,21.0,3.306591749191284,0.20796096324920654,0.07577294111251831,0.7315836548805237,3.1709253787994385,0.25660163164138794,0.14709749817848206,0.7635770440101624,0.0,0.9,0.041189029812812805,0.5446109175682068,0.950973629951477,0.1818181872367859
f60_a1_p06_s01,pku_round0_00198,0.75,0.25,0.25396825396825395,16.0,21.0,0.03791939467191696,0.9963601231575012,0.9957307577133179,0.9986280798912048,0.026983002200722694,0.997593104839325,0.9971284866333008,0.9988192915916443,0.0,0.7,0.00038169926847331226,0.0023407437838613987,0.976344108581543,0.28205129504203796
f60_a1_p06_s02,pku_round0_00198,0.75,0.25,0.5079365079365079,32.0,21.0,1.5950062274932861,0.6724609732627869,0.5882925987243652,0.9322298169136047,1.9083647727966309,0.6261990070343018,0.541452169418335,0.9026517868041992,0.0,0.9,0.0068990630097687244,0.028560135513544083,0.9823050498962402,0.1090909093618393
f60_a1_p06_s03,pku_round0_00198,0.75,0.25,0.746031746031746,47.0,21.0,1.6012649536132812,0.5282329320907593,0.24549022316932678,0.9427622556686401,1.9471523761749268,0.539897620677948,0.37001127004623413,0.8990305066108704,0.0,0.8,0.023987729102373123,0.101767897605896,0.9746881127357483,0.1818181872367859
f60_a1_p06_s04,pku_round0_00198,0.75,0.25,1.0,63.0,21.0,0.2630082070827484,0.9620477557182312,0.9487470984458923,0.9933103322982788,0.4179726243019104,0.9362961649894714,0.9149540662765503,0.986581027507782,0.0,0.9,0.002809107769280672,0.013136032968759537,0.9690703749656677,0.1090909093618393
f60_a2_p06_s00,pku_round0_00198,0.5,0.5,0.0,0.0,21.0,3.306591749191284,0.20796096324920654,0.07577294111251831,0.7315836548805237,3.184415817260742,0.25184503197669983,0.139212965965271,0.7657631635665894,0.0,0.9,0.04072810336947441,0.5637235641479492,0.950825035572052,0.1818181872367859
f60_a2_p06_s01,pku_round0_00198,0.5,0.5,0.25396825396825395,16.0,21.0,0.045294445008039474,0.995421826839447,0.9944705367088318,0.9984757900238037,0.03182530030608177,0.9971019625663757,0.9967458844184875,0.9986613392829895,0.0,0.8,0.00047649472253397107,0.002652107970789075,0.9765666723251343,0.21212120354175568
f60_a2_p06_s02,pku_round0_00198,0.5,0.5,0.5079365079365079,32.0,21.0,1.6955835819244385,0.6570109128952026,0.5701538920402527,0.9219034910202026,2.010298728942871,0.5982553958892822,0.5065099596977234,0.8925018310546875,0.0,0.9,0.006679648533463478,0.02756122685968876,0.9831598401069641,0.0727272778749466
f60_a2_p06_s03,pku_round0_00198,0.5,0.5,0.746031746031746,47.0,21.0,3.5029449462890625,0.16187866032123566,0.006201460957527161,0.6603542566299438,3.9572088718414307,0.13202133774757385,0.05967961251735687,0.5528312921524048,0.0,1.0,0.027214504778385162,0.11242705583572388,0.9766572713851929,0.13333334028720856
f60_a2_p06_s04,pku_round0_00198,0.5,0.5,1.0,63.0,21.0,1.498721718788147,0.6751991510391235,0.5336697101593018,0.935170590877533,1.1855626106262207,0.7906320691108704,0.726739227771759,0.941179633140564,0.0,0.9,0.04737957566976547,0.2735360264778137,0.974376916885376,0.1454545557498932
f60_a3_p06_s00,pku_round0_00198,0.25,0.75,0.0,0.0,21.0,3.306591749191284,0.20796096324920654,0.07577294111251831,0.7315836548805237,3.195582866668701,0.24712491035461426,0.1322011649608612,0.7679053544998169,0.0,0.9,0.04085424542427063,0.582054615020752,0.9504066109657288,0.1818181872367859
f60_a3_p06_s01,pku_round0_00198,0.25,0.75,0.25396825396825395,16.0,21.0,2.3314292430877686,0.6000092625617981,0.5475810170173645,0.8082320094108582,3.009265184402466,0.27384233474731445,0.0750541090965271,0.7679909467697144,1.0,0.7,0.14861276745796204,0.6481713056564331,0.9157252907752991,0.28205129504203796
f60_a3_p06_s02,pku_round0_00198,0.25,0.75,0.5079365079365079,32.0,21.0,2.2656381130218506,0.3226297199726105,0.042324185371398926,0.8826197981834412,2.568927049636841,0.32525381445884705,0.09995707869529724,0.8355731964111328,1.0,0.7,0.031822822988033295,0.14534831047058105,0.9016149640083313,0.19230769574642181
f60_a3_p06_s03,pku_round0_00198,0.25,0.75,0.746031746031746,47.0,21.0,2.9232351779937744,0.19799388945102692,0.014879480004310608,0.7858036756515503,3.4876320362091064,0.13322874903678894,0.011922590434551239,0.6618799567222595,0.0,1.0,0.044531043618917465,0.18847441673278809,0.9399688839912415,0.2222222238779068
f60_a3_p06_s04,pku_round0_00198,0.25,0.75,1.0,63.0,21.0,0.2423206865787506,0.9595046043395996,0.9386350512504578,0.9981527328491211,0.8711828589439392,0.8382284641265869,0.7735912203788757,0.9656724333763123,0.0,0.7,0.02529064379632473,0.12740015983581543,0.9440369009971619,0.20512820780277252
f60_a4_p06_s00,pku_round0_00198,0.0,1.0,0.0,0.0,21.0,3.306591749191284,0.20796096324920654,0.07577294111251831,0.7315836548805237,3.206010341644287,0.24318251013755798,0.12650227546691895,0.7692017555236816,0.0,0.9,0.04141690209507942,0.5985194444656372,0.9497658610343933,0.20000000298023224
f60_a4_p06_s01,pku_round0_00198,0.0,1.0,0.25396825396825395,16.0,21.0,2.3314292430877686,0.6000092625617981,0.5475810170173645,0.8082320094108582,3.0708694458007812,0.30469977855682373,0.15620096027851105,0.7482447624206543,1.0,0.7,0.1816302239894867,0.8043521642684937,0.9147756695747375,0.28205129504203796
f60_a4_p06_s02,pku_round0_00198,0.0,1.0,0.5079365079365079,32.0,21.0,2.2656381130218506,0.3226297199726105,0.042324185371398926,0.8826197981834412,2.5952532291412354,0.3296049237251282,0.12334343791007996,0.831970751285553,1.0,0.7,0.03631824627518654,0.16417196393013,0.9040144085884094,0.1794871836900711
f60_a4_p06_s03,pku_round0_00198,0.0,1.0,0.746031746031746,47.0,21.0,2.9232351779937744,0.19799388945102692,0.014879480004310608,0.7858036756515503,3.5072689056396484,0.13845732808113098,0.030626654624938965,0.6607145667076111,0.0,1.0,0.04134402796626091,0.17558449506759644,0.9400767087936401,0.19999998807907104
f60_a4_p06_s04,pku_round0_00198,0.0,1.0,1.0,63.0,21.0,0.31006160378456116,0.9497105479240417,0.9331125617027283,0.9962872862815857,0.9907507300376892,0.82020103931427,0.7866107225418091,0.9654116034507751,0.0,0.9,0.024677682667970657,0.11264641582965851,0.9270461201667786,0.0727272778749466
f60_a0_p07_s00,pku_round0_00203,1.0,0.0,0.0,0.0,23.0,1.3971271514892578,0.7683795690536499,0.7215080857276917,0.928668200969696,1.4747076034545898,0.7555505037307739,0.712253987789154,0.924674928188324,0.0,0.9,0.010055027902126312,0.06262395530939102,0.9835598468780518,0.12727272510528564
f60_a0_p07_s01,pku_round0_00203,1.0,0.0,0.25396825396825395,16.0,23.0,1.0178258419036865,0.5932353138923645,0.24449026584625244,0.9855791926383972,1.2034919261932373,0.5492894649505615,0.1890566349029541,0.974867582321167,0.0,1.0,0.0031976127065718174,0.013676024973392487,0.9820497035980225,0.08888889104127884
f60_a0_p07_s02,pku_round0_00203,1.0,0.0,0.5079365079365079,32.0,23.0,0.021628089249134064,0.9977599382400513,0.9971346259117126,0.9997040033340454,0.05358070135116577,0.9938110709190369,0.9911887645721436,0.9990338683128357,0.0,0.9,0.0005950003396719694,0.002606054302304983,0.8255074620246887,0.12727272510528564
f60_a0_p07_s03,pku_round0_00203,1.0,0.0,0.746031746031746,47.0,23.0,0.4261987805366516,0.926842212677002,0.9029026031494141,0.9937117695808411,0.591279149055481,0.8908169865608215,0.8551798462867737,0.9910500645637512,0.0,1.0,0.002846685703843832,0.011850282549858093,0.984768807888031,0.08888889104127884
f60_a0_p07_s04,pku_round0_00203,1.0,0.0,1.0,63.0,23.0,0.9663243293762207,0.8484454154968262,0.8041765689849854,0.940741240978241,1.3761733770370483,0.7650694847106934,0.6960963606834412,0.9134194254875183,0.0,0.8,0.00837206095457077,0.034411728382110596,0.9838078022003174,0.1666666716337204
f60_a1_p07_s00,pku_round0_00203,0.75,0.25,0.0,0.0,23.0,1.3971271514892578,0.7683795690536499,0.7215080857276917,0.928668200969696,1.513944387435913,0.747442901134491,0.7035952806472778,0.9220606088638306,0.0,0.9,0.010890931822359562,0.06933020055294037,0.9836239218711853,0.12727272510528564
f60_a1_p07_s01,pku_round0_00203,0.75,0.25,0.25396825396825395,16.0,23.0,0.08998211473226547,0.9907203912734985,0.9888227581977844,0.9965292811393738,0.10547700524330139,0.988978922367096,0.9859517812728882,0.9958813786506653,0.0,0.8,0.0004663451109081507,0.0023385505191981792,0.9806154370307922,0.1666666716337204
f60_a1_p07_s02,pku_round0_00203,0.75,0.25,0.5079365079365079,32.0,23.0,2.196416139602661,0.3941653370857239,0.2192555069923401,0.9071753621101379,2.312161684036255,0.32431358098983765,0.12760744988918304,0.9137259125709534,0.0,0.8,0.013651488348841667,0.06823599338531494,0.9784889221191406,0.12121212482452393
f60_a1_p07_s03,pku_round0_00203,0.75,0.25,0.746031746031746,47.0,23.0,0.8304627537727356,0.7982190847396851,0.6595094203948975,0.9809099435806274,0.865868330001831,0.8000708222389221,0.6734812259674072,0.97602379322052,0.0,0.7,0.0024472945369780064,0.012174634262919426,0.9695596694946289,0.1794871836900711
f60_a1_p07_s04,pku_round0_00203,0.75,0.25,1.0,63.0,23.0,1.6730947494506836,0.5846166610717773,0.3977619409561157,0.9369258284568787,1.7488714456558228,0.5742276310920715,0.4044862389564514,0.9237781167030334,0.0,0.9,0.004639599472284317,0.019193526357412338,0.9876013994216919,0.0727272778749466
f60_a2_p07_s00,pku_round0_00203,0.5,0.5,0.0,0.0,23.0,1.3971271514892578,0.7683795690536499,0.7215080857276917,0.928668200969696,1.5473499298095703,0.7409917712211609,0.6971816420555115,0.9195758104324341,0.0,0.9,0.011728296056389809,0.07621492445468903,0.9834877252578735,0.1454545557498932
f60_a2_p07_s01,pku_round0_00203,0.5,0.5,0.25396825396825395,16.0,23.0,2.531850814819336,0.3434922695159912,0.09608405828475952,0.8437719345092773,3.1068270206451416,0.2729455232620239,0.11248911917209625,0.7616451382637024,0.0,0.9,0.018815550953149796,0.07708702981472015,0.98722904920578,0.05454545468091965
f60_a2_p07_s02,pku_round0_00203,0.5,0.5,0.5079365079365079,32.0,23.0,4.213277816772461,0.1954040378332138,0.13809221982955933,0.5127824544906616,4.170846462249756,0.2288341224193573,0.16960373520851135,0.5308640003204346,0.0,0.8,0.010209184139966965,0.041987188160419464,0.9860627055168152,0.19696970283985138
f60_a2_p07_s03,pku_round0_00203,0.5,0.5,0.746031746031746,47.0,23.0,3.9493863582611084,0.22217586636543274,0.02763219177722931,0.5891844630241394,4.5101542472839355,0.24021892249584198,0.19975945353507996,0.47371146082878113,1.0,0.7,0.059851616621017456,0.301585853099823,0.9803323149681091,0.19230769574642181
f60_a2_p07_s04,pku_round0_00203,0.5,0.5,1.0,63.0,23.0,0.18693655729293823,0.9680522084236145,0.9449272751808167,0.9978484511375427,0.2650623023509979,0.9435315728187561,0.897284209728241,0.9988029599189758,0.0,0.7,0.0028535956516861916,0.013970333151519299,0.9727925658226013,0.11538461595773697
f60_a3_p07_s00,pku_round0_00203,0.25,0.75,0.0,0.0,23.0,1.3971271514892578,0.7683795690536499,0.7215080857276917,0.928668200969696,1.5897644758224487,0.732501745223999,0.6856744885444641,0.9164068102836609,0.0,0.9,0.012599136680364609,0.08286188542842865,0.9832262992858887,0.1454545557498932
f60_a3_p07_s01,pku_round0_00203,0.25,0.75,0.25396825396825395,16.0,23.0,2.531850814819336,0.3434922695159912,0.09608405828475952,0.8437719345092773,3.126422643661499,0.2686523497104645,0.10442847013473511,0.7581613659858704,0.0,0.9,0.01892135851085186,0.07765953242778778,0.9870069622993469,0.05454545468091965
f60_a3_p07_s02,pku_round0_00203,0.25,0.75,0.5079365079365079,32.0,23.0,4.213277816772461,0.1954040378332138,0.13809221982955933,0.5127824544906616,4.192141532897949,0.22811807692050934,0.16998842358589172,0.5275713801383972,0.0,0.8,0.0110650435090065,0.045526597648859024,0.9857128858566284,0.1818181872367859
f60_a3_p07_s03,pku_round0_00203,0.25,0.75,0.746031746031746,47.0,23.0,2.481602430343628,0.5001882314682007,0.4319642186164856,0.8217814564704895,2.5786874294281006,0.4705447852611542,0.4006045460700989,0.814232587814331,0.0,0.8,0.004111567046493292,0.017068393528461456,0.9858551621437073,0.09090909361839294
f60_a3_p07_s04,pku_round0_00203,0.25,0.75,1.0,63.0,23.0,2.5549826622009277,0.5230775475502014,0.405447781085968,0.7883976101875305,2.7396655082702637,0.5045391917228699,0.41047680377960205,0.7763077616691589,0.0,0.8,0.006254447624087334,0.025513678789138794,0.9867634177207947,0.07575757056474686
f60_a4_p07_s00,pku_round0_00203,0.0,1.0,0.0,0.0,23.0,1.3971271514892578,0.7683795690536499,0.7215080857276917,0.928668200969696,1.6242619752883911,0.7264053821563721,0.6769728660583496,0.9133679270744324,0.0,0.9,0.013403220102190971,0.08937160670757294,0.9827640056610107,0.1454545557498932
f60_a4_p07_s01,pku_round0_00203,0.0,1.0,0.25396825396825395,16.0,23.0,3.553313970565796,0.24846182763576508,0.1612435281276703,0.685113251209259,4.0555419921875,0.16435441374778748,0.06621391326189041,0.5900152325630188,0.0,0.9,0.018296193331480026,0.07525548338890076,0.9841079115867615,0.1090909093618393
f60_a4_p07_s02,pku_round0_00203,0.0,1.0,0.5079365079365079,32.0,23.0,4.204591274261475,0.19371284544467926,0.1360023319721222,0.5178382992744446,4.192042350769043,0.22871865332126617,0.17088952660560608,0.5282541513442993,0.0,0.8,0.013127118349075317,0.054091379046440125,0.9848088622093201,0.22727273404598236
f60_a4_p07_s03,pku_round0_00203,0.0,1.0,0.746031746031746,47.0,23.0,3.8153693675994873,0.24512934684753418,0.05570806562900543,0.6208083033561707,4.461237907409668,0.25026363134384155,0.19442225992679596,0.48317861557006836,1.0,0.7,0.08282776921987534,0.4585793614387512,0.9802585244178772,0.21794871985912323
f60_a4_p07_s04,pku_round0_00203,0.0,1.0,1.0,63.0,23.0,0.1887422353029251,0.9677821397781372,0.944299578666687,0.9975870251655579,0.32054561376571655,0.9236828684806824,0.8567715287208557,0.9986457824707031,0.0,0.8,0.006618817336857319,0.030831485986709595,0.9708741307258606,0.12121212482452393
f60_a0_p08_s00,pku_round0_00209,1.0,0.0,0.0,0.0,10.0,3.052504062652588,0.3954959511756897,0.317618191242218,0.7468667030334473,3.0763638019561768,0.3638019859790802,0.27603065967559814,0.7608139514923096,0.0,0.9,0.026053912937641144,0.16915959119796753,0.9731872081756592,0.20000000298023224
f60_a0_p08_s01,pku_round0_00209,1.0,0.0,0.25396825396825395,16.0,10.0,1.1002943515777588,0.4735363721847534,0.08096092939376831,0.9987942576408386,1.1209288835525513,0.4381910562515259,0.032930582761764526,0.9989572167396545,1.0,0.7,0.0062401024624705315,0.025357481092214584,0.952850878238678,0.20512820780277252
f60_a0_p08_s02,pku_round0_00209,1.0,0.0,0.5079365079365079,32.0,10.0,3.512878894805908,0.2966782748699188,0.20690065622329712,0.6835622787475586,3.5973496437072754,0.2501721978187561,0.15668967366218567,0.6592829823493958,0.0,1.0,0.013401090167462826,0.05500459671020508,0.9831045269966125,0.13333334028720856
f60_a0_p08_s03,pku_round0_00209,1.0,0.0,0.746031746031746,47.0,10.0,3.8530969619750977,0.14990846812725067,0.05755253881216049,0.6193826794624329,3.6509077548980713,0.1967782974243164,0.0889526903629303,0.6733773350715637,0.0,0.9,0.024538513273000717,0.10101447999477386,0.9865090847015381,0.1454545557498932
f60_a0_p08_s04,pku_round0_00209,1.0,0.0,1.0,63.0,10.0,2.8763394355773926,0.2284267693758011,0.05052782595157623,0.7871916890144348,2.9107275009155273,0.30017614364624023,0.12644751369953156,0.7815209031105042,0.0,0.9,0.015982329845428467,0.06577673554420471,0.9845081567764282,0.05454545468091965
f60_a1_p08_s00,pku_round0_00209,0.75,0.25,0.0,0.0,10.0,3.052504062652588,0.3954959511756897,0.317618191242218,0.7468667030334473,3.098318338394165,0.35591182112693787,0.26731836795806885,0.7596865296363831,0.0,0.9,0.025992507115006447,0.1709614247083664,0.9737904667854309,0.1818181872367859
f60_a1_p08_s01,pku_round0_00209,0.75,0.25,0.25396825396825395,16.0,10.0,1.1002943515777588,0.4735363721847534,0.08096092939376831,0.9987942576408386,1.1177237033843994,0.4297875761985779,0.01322317123413086,0.9988991618156433,1.0,0.7,0.005474936682730913,0.022288382053375244,0.9533479809761047,0.19230769574642181
f60_a1_p08_s02,pku_round0_00209,0.75,0.25,0.5079365079365079,32.0,10.0,1.1461718082427979,0.5863848328590393,0.40187063813209534,0.9984829425811768,1.1449971199035645,0.5882209539413452,0.4248778820037842,0.9988863468170166,0.0,0.7,0.00463654100894928,0.019037697464227676,0.9602453112602234,0.23076923191547394
f60_a1_p08_s03,pku_round0_00209,0.75,0.25,0.746031746031746,47.0,10.0,0.00800289772450924,0.999363124370575,0.9992436170578003,0.9997396469116211,0.005101670976728201,0.9996210336685181,0.9995479583740234,0.9998237490653992,0.0,0.8,3.944521085941233e-05,0.00024510978255420923,0.9556335806846619,0.1818181872367859
f60_a1_p08_s04,pku_round0_00209,0.75,0.25,1.0,63.0,10.0,3.887352228164673,0.13139086961746216,0.040379077196121216,0.6031366586685181,2.792067050933838,0.339200496673584,0.21343690156936646,0.8166612982749939,1.0,0.7,0.18696382641792297,0.9068806767463684,0.88155597448349,0.3589743673801422
f60_a2_p08_s00,pku_round0_00209,0.5,0.5,0.0,0.0,10.0,3.052504062652588,0.3954959511756897,0.317618191242218,0.7468667030334473,3.12048077583313,0.3479718863964081,0.25790441036224365,0.7584232687950134,0.0,0.9,0.026209121569991112,0.17340870201587677,0.9741986989974976,0.1818181872367859
f60_a2_p08_s01,pku_round0_00209,0.5,0.5,0.25396825396825395,16.0,10.0,0.32262349128723145,0.9477159976959229,0.9298069477081299,0.994907796382904,0.36202412843704224,0.9402108192443848,0.9180991649627686,0.9946170449256897,0.0,0.9,0.0012537762522697449,0.006390799768269062,0.9693212509155273,0.05454545468091965
f60_a2_p08_s02,pku_round0_00209,0.5,0.5,0.5079365079365079,32.0,10.0,2.761216640472412,0.2594253718852997,0.06962572038173676,0.8535085320472717,2.5761914253234863,0.28220006823539734,0.1380663812160492,0.8786643147468567,1.0,0.9,0.03157404065132141,0.14117023348808289,0.9601585268974304,0.12727272510528564
f60_a2_p08_s03,pku_round0_00209,0.5,0.5,0.746031746031746,47.0,10.0,1.5119576454162598,0.5944426655769348,0.3222869634628296,0.9375105500221252,2.983516216278076,0.4630359709262848,0.35809165239334106,0.7528731822967529,0.0,0.7,0.17103137075901031,1.5517700910568237,0.9490955471992493,0.19230769574642181
f60_a2_p08_s04,pku_round0_00209,0.5,0.5,1.0,63.0,10.0,0.694434404373169,0.7729142904281616,0.6386018991470337,0.9996975660324097,0.5873116254806519,0.8141847252845764,0.6727006435394287,0.9996988773345947,0.0,0.6,0.004755276255309582,0.019494924694299698,0.9858033061027527,0.18681319057941437
f60_a3_p08_s00,pku_round0_00209,0.25,0.75,0.0,0.0,10.0,3.052504062652588,0.3954959511756897,0.317618191242218,0.7468667030334473,3.146580696105957,0.3390243351459503,0.24848726391792297,0.7567375302314758,0.0,0.9,0.026461977511644363,0.17571713030338287,0.9743204712867737,0.1818181872367859
f60_a3_p08_s01,pku_round0_00209,0.25,0.75,0.25396825396825395,16.0,10.0,0.5678974986076355,0.9246648550033569,0.9138997793197632,0.9653239250183105,0.6524803042411804,0.9140384793281555,0.9025324583053589,0.9569666385650635,0.0,0.8,0.0027194605208933353,0.01233883760869503,0.968758225440979,0.1515151411294937
f60_a3_p08_s02,pku_round0_00209,0.25,0.75,0.5079365079365079,32.0,10.0,2.88757586479187,0.2747858464717865,0.0641002207994461,0.7932964563369751,3.124591112136841,0.24860939383506775,0.056498944759368896,0.7362957000732422,1.0,0.9,0.022989846765995026,0.13219328224658966,0.9545736908912659,0.16363635659217834
f60_a3_p08_s03,pku_round0_00209,0.25,0.75,0.746031746031746,47.0,10.0,1.770928144454956,0.48397883772850037,0.1949818730354309,0.9304534196853638,1.746177315711975,0.5365826487541199,0.2947259247303009,0.920320987701416,0.0,0.8,0.01075184065848589,0.10129966586828232,0.9476761221885681,0.10606060177087784
f60_a3_p08_s04,pku_round0_00209,0.25,0.75,1.0,63.0,10.0,1.327742576599121,0.7847723960876465,0.7531313300132751,0.9223132729530334,1.6169971227645874,0.7268397808074951,0.6828473210334778,0.8983492255210876,0.0,0.9,0.012091323733329773,0.05093849450349808,0.9747340083122253,0.16363635659217834
f60_a4_p08_s00,pku_round0_00209,0.0,1.0,0.0,0.0,10.0,3.052504062652588,0.3954959511756897,0.317618191242218,0.7468667030334473,3.1669504642486572,0.33171728253364563,0.24031956493854523,0.7558348774909973,0.0,0.9,0.027008429169654846,0.17892986536026,0.974223792552948,0.1818181872367859
f60_a4_p08_s01,pku_round0_00209,0.0,1.0,0.25396825396825395,16.0,10.0,0.5678974986076355,0.9246648550033569,0.9138997793197632,0.9653239250183105,0.6976292133331299,0.9067988991737366,0.8941637277603149,0.954115092754364,0.0,0.8,0.0032752088736742735,0.01466053631156683,0.9679601788520813,0.1515151411294937
f60_a4_p08_s02,pku_round0_00209,0.0,1.0,0.5079365079365079,32.0,10.0,2.88757586479187,0.2747858464717865,0.0641002207994461,0.7932964563369751,3.2039992809295654,0.22303113341331482,0.030766278505325317,0.7214392423629761,1.0,0.9,0.026296541094779968,0.14764957129955292,0.9533553123474121,0.1454545557498932
f60_a4_p08_s03,pku_round0_00209,0.0,1.0,0.746031746031746,47.0,10.0,1.770928144454956,0.48397883772850037,0.1949818730354309,0.9304534196853638,1.7805519104003906,0.5318997502326965,0.2921537458896637,0.9152690172195435,0.0,0.8,0.01162075623869896,0.11571318656206131,0.9458338618278503,0.10606060177087784
f60_a4_p08_s04,pku_round0_00209,0.0,1.0,1.0,63.0,10.0,0.5585658550262451,0.8466718792915344,0.7284500002861023,0.9983350038528442,0.6630892753601074,0.8073644042015076,0.6670655012130737,0.9980738162994385,0.0,0.7,0.0019636263605207205,0.008847272023558617,0.9687891602516174,0.1538461595773697
f60_a0_p09_s00,pku_round0_00217,1.0,0.0,0.0,0.0,12.0,3.157860279083252,0.40760472416877747,0.3130328357219696,0.758652925491333,4.5273237228393555,0.12436901032924652,0.01288534700870514,0.5341724157333374,1.0,0.7,0.23447920382022858,2.413456916809082,0.9543773531913757,0.3076923191547394
f60_a0_p09_s01,pku_round0_00217,1.0,0.0,0.25396825396825395,16.0,12.0,0.8174673914909363,0.5886245965957642,0.20259517431259155,0.9975639581680298,0.9580614566802979,0.5438942909240723,0.1582154631614685,0.9969445466995239,0.0,0.6,0.008305065333843231,0.04301804304122925,0.9655414819717407,0.19780220091342926
f60_a0_p09_s02,pku_round0_00217,1.0,0.0,0.5079365079365079,32.0,12.0,2.8289635181427,0.2627983093261719,0.09312297403812408,0.8268741965293884,3.1115503311157227,0.30968162417411804,0.1764892339706421,0.7586572170257568,0.0,0.8,0.07557237148284912,0.3832857608795166,0.9372304081916809,0.28787878155708313
f60_a0_p09_s03,pku_round0_00217,1.0,0.0,0.746031746031746,47.0,12.0,0.03001948446035385,0.9964894652366638,0.9951878190040588,0.9998496174812317,0.06284453719854355,0.9911337494850159,0.9855973124504089,0.9996668696403503,0.0,0.4,0.002318244893103838,0.022614406421780586,0.9450701475143433,0.375
f60_a0_p09_s04,pku_round0_00217,1.0,0.0,1.0,63.0,12.0,0.8749427199363708,0.7496718168258667,0.5925320386886597,0.9908592104911804,1.6143590211868286,0.5944890975952148,0.39222437143325806,0.9370993375778198,0.0,0.9,0.027820538729429245,0.12962305545806885,0.9376199245452881,0.0727272778749466
f60_a1_p09_s00,pku_round0_00217,0.75,0.25,0.0,0.0,12.0,3.157860279083252,0.40760472416877747,0.3130328357219696,0.758652925491333,4.569855690002441,0.12240205705165863,0.012252122163772583,0.5266014933586121,1.0,0.7,0.23615367710590363,2.63956880569458,0.9554858803749084,0.3076923191547394
f60_a1_p09_s01,pku_round0_00217,0.75,0.25,0.25396825396825395,16.0,12.0,0.8174673914909363,0.5886245965957642,0.20259517431259155,0.9975639581680298,0.9610240459442139,0.5374221801757812,0.1442357301712036,0.9967323541641235,0.0,0.6,0.008145693689584732,0.04223785549402237,0.9661860466003418,0.19780220091342926
f60_a1_p09_s02,pku_round0_00217,0.75,0.25,0.5079365079365079,32.0,12.0,2.8289635181427,0.2627983093261719,0.09312297403812408,0.8268741965293884,3.1396045684814453,0.30433160066604614,0.16928528249263763,0.7553614377975464,0.0,0.7,0.09020475298166275,0.5107684135437012,0.9346660375595093,0.2948717772960663
f60_a1_p09_s03,pku_round0_00217,0.75,0.25,0.746031746031746,47.0,12.0,0.03001948446035385,0.9964894652366638,0.9951878190040588,0.9998496174812317,0.06697715073823929,0.9904705286026001,0.9845809936523438,0.9996401071548462,0.0,0.4,0.0025059571489691734,0.02401634305715561,0.944581925868988,0.375
f60_a1_p09_s04,pku_round0_00217,0.75,0.25,1.0,63.0,12.0,0.8749427199363708,0.7496718168258667,0.5925320386886597,0.9908592104911804,1.6123915910720825,0.5982615351676941,0.3978689908981323,0.9361189603805542,0.0,0.9,0.027663489803671837,0.12927338480949402,0.9370862245559692,0.0727272778749466
f60_a2_p09_s00,pku_round0_00217,0.5,0.5,0.0,0.0,12.0,3.157860279083252,0.40760472416877747,0.3130328357219696,0.758652925491333,4.614392280578613,0.12072953581809998,0.012084715068340302,0.5187824964523315,1.0,0.7,0.2366563081741333,2.81831693649292,0.9566614627838135,0.3076923191547394
f60_a2_p09_s01,pku_round0_00217,0.5,0.5,0.25396825396825395,16.0,12.0,0.8174673914909363,0.5886245965957642,0.20259517431259155,0.9975639581680298,0.9641742706298828,0.5342099666595459,0.13721883296966553,0.9964649081230164,0.0,0.6,0.008020488545298576,0.04157010465860367,0.967185914516449,0.19780220091342926
f60_a2_p09_s02,pku_round0_00217,0.5,0.5,0.5079365079365079,32.0,12.0,2.8289635181427,0.2627983093261719,0.09312297403812408,0.8268741965293884,3.1717007160186768,0.2972468435764313,0.1622163951396942,0.7532163858413696,0.0,0.7,0.09968218952417374,0.6425913572311401,0.9324062466621399,0.2948717772960663
f60_a2_p09_s03,pku_round0_00217,0.5,0.5,0.746031746031746,47.0,12.0,0.03001948446035385,0.9964894652366638,0.9951878190040588,0.9998496174812317,0.07153039425611496,0.9897112846374512,0.98334801197052,0.9996140003204346,0.0,0.4,0.0027212239801883698,0.025531914085149765,0.9441511631011963,0.375
f60_a2_p09_s04,pku_round0_00217,0.5,0.5,1.0,63.0,12.0,0.03344649821519852,0.9955293536186218,0.9925527572631836,0.9999505281448364,0.06901716440916061,0.9873844385147095,0.9749550819396973,0.9999861717224121,0.0,0.4,0.0020670199301093817,0.019699592143297195,0.9335824251174927,0.36666667461395264
f60_a3_p09_s00,pku_round0_00217,0.25,0.75,0.0,0.0,12.0,3.157860279083252,0.40760472416877747,0.3130328357219696,0.758652925491333,4.659278392791748,0.11836300045251846,0.011012420058250427,0.5106452107429504,1.0,0.7,0.23707322776317596,2.990438461303711,0.9576167464256287,0.3076923191547394
f60_a3_p09_s01,pku_round0_00217,0.25,0.75,0.25396825396825395,16.0,12.0,0.8174673914909363,0.5886245965957642,0.20259517431259155,0.9975639581680298,0.9685690402984619,0.5241312980651855,0.11593741178512573,0.9961868524551392,0.0,0.6,0.00807408057153225,0.04154729098081589,0.9683843851089478,0.19780220091342926
f60_a3_p09_s02,pku_round0_00217,0.25,0.75,0.5079365079365079,32.0,12.0,2.8289635181427,0.2627983093261719,0.09312297403812408,0.8268741965293884,3.2135472297668457,0.2869807779788971,0.15142065286636353,0.7478258013725281,0.0,0.7,0.10546815395355225,0.780335545539856,0.9301893711090088,0.2948717772960663
f60_a3_p09_s03,pku_round0_00217,0.25,0.75,0.746031746031746,47.0,12.0,0.03001948446035385,0.9964894652366638,0.9951878190040588,0.9998496174812317,0.07795053720474243,0.9886449575424194,0.9816638231277466,0.9995688199996948,0.0,0.4,0.003030088497325778,0.027482513338327408,0.9437234401702881,0.375
f60_a3_p09_s04,pku_round0_00217,0.25,0.75,1.0,63.0,12.0,0.03344649821519852,0.9955293536186218,0.9925527572631836,0.9999505281448364,0.07449683547019958,0.9861542582511902,0.9725202918052673,0.9999841451644897,0.0,0.4,0.0023667337372899055,0.021151384338736534,0.9347618222236633,0.36666667461395264
f60_a4_p09_s00,pku_round0_00217,0.0,1.0,0.0,0.0,12.0,3.157860279083252,0.40760472416877747,0.3130328357219696,0.758652925491333,4.700552940368652,0.11546412855386734,0.009093590080738068,0.503142237663269,1.0,0.7,0.23740580677986145,3.1152892112731934,0.9587082266807556,0.3076923191547394
f60_a4_p09_s01,pku_round0_00217,0.0,1.0,0.25396825396825395,16.0,12.0,3.1783084869384766,0.19500383734703064,0.0015175342559814453,0.7730282545089722,3.619145393371582,0.18976283073425293,0.061362892389297485,0.6962955594062805,0.0,0.7,0.1273244470357895,1.6322903633117676,0.929803729057312,0.28205129504203796
f60_a4_p09_s02,pku_round0_00217,0.0,1.0,0.5079365079365079,32.0,12.0,0.05747846141457558,0.993606686592102,0.9921128749847412,0.9983241558074951,0.2674044072628021,0.9644330739974976,0.9576228857040405,0.9894815683364868,0.0,0.8,0.007407763507217169,0.03799101710319519,0.9559944272041321,0.27272728085517883
f60_a4_p09_s03,pku_round0_00217,0.0,1.0,0.746031746031746,47.0,12.0,0.0024160591419786215,0.999789297580719,0.9996829628944397,0.9999889135360718,0.00022385639022104442,0.9999843835830688,0.9999778866767883,0.9999983906745911,0.0,0.6,6.21534200035967e-05,0.000647891138214618,0.9090500473976135,0.35164836049079895
f60_a4_p09_s04,pku_round0_00217,0.0,1.0,1.0,63.0,12.0,0.75692218542099,0.7287908792495728,0.4846765100955963,0.9923178553581238,1.342693567276001,0.6258535385131836,0.37298583984375,0.9499017000198364,0.0,0.9,0.02035950869321823,0.0955209732055664,0.9443845152854919,0.12727272510528564
