fusion,lambda,alpha,sample_id,n,mean_gradient,median_gradient,fraction_positive
current,0.0,ALL,ALL,60,0.4135679506075879,0.10750068351626396,0.6166666666666667
current,0.001,ALL,ALL,60,0.4245779850520194,0.11443910375237465,0.6166666666666667
current,0.01,ALL,ALL,60,0.5064405644933383,0.17096859961748123,0.6833333333333333
current,0.05,ALL,ALL,60,0.6901611781368653,0.3106485605239868,0.9666666666666667
current,0.1,ALL,ALL,60,0.802965110167861,0.3906264901161194,1.0
current,0.25,ALL,ALL,60,0.9929627468188603,0.6000035405158997,1.0
current,0.5,ALL,ALL,60,1.1580703044931093,0.7952911555767059,1.0
current,0.75,ALL,ALL,60,1.2517051224907239,0.9156572222709656,1.0
current,1.0,ALL,ALL,60,1.3120831280946732,1.0066378712654114,1.0
current,1.5,ALL,ALL,60,1.3819670846064886,1.0917010307312012,1.0
current,2.0,ALL,ALL,60,1.419954241812229,1.1372603178024292,1.0
current,4.0,ALL,ALL,60,1.4780265440543492,1.2013309597969055,1.0
current,8.0,ALL,ALL,60,1.4994447062412897,1.227552056312561,1.0
current,16.0,ALL,ALL,60,1.5053264925877252,1.2351754903793335,1.0
normalized,0.0,ALL,ALL,60,-0.0021478287875652314,-0.29054541885852814,0.3333333333333333
normalized,0.001,ALL,ALL,60,0.0066518053412437435,-0.2840827703475952,0.3333333333333333
normalized,0.01,ALL,ALL,60,0.0686083622276783,-0.22879812866449356,0.35
normalized,0.05,ALL,ALL,60,0.1721656861404578,-0.1337885707616806,0.36666666666666664
normalized,0.1,ALL,ALL,60,0.20230268041292826,-0.08782535791397095,0.38333333333333336
normalized,0.25,ALL,ALL,60,0.2091492209583521,-0.027314886450767517,0.43333333333333335
normalized,0.5,ALL,ALL,60,0.18136221170425415,0.009970895946025848,0.55
normalized,0.75,ALL,ALL,60,0.15166652351617813,0.023154567927122116,0.6166666666666667
normalized,1.0,ALL,ALL,60,0.12684901210789878,0.026907823979854584,0.6333333333333333
normalized,1.5,ALL,ALL,60,0.0912526236458992,0.02642328292131424,0.7333333333333333
normalized,2.0,ALL,ALL,60,0.06839278455202778,0.022093220613896847,0.8333333333333334
normalized,4.0,ALL,ALL,60,0.028731301426887512,0.011040305253118277,0.9333333333333333
normalized,8.0,ALL,ALL,60,0.009874540218152105,0.0041955080814659595,1.0
normalized,16.0,ALL,ALL,60,0.002956415290827863,0.0012991977855563164,1.0
current,0.0,"1.00,0.00",ALL,12,0.26497710263356566,0.010452610440552235,0.5833333333333334
current,0.001,"1.00,0.00",ALL,12,0.2741070599295199,0.01677160244435072,0.5833333333333334
current,0.01,"1.00,0.00",ALL,12,0.3428589977944891,0.06619884818792343,0.5833333333333334
current,0.05,"1.00,0.00",ALL,12,0.5088820960372686,0.2094051092863083,0.9166666666666666
current,0.1,"1.00,0.00",ALL,12,0.6210728418081999,0.31397145986557007,1.0
current,0.25,"1.00,0.00",ALL,12,0.815450576444467,0.5055549144744873,1.0
current,0.5,"1.00,0.00",ALL,12,0.987181730568409,0.7106843888759613,1.0
current,0.75,"1.00,0.00",ALL,12,1.0860130513707797,0.8094938397407532,1.0
current,1.0,"1.00,0.00",ALL,12,1.1511031240224838,0.867604523897171,1.0
current,1.5,"1.00,0.00",ALL,12,1.2266810884078343,0.9311561584472656,1.0
current,2.0,"1.00,0.00",ALL,12,1.2656902397672336,0.9641600847244263,1.0
current,4.0,"1.00,0.00",ALL,12,1.3238768925269444,1.0120033919811249,1.0
current,8.0,"1.00,0.00",ALL,12,1.3461258709430695,1.0319941639900208,1.0
current,16.0,"1.00,0.00",ALL,12,1.353040874004364,1.0381938815116882,1.0
normalized,0.0,"1.00,0.00",ALL,12,-0.14134474098682404,-0.3467845618724823,0.25
normalized,0.001,"1.00,0.00",ALL,12,-0.13423403849204382,-0.3427109569311142,0.25
normalized,0.01,"1.00,0.00",ALL,12,-0.0835224154094855,-0.3118349760770798,0.25
normalized,0.05,"1.00,0.00",ALL,12,0.011151822904745737,-0.23646698892116547,0.25
normalized,0.1,"1.00,0.00",ALL,12,0.05146260435382525,-0.1793215498328209,0.25
normalized,0.25,"1.00,0.00",ALL,12,0.09071352643271287,-0.10018792003393173,0.25
normalized,0.5,"1.00,0.00",ALL,12,0.09945313942929108,-0.04702794551849365,0.3333333333333333
normalized,0.75,"1.00,0.00",ALL,12,0.09214828815311193,-0.02413085475564003,0.3333333333333333
normalized,1.0,"1.00,0.00",ALL,12,0.08172932220622897,-0.011396195739507675,0.4166666666666667
normalized,1.5,"1.00,0.00",ALL,12,0.06269564456306398,-0.0005922447890043259,0.5
normalized,2.0,"1.00,0.00",ALL,12,0.048635789969315134,0.0028227027505636215,0.6666666666666666
normalized,4.0,"1.00,0.00",ALL,12,0.02163357916288078,0.0041852183640003204,0.9166666666666666
normalized,8.0,"1.00,0.00",ALL,12,0.007684517748809109,0.0022070473060011864,1.0
normalized,16.0,"1.00,0.00",ALL,12,0.002341517829336226,0.0007938016206026077,1.0
current,0.0,"0.75,0.25",ALL,12,0.33449404189984006,0.0581582672894001,0.5833333333333334
current,0.001,"0.75,0.25",ALL,12,0.3444655140240987,0.06417019665241241,0.5833333333333334
current,0.01,"0.75,0.25",ALL,12,0.41907629898438853,0.11136221140623093,0.5833333333333334
current,0.05,"0.75,0.25",ALL,12,0.5931937942902247,0.2432306855916977,0.9166666666666666
current,0.1,"0.75,0.25",ALL,12,0.7050765417516232,0.36874282360076904,1.0
current,0.25,"0.75,0.25",ALL,12,0.8944407304128011,0.6046282052993774,1.0
current,0.5,"0.75,0.25",ALL,12,1.0593651781479518,0.7884083390235901,1.0
current,0.75,"0.75,0.25",ALL,12,1.1527166093389194,0.8895623981952667,1.0
current,1.0,"0.75,0.25",ALL,12,1.2130000193913777,0.9522583484649658,1.0
current,1.5,"0.75,0.25",ALL,12,1.2843570932745934,1.0282816588878632,1.0
current,2.0,"0.75,0.25",ALL,12,1.323897975186507,1.072990357875824,1.0
current,4.0,"0.75,0.25",ALL,12,1.382009506225586,1.1402460932731628,1.0
current,8.0,"0.75,0.25",ALL,12,1.4042966216802597,1.1652288436889648,1.0
current,16.0,"0.75,0.25",ALL,12,1.4103598246971767,1.1708007454872131,1.0
normalized,0.0,"0.75,0.25",ALL,12,-0.07652477423350017,-0.29844558238983154,0.3333333333333333
normalized,0.001,"0.75,0.25",ALL,12,-0.06867065653204918,-0.29387571662664413,0.3333333333333333
normalized,0.01,"0.75,0.25",ALL,12,-0.013032644987106323,-0.2600873112678528,0.3333333333333333
normalized,0.05,"0.75,0.25",ALL,12,0.08542266984780629,-0.17608462274074554,0.3333333333333333
normalized,0.1,"0.75,0.25",ALL,12,0.1204633042216301,-0.12061215937137604,0.3333333333333333
normalized,0.25,"0.75,0.25",ALL,12,0.14320896628002325,-0.04676579311490059,0.3333333333333333
normalized,0.5,"0.75,0.25",ALL,12,0.13425502988199392,-0.002925887703895569,0.5
normalized,0.75,"0.75,0.25",ALL,12,0.11650099481145541,0.012293718755245209,0.5833333333333334
normalized,1.0,"0.75,0.25",ALL,12,0.09961103710035484,0.017794694751501083,0.5833333333333334
normalized,1.5,"0.75,0.25",ALL,12,0.07349890454982717,0.01930677890777588,0.6666666666666666
normalized,2.0,"0.75,0.25",ALL,12,0.055884793400764465,0.017399447038769722,0.8333333333333334
normalized,4.0,"0.75,0.25",ALL,12,0.024100356580068667,0.00961348507553339,0.9166666666666666
normalized,8.0,"0.75,0.25",ALL,12,0.008424782970299324,0.0037817812990397215,1.0
normalized,16.0,"0.75,0.25",ALL,12,0.002546644158428535,0.0012119923485442996,1.0
current,0.0,"0.50,0.50",ALL,12,0.4205159340053797,0.1751043200492859,0.6666666666666666
current,0.001,"0.50,0.50",ALL,12,0.43154987196127575,0.18129760026931763,0.6666666666666666
current,0.01,"0.50,0.50",ALL,12,0.5135394996032119,0.2285761460661888,0.6666666666666666
current,0.05,"0.50,0.50",ALL,12,0.6967866476625204,0.34692347049713135,1.0
current,0.1,"0.50,0.50",ALL,12,0.8080041408538818,0.42990171909332275,1.0
current,0.25,"0.50,0.50",ALL,12,0.9947128022710482,0.6266297996044159,1.0
current,0.5,"0.50,0.50",ALL,12,1.156316285332044,0.8018159568309784,1.0
current,0.75,"0.50,0.50",ALL,12,1.2469874198238056,0.8989535868167877,1.0
current,1.0,"0.50,0.50",ALL,12,1.3048712785045307,0.967872679233551,1.0
current,1.5,"0.50,0.50",ALL,12,1.3716012686491013,1.0492729544639587,1.0
current,2.0,"0.50,0.50",ALL,12,1.4091499224305153,1.0924496054649353,1.0
current,4.0,"0.50,0.50",ALL,12,1.467890699704488,1.158099114894867,1.0
current,8.0,"0.50,0.50",ALL,12,1.4880461792151134,1.183906614780426,1.0
current,16.0,"0.50,0.50",ALL,12,1.4935412257909775,1.1902831196784973,1.0
normalized,0.0,"0.50,0.50",ALL,12,0.004800152033567429,-0.2771342694759369,0.3333333333333333
normalized,0.001,"0.50,0.50",ALL,12,0.013587289800246557,-0.2721662074327469,0.3333333333333333
normalized,0.01,"0.50,0.50",ALL,12,0.07534157360593478,-0.21993398666381836,0.3333333333333333
normalized,0.05,"0.50,0.50",ALL,12,0.17722093810637793,-0.10765764862298965,0.3333333333333333
normalized,0.1,"0.50,0.50",ALL,12,0.205177441239357,-0.06327756494283676,0.4166666666666667
normalized,0.25,"0.50,0.50",ALL,12,0.20874791033565998,-0.008280791342258453,0.4166666666666667
normalized,0.5,"0.50,0.50",ALL,12,0.17898113404711088,0.022265512496232986,0.6666666666666666
normalized,0.75,"0.50,0.50",ALL,12,0.14861445718755326,0.030634883791208267,0.6666666666666666
normalized,1.0,"0.50,0.50",ALL,12,0.12371695243443052,0.03181854262948036,0.6666666666666666
normalized,1.5,"0.50,0.50",ALL,12,0.08857843078052004,0.028219998814165592,0.75
normalized,2.0,"0.50,0.50",ALL,12,0.06625769163171451,0.023482346907258034,0.8333333333333334
normalized,4.0,"0.50,0.50",ALL,12,0.027728056457514565,0.011829981114715338,0.9166666666666666
normalized,8.0,"0.50,0.50",ALL,12,0.009504892805125564,0.004525790922343731,1.0
normalized,16.0,"0.50,0.50",ALL,12,0.0028430731811871133,0.0014334882143884897,1.0
current,0.0,"0.25,0.75",ALL,12,0.4964824890096982,0.15742003917694092,0.5833333333333334
current,0.001,"0.25,0.75",ALL,12,0.5084576128671566,0.16392916440963745,0.5833333333333334
current,0.01,"0.25,0.75",ALL,12,0.5969346407800913,0.21331200748682022,0.75
current,0.05,"0.25,0.75",ALL,12,0.7885122504085302,0.330970823764801,1.0
current,0.1,"0.25,0.75",ALL,12,0.9013408906757832,0.40364858508110046,1.0
current,0.25,"0.25,0.75",ALL,12,1.0911448448896408,0.6267892122268677,1.0
current,0.5,"0.25,0.75",ALL,12,1.254177783926328,0.8525185286998749,1.0
current,0.75,"0.25,0.75",ALL,12,1.3453478962182999,0.9737005233764648,1.0
current,1.0,"0.25,0.75",ALL,12,1.4034819876154263,1.0473032593727112,1.0
current,1.5,"0.25,0.75",ALL,12,1.47024155408144,1.1302772760391235,1.0
current,2.0,"0.25,0.75",ALL,12,1.5067955007155736,1.1746582984924316,1.0
current,4.0,"0.25,0.75",ALL,12,1.5646539231141408,1.2384883761405945,1.0
current,8.0,"0.25,0.75",ALL,12,1.5856016079584758,1.2618598341941833,1.0
current,16.0,"0.25,0.75",ALL,12,1.59092881778876,1.2681699991226196,1.0
normalized,0.0,"0.25,0.75",ALL,12,0.0760697474082311,-0.2707851678133011,0.3333333333333333
normalized,0.001,"0.25,0.75",ALL,12,0.08572321633497874,-0.26538586616516113,0.3333333333333333
normalized,0.01,"0.25,0.75",ALL,12,0.15321808060010275,-0.22053197026252747,0.4166666666666667
normalized,0.05,"0.25,0.75",ALL,12,0.25979405641555786,-0.09933286160230637,0.4166666666666667
normalized,0.1,"0.25,0.75",ALL,12,0.28400831793745357,-0.0417872816324234,0.4166666666666667
normalized,0.25,"0.25,0.75",ALL,12,0.2738228353361289,0.026418611407279968,0.5
normalized,0.5,"0.25,0.75",ALL,12,0.22604362728695074,0.05448530241847038,0.5833333333333334
normalized,0.75,"0.25,0.75",ALL,12,0.18393423097829023,0.05653507634997368,0.6666666666666666
normalized,1.0,"0.25,0.75",ALL,12,0.1511473647939662,0.05235050618648529,0.6666666666666666
normalized,1.5,"0.25,0.75",ALL,12,0.10643673816230148,0.04152873530983925,0.8333333333333334
normalized,2.0,"0.25,0.75",ALL,12,0.07879450870677829,0.03260048106312752,0.9166666666666666
normalized,4.0,"0.25,0.75",ALL,12,0.032395642483606935,0.014583896845579147,0.9166666666666666
normalized,8.0,"0.25,0.75",ALL,12,0.010984196754482886,0.005325892940163612,1.0
normalized,16.0,"0.25,0.75",ALL,12,0.00326346197592405,0.0016678392421454191,1.0
current,0.0,"0.00,1.00",ALL,12,0.5513701854894558,0.15455373376607895,0.6666666666666666
current,0.001,"0.00,1.00",ALL,12,0.5643098664780458,0.16171639785170555,0.6666666666666666
current,0.01,"0.00,1.00",ALL,12,0.6597933853045106,0.21592576801776886,0.8333333333333334
current,0.05,"0.00,1.00",ALL,12,0.8634311022857825,0.3809080123901367,1.0
current,0.1,"0.00,1.00",ALL,12,0.9793311357498169,0.4914213716983795,1.0
current,0.25,"0.00,1.00",ALL,12,1.1690647800763447,0.7182620763778687,1.0
current,0.5,"0.00,1.00",ALL,12,1.3333105444908142,0.9428497850894928,1.0
current,0.75,"0.00,1.00",ALL,12,1.4274606357018154,1.0657049417495728,1.0
current,1.0,"0.00,1.00",ALL,12,1.4879592309395473,1.1403224468231201,1.0
current,1.5,"0.00,1.00",ALL,12,1.5569544186194737,1.2241308689117432,1.0
current,2.0,"0.00,1.00",ALL,12,1.5942375709613164,1.2687649130821228,1.0
current,4.0,"0.00,1.00",ALL,12,1.651701698700587,1.3314439058303833,1.0
current,8.0,"0.00,1.00",ALL,12,1.6731532514095306,1.3547083139419556,1.0
current,16.0,"0.00,1.00",ALL,12,1.6787617206573486,1.3615318536758423,1.0
normalized,0.0,"0.00,1.00",ALL,12,0.12626047184069952,-0.2200498878955841,0.4166666666666667
normalized,0.001,"0.00,1.00",ALL,12,0.13685321559508642,-0.21152657270431519,0.4166666666666667
normalized,0.01,"0.00,1.00",ALL,12,0.2110372173289458,-0.15072467923164368,0.4166666666666667
normalized,0.05,"0.00,1.00",ALL,12,0.32723894342780113,-0.01666848361492157,0.5
normalized,0.1,"0.00,1.00",ALL,12,0.35040173431237537,0.04357820749282837,0.5
normalized,0.25,"0.00,1.00",ALL,12,0.32925286640723544,0.09282521903514862,0.6666666666666666
normalized,0.5,"0.00,1.00",ALL,12,0.2680781278759241,0.10162793099880219,0.6666666666666666
normalized,0.75,"0.00,1.00",ALL,12,0.21713464645047983,0.09225825220346451,0.8333333333333334
normalized,1.0,"0.00,1.00",ALL,12,0.1780403840045134,0.08040987700223923,0.8333333333333334
normalized,1.5,"0.00,1.00",ALL,12,0.1250534001737833,0.06013843044638634,0.9166666666666666
normalized,2.0,"0.00,1.00",ALL,12,0.09239113905156653,0.04616289958357811,0.9166666666666666
normalized,4.0,"0.00,1.00",ALL,12,0.037798872450366616,0.0214752908796072,1.0
normalized,8.0,"0.00,1.00",ALL,12,0.012774310812043646,0.007755460683256388,1.0
normalized,16.0,"0.00,1.00",ALL,12,0.003787379309263391,0.0023791086860001087,1.0
current,0.0,ALL,pku_round0_00058,5,-0.10932048410177231,-0.11806154996156693,0.0
current,0.001,ALL,pku_round0_00058,5,-0.10184299647808075,-0.11061739921569824,0.0
current,0.01,ALL,pku_round0_00058,5,-0.04144118279218674,-0.04419926926493645,0.0
current,0.05,ALL,pku_round0_00058,5,0.13685225546360016,0.13442036509513855,1.0
current,0.1,ALL,pku_round0_00058,5,0.27110952138900757,0.27074337005615234,1.0
current,0.25,ALL,pku_round0_00058,5,0.4995028614997864,0.49936676025390625,1.0
current,0.5,ALL,pku_round0_00058,5,0.6847070932388306,0.6841850280761719,1.0
current,0.75,ALL,pku_round0_00058,5,0.7752450585365296,0.7752066850662231,1.0
current,1.0,ALL,pku_round0_00058,5,0.8254852652549743,0.8257386088371277,1.0
current,1.5,ALL,pku_round0_00058,5,0.8767419815063476,0.8763109445571899,1.0
current,2.0,ALL,pku_round0_00058,5,0.9024845719337463,0.9020025134086609,1.0
current,4.0,ALL,pku_round0_00058,5,0.943850314617157,0.943527102470398,1.0
current,8.0,ALL,pku_round0_00058,5,0.9610549211502075,0.9593973159790039,1.0
current,16.0,ALL,pku_round0_00058,5,0.9659944295883178,0.9646505117416382,1.0
normalized,0.0,ALL,pku_round0_00058,5,-0.3798719882965088,-0.3886130452156067,0.0
normalized,0.001,ALL,pku_round0_00058,5,-0.3743261158466339,-0.3830844759941101,0.0
normalized,0.01,ALL,pku_round0_00058,5,-0.3313605129718781,-0.33259904384613037,0.0
normalized,0.05,ALL,pku_round0_00058,5,-0.22726590633392335,-0.23039592802524567,0.0
normalized,0.1,ALL,pku_round0_00058,5,-0.17014041244983674,-0.17212185263633728,0.0
normalized,0.25,ALL,pku_round0_00058,5,-0.0957273155450821,-0.09802258014678955,0.0
normalized,0.5,ALL,pku_round0_00058,5,-0.04581485390663147,-0.047762297093868256,0.0
normalized,0.75,ALL,pku_round0_00058,5,-0.02414349317550659,-0.025801658630371094,0.0
normalized,1.0,ALL,pku_round0_00058,5,-0.013220465183258057,-0.014654278755187988,0.0
normalized,1.5,ALL,pku_round0_00058,5,-0.0037608698010444643,-0.004862397909164429,0.2
normalized,2.0,ALL,pku_round0_00058,5,-0.0003900226205587387,-0.0012594684958457947,0.4
normalized,4.0,ALL,pku_round0_00058,5,0.0015525972470641137,0.0011436417698860168,1.0
normalized,8.0,ALL,pku_round0_00058,5,0.000862433947622776,0.000710558146238327,1.0
normalized,16.0,ALL,pku_round0_00058,5,0.0003102616406977177,0.00026269187219440937,1.0
current,0.0,ALL,pku_round0_00094,5,1.3195190608501435,1.3228687047958374,1.0
current,0.001,ALL,pku_round0_00094,5,1.329291957616806,1.3326314687728882,1.0
current,0.01,ALL,pku_round0_00094,5,1.398728334903717,1.4017236232757568,1.0
current,0.05,ALL,pku_round0_00094,5,1.5365050196647645,1.5370290279388428,1.0
current,0.1,ALL,pku_round0_00094,5,1.6199494779109955,1.6177594661712646,1.0
current,0.25,ALL,pku_round0_00094,5,1.7746086716651917,1.7657513618469238,1.0
current,0.5,ALL,pku_round0_00094,5,1.9232430577278137,1.9079475402832031,1.0
current,0.75,ALL,pku_round0_00094,5,2.0104090690612795,1.993592619895935,1.0
current,1.0,ALL,pku_round0_00094,5,2.0656266689300535,2.0510129928588867,1.0
current,1.5,ALL,pku_round0_00094,5,2.1293859601020815,2.1213738918304443,1.0
current,2.0,ALL,pku_round0_00094,5,2.16343092918396,2.159646511077881,1.0
current,4.0,ALL,pku_round0_00094,5,2.210341012477875,2.209974765777588,1.0
current,8.0,ALL,pku_round0_00094,5,2.22898416519165,2.228248357772827,1.0
current,16.0,ALL,pku_round0_00094,5,2.2348113298416137,2.2337350845336914,1.0
normalized,0.0,ALL,pku_round0_00094,5,0.7223053395748138,0.7256549596786499,0.8
normalized,0.001,ALL,pku_round0_00094,5,0.7285574197769165,0.7319143414497375,0.8
normalized,0.01,ALL,pku_round0_00094,5,0.7671649694442749,0.7703207731246948,0.8
normalized,0.05,ALL,pku_round0_00094,5,0.7872470557689667,0.7887055277824402,0.8
normalized,0.1,ALL,pku_round0_00094,5,0.7490388512611389,0.7491899132728577,0.8
normalized,0.25,ALL,pku_round0_00094,5,0.6238436996936798,0.6224110126495361,0.8
normalized,0.5,ALL,pku_round0_00094,5,0.4672175407409668,0.4658738970756531,0.8
normalized,0.75,ALL,pku_round0_00094,5,0.3613006383180618,0.36046335101127625,0.8
normalized,1.0,ALL,pku_round0_00094,5,0.2873115748167038,0.286843866109848,0.8
normalized,1.5,ALL,pku_round0_00094,5,0.19398511350154876,0.19388064742088318,0.8
normalized,2.0,ALL,pku_round0_00094,5,0.1397501453757286,0.13977164030075073,0.8
normalized,4.0,ALL,pku_round0_00094,5,0.054442789405584335,0.05451588332653046,1.0
normalized,8.0,ALL,pku_round0_00094,5,0.017827775329351425,0.017865315079689026,1.0
normalized,16.0,ALL,pku_round0_00094,5,0.005190496146678924,0.005204048007726669,1.0
current,0.0,ALL,pku_round0_00115,5,1.0536352872848511,1.0629647970199585,1.0
current,0.001,ALL,pku_round0_00115,5,1.069500207901001,1.0789309740066528,1.0
current,0.01,ALL,pku_round0_00115,5,1.1891033887863158,1.1992123126983643,1.0
current,0.05,ALL,pku_round0_00115,5,1.463768982887268,1.4747543334960938,1.0
current,0.1,ALL,pku_round0_00115,5,1.6306578397750855,1.6417807340621948,1.0
current,0.25,ALL,pku_round0_00115,5,1.9026179313659668,1.9134466648101807,1.0
current,0.5,ALL,pku_round0_00115,5,2.128528881072998,2.135890007019043,1.0
current,0.75,ALL,pku_round0_00115,5,2.2480391025543214,2.2542405128479004,1.0
current,1.0,ALL,pku_round0_00115,5,2.3204540729522707,2.32700252532959,1.0
current,1.5,ALL,pku_round0_00115,5,2.400544834136963,2.409421443939209,1.0
current,2.0,ALL,pku_round0_00115,5,2.4436179637908935,2.452770233154297,1.0
current,4.0,ALL,pku_round0_00115,5,2.51006965637207,2.51973557472229,1.0
current,8.0,ALL,pku_round0_00115,5,2.5257589340209963,2.533888339996338,1.0
current,16.0,ALL,pku_round0_00115,5,2.530652952194214,2.5381624698638916,1.0
normalized,0.0,ALL,pku_round0_00115,5,0.785361933708191,0.7946914434432983,1.0
normalized,0.001,ALL,pku_round0_00115,5,0.7970480442047119,0.8064402937889099,1.0
normalized,0.01,ALL,pku_round0_00115,5,0.8765567779541016,0.886279821395874,1.0
normalized,0.05,ALL,pku_round0_00115,5,0.9664592146873474,0.9758304357528687,1.0
normalized,0.1,ALL,pku_round0_00115,5,0.9333571791648865,0.9417791962623596,1.0
normalized,0.25,ALL,pku_round0_00115,5,0.7731432795524598,0.7792529463768005,1.0
normalized,0.5,ALL,pku_round0_00115,5,0.569168770313263,0.5730533599853516,1.0
normalized,0.75,ALL,pku_round0_00115,5,0.4337698996067047,0.4364016652107239,1.0
normalized,1.0,ALL,pku_round0_00115,5,0.3408949613571167,0.3427574634552002,1.0
normalized,1.5,ALL,pku_round0_00115,5,0.22612534165382386,0.2271118462085724,1.0
normalized,2.0,ALL,pku_round0_00115,5,0.16084304451942444,0.16143301129341125,1.0
normalized,4.0,ALL,pku_round0_00115,5,0.06088623702526093,0.06100848317146301,1.0
normalized,8.0,ALL,pku_round0_00115,5,0.019497448205947877,0.019505783915519714,1.0
normalized,16.0,ALL,pku_round0_00115,5,0.00559530109167099,0.005591556429862976,1.0
current,0.0,ALL,pku_round0_00123,5,1.6325930595397948,1.6538325548171997,1.0
current,0.001,ALL,pku_round0_00123,5,1.6411056756973266,1.6612634658813477,1.0
current,0.01,ALL,pku_round0_00123,5,1.703240442276001,1.7164653539657593,1.0
current,0.05,ALL,pku_round0_00123,5,1.8368857622146606,1.8440067768096924,1.0
current,0.1,ALL,pku_round0_00123,5,1.9174825191497802,1.9260852336883545,1.0
current,0.25,ALL,pku_round0_00123,5,2.061808204650879,2.074740409851074,1.0
current,0.5,ALL,pku_round0_00123,5,2.208339786529541,2.2187557220458984,1.0
current,0.75,ALL,pku_round0_00123,5,2.3037384510040284,2.3073651790618896,1.0
current,1.0,ALL,pku_round0_00123,5,2.372727298736572,2.3689353466033936,1.0
current,1.5,ALL,pku_round0_00123,5,2.4640009880065916,2.4569458961486816,1.0
current,2.0,ALL,pku_round0_00123,5,2.5135029792785644,2.5012388229370117,1.0
current,4.0,ALL,pku_round0_00123,5,2.5868154525756837,2.570535182952881,1.0
current,8.0,ALL,pku_round0_00123,5,2.6118199825286865,2.5898780822753906,1.0
current,16.0,ALL,pku_round0_00123,5,2.6163541316986083,2.5929625034332275,1.0
normalized,0.0,ALL,pku_round0_00123,5,0.9938428640365601,1.0150823593139648,1.0
normalized,0.001,ALL,pku_round0_00123,5,0.9982667326927185,1.018582820892334,1.0
normalized,0.01,ALL,pku_round0_00123,5,1.0252599954605102,1.0397582054138184,1.0
normalized,0.05,ALL,pku_round0_00123,5,1.0268396973609923,1.0374252796173096,1.0
normalized,0.1,ALL,pku_round0_00123,5,0.970959460735321,0.9848276376724243,1.0
normalized,0.25,ALL,pku_round0_00123,5,0.8002211093902588,0.8161137104034424,1.0
normalized,0.5,ALL,pku_round0_00123,5,0.596059238910675,0.6015024185180664,1.0
normalized,0.75,ALL,pku_round0_00123,5,0.46155176162719724,0.461286723613739,1.0
normalized,1.0,ALL,pku_round0_00123,5,0.3683647394180298,0.3651641607284546,1.0
normalized,1.5,ALL,pku_round0_00123,5,0.25069016218185425,0.24561578035354614,1.0
normalized,2.0,ALL,pku_round0_00123,5,0.1818050980567932,0.17680633068084717,1.0
normalized,4.0,ALL,pku_round0_00123,5,0.07198165655136109,0.06911194324493408,1.0
normalized,8.0,ALL,pku_round0_00123,5,0.023889565467834474,0.022798612713813782,1.0
normalized,16.0,ALL,pku_round0_00123,5,0.007020531594753266,0.0066862329840660095,1.0
current,0.0,ALL,pku_round0_00126,5,-0.008664485812187196,0.002157926559448242,0.6
current,0.001,ALL,pku_round0_00126,5,-0.001197481155395508,0.008287280797958374,0.6
current,0.01,ALL,pku_round0_00126,5,0.05815382599830628,0.058653414249420166,1.0
current,0.05,ALL,pku_round0_00126,5,0.22849532067775727,0.23103632032871246,1.0
current,0.1,ALL,pku_round0_00126,5,0.3594951033592224,0.3615255355834961,1.0
current,0.25,ALL,pku_round0_00126,5,0.5980827569961548,0.5980792045593262,1.0
current,0.5,ALL,pku_round0_00126,5,0.814015007019043,0.8105989098548889,1.0
current,0.75,ALL,pku_round0_00126,5,0.9354950904846191,0.9319391250610352,1.0
current,1.0,ALL,pku_round0_00126,5,1.0112895488739013,1.0094853639602661,1.0
current,1.5,ALL,pku_round0_00126,5,1.0982451915740967,1.0995802879333496,1.0
current,2.0,ALL,pku_round0_00126,5,1.1450016975402832,1.1431164741516113,1.0
current,4.0,ALL,pku_round0_00126,5,1.2120639085769653,1.2129921913146973,1.0
current,8.0,ALL,pku_round0_00126,5,1.2372065305709838,1.237727165222168,1.0
current,16.0,ALL,pku_round0_00126,5,1.244457197189331,1.2424472570419312,1.0
normalized,0.0,ALL,pku_round0_00126,5,-0.2651530683040619,-0.25433066487312317,0.0
normalized,0.001,ALL,pku_round0_00126,5,-0.25953513383865356,-0.2503500282764435,0.0
normalized,0.01,ALL,pku_round0_00126,5,-0.21735428273677826,-0.21568720042705536,0.0
normalized,0.05,ALL,pku_round0_00126,5,-0.12308036386966706,-0.11601494252681732,0.0
normalized,0.1,ALL,pku_round0_00126,5,-0.07400836944580078,-0.06766380369663239,0.0
normalized,0.25,ALL,pku_round0_00126,5,-0.012504705786705017,-0.010365352034568787,0.2
normalized,0.5,ALL,pku_round0_00126,5,0.022192157804965973,0.022010982036590576,1.0
normalized,0.75,ALL,pku_round0_00126,5,0.03178657442331314,0.030621632933616638,1.0
normalized,1.0,ALL,pku_round0_00126,5,0.0331479549407959,0.03159224987030029,1.0
normalized,1.5,ALL,pku_round0_00126,5,0.02911955416202545,0.027485795319080353,1.0
normalized,2.0,ALL,pku_round0_00126,5,0.02391861528158188,0.022472478449344635,1.0
normalized,4.0,ALL,pku_round0_00126,5,0.011354371905326843,0.010592188686132431,1.0
normalized,8.0,ALL,pku_round0_00126,5,0.004101886972784996,0.0039027929306030273,1.0
normalized,16.0,ALL,pku_round0_00126,5,0.0012531714513897897,0.0012040939182043076,1.0
current,0.0,ALL,pku_round0_00146,5,0.21307782977819442,0.21691149473190308,0.6
current,0.001,ALL,pku_round0_00146,5,0.22845098674297332,0.23284181952476501,0.6
current,0.01,ALL,pku_round0_00146,5,0.34430159330368043,0.353384792804718,0.6
current,0.05,ALL,pku_round0_00146,5,0.6118393391370773,0.6333558559417725,1.0
current,0.1,ALL,pku_round0_00146,5,0.7776220381259918,0.8011487126350403,1.0
current,0.25,ALL,pku_round0_00146,5,1.0494236648082733,1.066202163696289,1.0
current,0.5,ALL,pku_round0_00146,5,1.2653711318969727,1.2675625085830688,1.0
current,0.75,ALL,pku_round0_00146,5,1.3901985168457032,1.3773181438446045,1.0
current,1.0,ALL,pku_round0_00146,5,1.472314476966858,1.4464690685272217,1.0
current,1.5,ALL,pku_round0_00146,5,1.565967869758606,1.5265604257583618,1.0
current,2.0,ALL,pku_round0_00146,5,1.6133677005767821,1.570662498474121,1.0
current,4.0,ALL,pku_round0_00146,5,1.6768260240554809,1.6343135833740234,1.0
current,8.0,ALL,pku_round0_00146,5,1.6981498718261718,1.653834581375122,1.0
current,16.0,ALL,pku_round0_00146,5,1.703187847137451,1.6584022045135498,1.0
normalized,0.0,ALL,pku_round0_00146,5,-0.3567941427230835,-0.3529604971408844,0.2
normalized,0.001,ALL,pku_round0_00146,5,-0.3436156213283539,-0.33917728066444397,0.2
normalized,0.01,ALL,pku_round0_00146,5,-0.24783114790916444,-0.23857596516609192,0.4
normalized,0.05,ALL,pku_round0_00146,5,-0.06426743268966675,-0.045219242572784424,0.4
normalized,0.1,ALL,pku_round0_00146,5,0.012540006637573242,0.0303308367729187,0.6
normalized,0.25,ALL,pku_round0_00146,5,0.09214838743209838,0.09865978360176086,0.6
normalized,0.5,ALL,pku_round0_00146,5,0.11504311561584472,0.1097269058227539,0.6
normalized,0.75,ALL,pku_round0_00146,5,0.10945398062467575,0.09910959005355835,0.6
normalized,1.0,ALL,pku_round0_00146,5,0.0983534574508667,0.08644941449165344,0.6
normalized,1.5,ALL,pku_round0_00146,5,0.07641365528106689,0.0652085691690445,0.8
normalized,2.0,ALL,pku_round0_00146,5,0.059561051428318024,0.050176993012428284,0.8
normalized,4.0,ALL,pku_round0_00146,5,0.026476572453975677,0.022019900381565094,1.0
normalized,8.0,ALL,pku_round0_00146,5,0.009326701797544957,0.007752183824777603,1.0
normalized,16.0,ALL,pku_round0_00146,5,0.0028203162364661694,0.002349570393562317,1.0
current,0.0,ALL,pku_round0_00198,5,-0.13329341113567353,-0.1828131079673767,0.2
current,0.001,ALL,pku_round0_00198,5,-0.11957582384347916,-0.16922591626644135,0.2
current,0.01,ALL,pku_round0_00198,5,-0.019769665598869324,-0.07081956416368484,0.4
current,0.05,ALL,pku_round0_00198,5,0.19607386738061905,0.13810454308986664,1.0
current,0.1,ALL,pku_round0_00198,5,0.33654688000679017,0.2721325159072876,1.0
current,0.25,ALL,pku_round0_00198,5,0.5900880575180054,0.5158582925796509,1.0
current,0.5,ALL,pku_round0_00198,5,0.8137881636619568,0.733276903629303,1.0
current,0.75,ALL,pku_round0_00198,5,0.9325924992561341,0.8488852381706238,1.0
current,1.0,ALL,pku_round0_00198,5,1.0038731694221497,0.9177371263504028,1.0
current,1.5,ALL,pku_round0_00198,5,1.0840137958526612,0.9946869611740112,1.0
current,2.0,ALL,pku_round0_00198,5,1.1271366357803345,1.0362861156463623,1.0
current,4.0,ALL,pku_round0_00198,5,1.1894563674926757,1.0984162092208862,1.0
current,8.0,ALL,pku_round0_00198,5,1.2122083187103272,1.123119592666626,1.0
current,16.0,ALL,pku_round0_00198,5,1.2184525966644286,1.1312074661254883,1.0
normalized,0.0,ALL,pku_round0_00198,5,-0.36966008841991427,-0.4191797971725464,0.0
normalized,0.001,ALL,pku_round0_00198,5,-0.3577963948249817,-0.4074357748031616,0.0
normalized,0.01,ALL,pku_round0_00198,5,-0.2753393143415451,-0.3262099027633667,0.0
normalized,0.05,ALL,pku_round0_00198,5,-0.13091953992843627,-0.1863841712474823,0.2
normalized,0.1,ALL,pku_round0_00198,5,-0.06605557799339294,-0.12277829647064209,0.2
normalized,0.25,ALL,pku_round0_00198,5,0.009715597331523895,-0.03962186723947525,0.4
normalized,0.5,ALL,pku_round0_00198,5,0.04330054372549057,0.0076840221881866455,0.6
normalized,0.75,ALL,pku_round0_00198,5,0.04873294681310654,0.022280551493167877,0.8
normalized,1.0,ALL,pku_round0_00198,5,0.0467540942132473,0.026388980448246002,1.0
normalized,1.5,ALL,pku_round0_00198,5,0.03848524466156959,0.025360770523548126,1.0
normalized,2.0,ALL,pku_round0_00198,5,0.03087429888546467,0.02171396277844906,1.0
normalized,4.0,ALL,pku_round0_00198,5,0.01443772055208683,0.011099528521299362,1.0
normalized,8.0,ALL,pku_round0_00198,5,0.005261235777288676,0.004223600961267948,1.0
normalized,16.0,ALL,pku_round0_00198,5,0.0016241498757153749,0.0013330373913049698,1.0
current,0.0,ALL,pku_round0_00203,5,-0.12439024150371551,-0.11923220753669739,0.0
current,0.001,ALL,pku_round0_00203,5,-0.11373937875032425,-0.1094730794429779,0.0
current,0.01,ALL,pku_round0_00203,5,-0.03281529545783997,-0.03341372683644295,0.0
current,0.05,ALL,pku_round0_00203,5,0.1628514975309372,0.16426458954811096,1.0
current,0.1,ALL,pku_round0_00203,5,0.2874022901058197,0.2831808626651764,1.0
current,0.25,ALL,pku_round0_00203,5,0.49435995221138,0.4864247739315033,1.0
current,0.5,ALL,pku_round0_00203,5,0.660986328125,0.6529977321624756,1.0
current,0.75,ALL,pku_round0_00203,5,0.7438632011413574,0.7353835105895996,1.0
current,1.0,ALL,pku_round0_00203,5,0.7926298022270203,0.7835298776626587,1.0
current,1.5,ALL,pku_round0_00203,5,0.8474453568458558,0.8369072675704956,1.0
current,2.0,ALL,pku_round0_00203,5,0.877927279472351,0.8660027384757996,1.0
current,4.0,ALL,pku_round0_00203,5,0.9313360929489136,0.9168869256973267,1.0
current,8.0,ALL,pku_round0_00203,5,0.9544995188713074,0.9379858374595642,1.0
current,16.0,ALL,pku_round0_00203,5,0.9612684488296509,0.9458112120628357,1.0
normalized,0.0,ALL,pku_round0_00203,5,-0.7969958662986756,-0.7918378114700317,0.0
normalized,0.001,ALL,pku_round0_00203,5,-0.7868248820304871,-0.7826160788536072,0.0
normalized,0.01,ALL,pku_round0_00203,5,-0.7101432681083679,-0.7103673219680786,0.0
normalized,0.05,ALL,pku_round0_00203,5,-0.5306021332740783,-0.5307758450508118,0.0
normalized,0.1,ALL,pku_round0_00203,5,-0.4237875401973724,-0.428232878446579,0.0
normalized,0.25,ALL,pku_round0_00203,5,-0.26257307827472687,-0.2682460844516754,0.0
normalized,0.5,ALL,pku_round0_00203,5,-0.14232635200023652,-0.14676928520202637,0.0
normalized,0.75,ALL,pku_round0_00203,5,-0.08581947982311249,-0.08943745493888855,0.0
normalized,1.0,ALL,pku_round0_00203,5,-0.055106221139431,-0.05811341106891632,0.0
normalized,1.5,ALL,pku_round0_00203,5,-0.02548331767320633,-0.02764187753200531,0.0
normalized,2.0,ALL,pku_round0_00203,5,-0.012879148125648499,-0.014494623988866806,0.0
normalized,4.0,ALL,pku_round0_00203,5,-0.000742298737168312,-0.0011856649070978165,0.2
normalized,8.0,ALL,pku_round0_00203,5,0.0007119234651327133,0.0006104037165641785,1.0
normalized,16.0,ALL,pku_round0_00203,5,0.00037359207635745406,0.00034948508255183697,1.0
current,0.0,ALL,pku_round0_00209,5,0.12151577360928059,0.13515430688858032,1.0
current,0.001,ALL,pku_round0_00209,5,0.1285729493945837,0.14234334230422974,1.0
current,0.01,ALL,pku_round0_00209,5,0.1825642168521881,0.19732098281383514,1.0
current,0.05,ALL,pku_round0_00209,5,0.3187470316886902,0.330555260181427,1.0
current,0.1,ALL,pku_round0_00209,5,0.41053680777549745,0.4124736785888672,1.0
current,0.25,ALL,pku_round0_00209,5,0.565767252445221,0.5480372905731201,1.0
current,0.5,ALL,pku_round0_00209,5,0.7008860826492309,0.6805382370948792,1.0
current,0.75,ALL,pku_round0_00209,5,0.7757617712020874,0.7698994874954224,1.0
current,1.0,ALL,pku_round0_00209,5,0.823189377784729,0.8237468004226685,1.0
current,1.5,ALL,pku_round0_00209,5,0.8800057172775269,0.8836925029754639,1.0
current,2.0,ALL,pku_round0_00209,5,0.9130919218063355,0.9159880876541138,1.0
current,4.0,ALL,pku_round0_00209,5,0.9674809217453003,0.9657415151596069,1.0
current,8.0,ALL,pku_round0_00209,5,0.990938663482666,0.9856886863708496,1.0
current,16.0,ALL,pku_round0_00209,5,0.9979482889175415,0.9940303564071655,1.0
normalized,0.0,ALL,pku_round0_00209,5,-0.3132412165403366,-0.33503222465515137,0.0
normalized,0.001,ALL,pku_round0_00209,5,-0.3074931502342224,-0.3288711905479431,0.0
normalized,0.01,ALL,pku_round0_00209,5,-0.2648215502500534,-0.2828316390514374,0.0
normalized,0.05,ALL,pku_round0_00209,5,-0.17090710401535034,-0.18260762095451355,0.0
normalized,0.1,ALL,pku_round0_00209,5,-0.12027048468589782,-0.1314564347267151,0.0
normalized,0.25,ALL,pku_round0_00209,5,-0.052227933704853055,-0.06210213154554367,0.0
normalized,0.5,ALL,pku_round0_00209,5,-0.007928881049156188,-0.008063584566116333,0.4
normalized,0.75,ALL,pku_round0_00209,5,0.009473901987075806,0.016043230891227722,0.8
normalized,1.0,ALL,pku_round0_00209,5,0.016730299592018126,0.0202350951731205,0.8
normalized,1.5,ALL,pku_round0_00209,5,0.020166346803307533,0.02039012312889099,1.0
normalized,2.0,ALL,pku_round0_00209,5,0.01894444301724434,0.0180886872112751,1.0
normalized,4.0,ALL,pku_round0_00209,5,0.010993550159037113,0.010981081984937191,1.0
normalized,8.0,ALL,pku_round0_00209,5,0.004428833909332752,0.004528757184743881,1.0
normalized,16.0,ALL,pku_round0_00209,5,0.0014353730482980609,0.001486180815845728,1.0
current,0.0,ALL,pku_round0_00217,5,-0.17642879039049147,-0.2143208533525467,0.0
current,0.001,ALL,pku_round0_00217,5,-0.1669297695159912,-0.20496341586112976,0.0
current,0.01,ALL,pku_round0_00217,5,-0.09733752459287644,-0.13667425513267517,0.2
current,0.05,ALL,pku_round0_00217,5,0.049914538860321045,0.005688659846782684,0.6
current,0.1,ALL,pku_round0_00217,5,0.12748176604509354,0.07964611053466797,1.0
current,0.25,ALL,pku_round0_00217,5,0.23635267615318298,0.18450963497161865,1.0
current,0.5,ALL,pku_round0_00217,5,0.32792741656303404,0.2735309600830078,1.0
current,0.75,ALL,pku_round0_00217,5,0.3858940899372101,0.3312969505786896,1.0
current,1.0,ALL,pku_round0_00217,5,0.428662097454071,0.38130682706832886,1.0
current,1.5,ALL,pku_round0_00217,5,0.48726054430007937,0.4486010670661926,1.0
current,2.0,ALL,pku_round0_00217,5,0.5224802792072296,0.4861917197704315,1.0
current,4.0,ALL,pku_round0_00217,5,0.5765425562858582,0.5374521613121033,1.0
current,8.0,ALL,pku_round0_00217,5,0.5972352743148803,0.5598512887954712,1.0
current,16.0,ALL,pku_round0_00217,5,0.6033367276191711,0.5662027597427368,1.0
normalized,0.0,ALL,pku_round0_00217,5,-0.4270561277866364,-0.4649481773376465,0.0
normalized,0.001,ALL,pku_round0_00217,5,-0.4189102053642273,-0.45691782236099243,0.0
normalized,0.01,ALL,pku_round0_00217,5,-0.3600232362747192,-0.3990113437175751,0.0
normalized,0.05,ALL,pku_round0_00217,5,-0.2406473070383072,-0.2818123996257782,0.0
normalized,0.1,ALL,pku_round0_00217,5,-0.1805117517709732,-0.2209918349981308,0.0
normalized,0.25,ALL,pku_round0_00217,5,-0.09966494888067245,-0.13330554962158203,0.2
normalized,0.5,ALL,pku_round0_00217,5,-0.043098744750022885,-0.0672835111618042,0.2
normalized,0.75,ALL,pku_round0_00217,5,-0.01790645867586136,-0.036033544689416885,0.2
normalized,1.0,ALL,pku_round0_00217,5,-0.005354164913296699,-0.019443271681666374,0.2
normalized,1.5,ALL,pku_round0_00217,5,0.004713695403188467,-0.0045019276440143585,0.4
normalized,2.0,ALL,pku_round0_00217,5,0.007433047518134117,0.0009361226111650467,1.0
normalized,4.0,ALL,pku_round0_00217,5,0.00614088699221611,0.003732377663254738,1.0
normalized,8.0,ALL,pku_round0_00217,5,0.0027534058317542076,0.0020241253077983856,1.0
normalized,16.0,ALL,pku_round0_00217,5,0.0009326573461294174,0.0007305024191737175,1.0
current,0.0,ALL,pku_round0_00233,5,0.14830044209957122,0.14635469019412994,1.0
current,0.001,ALL,pku_round0_00233,5,0.15382998436689377,0.15203449130058289,1.0
current,0.01,ALL,pku_round0_00233,5,0.19575361609458924,0.19496668875217438,1.0
current,0.05,ALL,pku_round0_00233,5,0.2975991368293762,0.2977212071418762,1.0
current,0.1,ALL,pku_round0_00233,5,0.36401401162147523,0.36341050267219543,1.0
current,0.25,ALL,pku_round0_00233,5,0.4763027489185333,0.47319602966308594,1.0
current,0.5,ALL,pku_round0_00233,5,0.5769454360008239,0.5695865154266357,1.0
current,0.75,ALL,pku_round0_00233,5,0.6365438461303711,0.6288655400276184,1.0
current,1.0,ALL,pku_round0_00233,5,0.6752344012260437,0.6763515472412109,1.0
current,1.5,ALL,pku_round0_00233,5,0.7195787191390991,0.72185218334198,1.0
current,2.0,ALL,pku_round0_00233,5,0.7451309204101563,0.7428273558616638,1.0
current,4.0,ALL,pku_round0_00233,5,0.7885980844497681,0.7966785430908203,1.0
current,8.0,ALL,pku_round0_00233,5,0.8091034650802612,0.8127675652503967,1.0
current,16.0,ALL,pku_round0_00233,5,0.8138974905014038,0.8162826299667358,1.0
normalized,0.0,ALL,pku_round0_00233,5,-0.3057797461748123,-0.3077254891395569,0.0
normalized,0.001,ALL,pku_round0_00233,5,-0.3013102948665619,-0.3031182885169983,0.0
normalized,0.01,ALL,pku_round0_00233,5,-0.26834027767181395,-0.26925137639045715,0.0
normalized,0.05,ALL,pku_round0_00233,5,-0.1961635559797287,-0.19655483961105347,0.0
normalized,0.1,ALL,pku_round0_00233,5,-0.15468237400054932,-0.15605607628822327,0.0
normalized,0.25,ALL,pku_round0_00233,5,-0.08998908698558808,-0.0936720222234726,0.0
normalized,0.5,ALL,pku_round0_00233,5,-0.03980262577533722,-0.04488718509674072,0.0
normalized,0.75,ALL,pku_round0_00233,5,-0.016783156991004945,-0.02152383327484131,0.2
normalized,1.0,ALL,pku_round0_00233,5,-0.005213968455791473,-0.00880635529756546,0.2
normalized,1.5,ALL,pku_round0_00233,5,0.004357598721981049,0.0033333152532577515,0.6
normalized,2.0,ALL,pku_round0_00233,5,0.0071568585932254795,0.0076154544949531555,1.0
normalized,4.0,ALL,pku_round0_00233,5,0.005953879654407501,0.006616244092583656,1.0
normalized,8.0,ALL,pku_round0_00233,5,0.002588467113673687,0.00272951927036047,1.0
normalized,16.0,ALL,pku_round0_00233,5,0.0008563041687011719,0.000876864418387413,1.0
current,0.0,ALL,pku_round0_00250,5,1.026271367073059,1.0476511716842651,1.0
current,0.001,ALL,pku_round0_00250,5,1.0474695086479187,1.0691745281219482,1.0
current,0.01,ALL,pku_round0_00250,5,1.1968050241470336,1.2204927206039429,1.0
current,0.05,ALL,pku_round0_00250,5,1.442401385307312,1.4666941165924072,1.0
current,0.1,ALL,pku_round0_00250,5,1.5332830667495727,1.5569639205932617,1.0
current,0.25,ALL,pku_round0_00250,5,1.66663818359375,1.6894679069519043,1.0
current,0.5,ALL,pku_round0_00250,5,1.7921052694320678,1.8145227432250977,1.0
current,0.75,ALL,pku_round0_00250,5,1.8826807737350464,1.9052590131759644,1.0
current,1.0,ALL,pku_round0_00250,5,1.953511357307434,1.9752919673919678,1.0
current,1.5,ALL,pku_round0_00250,5,2.0304140567779543,2.04884672164917,1.0
current,2.0,ALL,pku_round0_00250,5,2.0722780227661133,2.0880179405212402,1.0
current,4.0,ALL,pku_round0_00250,5,2.1429381370544434,2.1559557914733887,1.0
current,8.0,ALL,pku_round0_00250,5,2.166376829147339,2.1794044971466064,1.0
current,16.0,ALL,pku_round0_00250,5,2.1735564708709716,2.18605637550354,1.0
normalized,0.0,ALL,pku_round0_00250,5,0.6872681617736817,0.7086479663848877,1.0
normalized,0.001,ALL,pku_round0_00250,5,0.7057612657546997,0.7274352312088013,1.0
normalized,0.01,ALL,pku_round0_00250,5,0.8295321941375733,0.8528029322624207,1.0
normalized,0.05,ALL,pku_round0_00250,5,0.969295608997345,0.9912526607513428,1.0
normalized,0.1,ALL,pku_round0_00250,5,0.9511931777000427,0.9705874919891357,1.0
normalized,0.25,ALL,pku_round0_00250,5,0.823405647277832,0.8379671573638916,1.0
normalized,0.5,ALL,pku_round0_00250,5,0.642336630821228,0.6521042585372925,1.0
normalized,0.75,ALL,pku_round0_00250,5,0.5085811674594879,0.5153583288192749,1.0
normalized,1.0,ALL,pku_round0_00250,5,0.40952588319778443,0.4143797755241394,1.0
normalized,1.5,ALL,pku_round0_00250,5,0.2802189588546753,0.28296008706092834,1.0
normalized,2.0,ALL,pku_round0_00250,5,0.20369598269462585,0.20540624856948853,1.0
normalized,4.0,ALL,pku_round0_00250,5,0.08129765391349793,0.08175680041313171,1.0
normalized,8.0,ALL,pku_round0_00250,5,0.02724480479955673,0.02735573798418045,1.0
normalized,16.0,ALL,pku_round0_00250,5,0.00806482881307602,0.008092395961284637,1.0
