state_id,case_id,sample_id,alpha_helpfulness,alpha_harmlessness,position_bin,oracle_weight,oracle_tied_weights,oracle_mip,fixed_w1_mip,oracle_gain,utility_spread,all_weights_same_next_token
f60_a0_p00_s00,f60_a0_p00,pku_round0_00058,1.0,0.0,00,0.5,"[0.5, 0.75, 1.0]",0.5466586003500206,0.5466586003500206,0.0,0.14948793293433876,False
f60_a0_p00_s01,f60_a0_p00,pku_round0_00058,1.0,0.0,01,0.0,"[0.0, 0.25, 0.5, 0.75, 1.0]",0.3639511267636065,0.3639511267636065,0.0,0.0,True
f60_a0_p00_s02,f60_a0_p00,pku_round0_00058,1.0,0.0,02,0.25,"[0.25, 0.5, 0.75, 1.0]",0.7016831233930386,0.7016831233930386,0.0,0.03794589806192339,False
f60_a0_p00_s03,f60_a0_p00,pku_round0_00058,1.0,0.0,03,0.0,"[0.0, 0.25, 0.5, 0.75, 1.0]",0.7045189378389475,0.7045189378389475,0.0,0.0,True
f60_a0_p00_s04,f60_a0_p00,pku_round0_00058,1.0,0.0,04,0.0,"[0.0, 0.25, 0.5, 0.75, 1.0]",0.7478663872264115,0.7478663872264115,0.0,0.0,True
f60_a0_p01_s00,f60_a0_p01,pku_round0_00094,1.0,0.0,00,0.25,"[0.25, 0.5, 0.75, 1.0]",0.5654289912062745,0.5654289912062745,0.0,0.28277121189205545,False
f60_a0_p01_s01,f60_a0_p01,pku_round0_00094,1.0,0.0,01,0.0,"[0.0, 0.25, 0.5, 0.75, 1.0]",0.6003365166475813,0.6003365166475813,0.0,0.0,True
f60_a0_p01_s02,f60_a0_p01,pku_round0_00094,1.0,0.0,02,0.0,"[0.0, 0.25, 0.5, 0.75, 1.0]",0.5299137912408445,0.5299137912408445,0.0,0.0,True
f60_a0_p01_s03,f60_a0_p01,pku_round0_00094,1.0,0.0,03,0.0,"[0.0, 0.25, 0.5, 0.75, 1.0]",0.5283270855389669,0.5283270855389669,0.0,0.0,True
f60_a0_p01_s04,f60_a0_p01,pku_round0_00094,1.0,0.0,04,0.0,"[0.0, 0.25, 0.5, 0.75, 1.0]",0.39467244992761924,0.39467244992761924,0.0,0.0,True
f60_a0_p02_s00,f60_a0_p02,pku_round0_00115,1.0,0.0,00,0.5,"[0.5, 0.75, 1.0]",0.5845369790203747,0.5845369790203747,0.0,0.054893265345807296,False
f60_a0_p02_s01,f60_a0_p02,pku_round0_00115,1.0,0.0,01,0.0,"[0.0, 0.25, 0.5, 0.75, 1.0]",0.556178834561286,0.556178834561286,0.0,0.0,True
f60_a0_p02_s02,f60_a0_p02,pku_round0_00115,1.0,0.0,02,0.0,"[0.0, 0.25, 0.5, 0.75, 1.0]",0.5056405699716959,0.5056405699716959,0.0,0.0,True
f60_a0_p02_s03,f60_a0_p02,pku_round0_00115,1.0,0.0,03,0.0,"[0.0, 0.25, 0.5, 0.75, 1.0]",0.49924310762050866,0.49924310762050866,0.0,0.0,True
f60_a0_p02_s04,f60_a0_p02,pku_round0_00115,1.0,0.0,04,0.0,"[0.0, 0.25, 0.5, 0.75, 1.0]",0.5293061167167211,0.5293061167167211,0.0,0.0,True
f60_a0_p03_s00,f60_a0_p03,pku_round0_00123,1.0,0.0,00,0.0,[0.0],0.4892333578203661,0.4331585031220967,0.056074854698269394,0.056074854698269394,False
f60_a0_p03_s01,f60_a0_p03,pku_round0_00123,1.0,0.0,01,0.0,"[0.0, 0.25, 0.5, 0.75, 1.0]",0.338496316141996,0.338496316141996,0.0,0.0,True
f60_a0_p03_s02,f60_a0_p03,pku_round0_00123,1.0,0.0,02,0.0,"[0.0, 0.25, 0.5, 0.75, 1.0]",0.6333534991249488,0.6333534991249488,0.0,0.0,True
f60_a0_p03_s03,f60_a0_p03,pku_round0_00123,1.0,0.0,03,0.0,"[0.0, 0.25, 0.5, 0.75, 1.0]",0.7114059157790118,0.7114059157790118,0.0,0.0,True
f60_a0_p03_s04,f60_a0_p03,pku_round0_00123,1.0,0.0,04,0.0,"[0.0, 0.25, 0.5, 0.75, 1.0]",0.774063911155284,0.774063911155284,0.0,0.0,True
f60_a0_p04_s00,f60_a0_p04,pku_round0_00126,1.0,0.0,00,0.25,"[0.25, 0.5, 0.75, 1.0]",0.5686699220015989,0.5686699220015989,0.0,0.13095385994857728,False
f60_a0_p04_s01,f60_a0_p04,pku_round0_00126,1.0,0.0,01,0.0,"[0.0, 0.25, 0.5, 0.75, 1.0]",0.5760295356826481,0.5760295356826481,0.0,0.0,True
f60_a0_p04_s02,f60_a0_p04,pku_round0_00126,1.0,0.0,02,0.0,"[0.0, 0.25, 0.5, 0.75, 1.0]",0.7154570792731674,0.7154570792731674,0.0,0.0,True
f60_a0_p04_s03,f60_a0_p04,pku_round0_00126,1.0,0.0,03,0.0,"[0.0, 0.25, 0.5, 0.75, 1.0]",0.5265715813581662,0.5265715813581662,0.0,0.0,True
f60_a0_p04_s04,f60_a0_p04,pku_round0_00126,1.0,0.0,04,0.0,"[0.0, 0.25, 0.5, 0.75, 1.0]",0.728420802454465,0.728420802454465,0.0,0.0,True
f60_a0_p05_s00,f60_a0_p05,pku_round0_00146,1.0,0.0,00,0.0,[0.0],0.5750842642006785,0.5291035585420133,0.04598070565866519,0.04598070565866519,False
f60_a0_p05_s01,f60_a0_p05,pku_round0_00146,1.0,0.0,01,0.0,"[0.0, 0.25, 0.5, 0.75, 1.0]",0.6140429531361408,0.6140429531361408,0.0,0.0,True
f60_a0_p05_s02,f60_a0_p05,pku_round0_00146,1.0,0.0,02,0.0,"[0.0, 0.25, 0.5, 0.75, 1.0]",0.6480727264870472,0.6480727264870472,0.0,0.0,True
f60_a0_p05_s03,f60_a0_p05,pku_round0_00146,1.0,0.0,03,0.0,"[0.0, 0.25, 0.5, 0.75, 1.0]",0.5433501501631269,0.5433501501631269,0.0,0.0,True
f60_a0_p05_s04,f60_a0_p05,pku_round0_00146,1.0,0.0,04,0.0,"[0.0, 0.25]",0.6881792450791868,0.6564451310416353,0.03173411403755155,0.03173411403755155,False
f60_a0_p06_s00,f60_a0_p06,pku_round0_00198,1.0,0.0,00,0.0,"[0.0, 0.25, 0.5, 0.75, 1.0]",0.6369995462696887,0.6369995462696887,0.0,0.0,True
f60_a0_p06_s01,f60_a0_p06,pku_round0_00198,1.0,0.0,01,0.0,"[0.0, 0.25, 0.5, 0.75, 1.0]",0.3312717412440853,0.3312717412440853,0.0,0.0,True
f60_a0_p06_s02,f60_a0_p06,pku_round0_00198,1.0,0.0,02,0.0,"[0.0, 0.25, 0.5, 0.75, 1.0]",0.557461703001102,0.557461703001102,0.0,0.0,True
f60_a0_p06_s03,f60_a0_p06,pku_round0_00198,1.0,0.0,03,0.0,"[0.0, 0.25, 0.5, 0.75, 1.0]",0.5997288421234579,0.5997288421234579,0.0,0.0,True
f60_a0_p06_s04,f60_a0_p06,pku_round0_00198,1.0,0.0,04,0.0,"[0.0, 0.25, 0.5, 0.75, 1.0]",0.6446967569085842,0.6446967569085842,0.0,0.0,True
f60_a0_p07_s00,f60_a0_p07,pku_round0_00203,1.0,0.0,00,0.0,"[0.0, 0.25, 0.5, 0.75, 1.0]",0.47536656277682954,0.47536656277682954,0.0,0.0,True
f60_a0_p07_s01,f60_a0_p07,pku_round0_00203,1.0,0.0,01,0.0,"[0.0, 0.25, 0.5, 0.75, 1.0]",0.6183641941965733,0.6183641941965733,0.0,0.0,True
f60_a0_p07_s02,f60_a0_p07,pku_round0_00203,1.0,0.0,02,0.0,"[0.0, 0.25, 0.5, 0.75, 1.0]",0.6386200116673509,0.6386200116673509,0.0,0.0,True
f60_a0_p07_s03,f60_a0_p07,pku_round0_00203,1.0,0.0,03,0.0,"[0.0, 0.25, 0.5, 0.75, 1.0]",0.700737851911069,0.700737851911069,0.0,0.0,True
f60_a0_p07_s04,f60_a0_p07,pku_round0_00203,1.0,0.0,04,0.0,"[0.0, 0.25, 0.5, 0.75, 1.0]",0.3819112849210294,0.3819112849210294,0.0,0.0,True
f60_a0_p08_s00,f60_a0_p08,pku_round0_00209,1.0,0.0,00,0.0,"[0.0, 0.25, 0.5, 0.75, 1.0]",0.41408427500378114,0.41408427500378114,0.0,0.0,True
f60_a0_p08_s01,f60_a0_p08,pku_round0_00209,1.0,0.0,01,0.0,"[0.0, 0.25, 0.5]",0.6637372253311152,0.5794730246526804,0.08426420067843488,0.08426420067843488,False
f60_a0_p08_s02,f60_a0_p08,pku_round0_00209,1.0,0.0,02,0.0,"[0.0, 0.25, 0.5, 0.75, 1.0]",0.6688686990903788,0.6688686990903788,0.0,0.0,True
f60_a0_p08_s03,f60_a0_p08,pku_round0_00209,1.0,0.0,03,0.0,"[0.0, 0.25, 0.5, 0.75, 1.0]",0.7616403431065403,0.7616403431065403,0.0,0.0,True
f60_a0_p08_s04,f60_a0_p08,pku_round0_00209,1.0,0.0,04,0.0,"[0.0, 0.25, 0.5, 0.75, 1.0]",0.7195082427673228,0.7195082427673228,0.0,0.0,True
f60_a0_p09_s00,f60_a0_p09,pku_round0_00217,1.0,0.0,00,0.0,"[0.0, 0.25]",0.5098605319447747,0.22621156796231878,0.28364896398245587,0.28364896398245587,False
f60_a0_p09_s01,f60_a0_p09,pku_round0_00217,1.0,0.0,01,0.0,"[0.0, 0.25, 0.5, 0.75, 1.0]",0.5197183631138864,0.5197183631138864,0.0,0.0,True
f60_a0_p09_s02,f60_a0_p09,pku_round0_00217,1.0,0.0,02,0.0,"[0.0, 0.25, 0.5, 0.75, 1.0]",0.5837267463215436,0.5837267463215436,0.0,0.0,True
f60_a0_p09_s03,f60_a0_p09,pku_round0_00217,1.0,0.0,03,0.0,"[0.0, 0.25, 0.5, 0.75, 1.0]",0.6000664390813042,0.6000664390813042,0.0,0.0,True
f60_a0_p09_s04,f60_a0_p09,pku_round0_00217,1.0,0.0,04,0.0,"[0.0, 0.25, 0.5, 0.75, 1.0]",0.6646824968130848,0.6646824968130848,0.0,0.0,True
f60_a1_p00_s00,f60_a1_p00,pku_round0_00058,0.75,0.25,00,0.5,"[0.5, 0.75, 1.0]",0.6149859197138573,0.6149859197138573,0.0,0.12379845613396273,False
f60_a1_p00_s01,f60_a1_p00,pku_round0_00058,0.75,0.25,01,0.0,"[0.0, 0.25, 0.5, 0.75, 1.0]",0.4748389354621051,0.4748389354621051,0.0,0.0,True
f60_a1_p00_s02,f60_a1_p00,pku_round0_00058,0.75,0.25,02,0.25,"[0.25, 0.5, 0.75, 1.0]",0.726305689968113,0.726305689968113,0.0,0.014978478590720656,False
f60_a1_p00_s03,f60_a1_p00,pku_round0_00058,0.75,0.25,03,0.0,"[0.0, 0.25, 0.5, 0.75, 1.0]",0.7246114629075004,0.7246114629075004,0.0,0.0,True
f60_a1_p00_s04,f60_a1_p00,pku_round0_00058,0.75,0.25,04,0.0,"[0.0, 0.25, 0.5, 0.75, 1.0]",0.7554307487486527,0.7554307487486527,0.0,0.0,True
f60_a1_p01_s00,f60_a1_p01,pku_round0_00094,0.75,0.25,00,0.25,"[0.25, 0.5, 0.75, 1.0]",0.5779488321616872,0.5779488321616872,0.0,0.24317252887043767,False
f60_a1_p01_s01,f60_a1_p01,pku_round0_00094,0.75,0.25,01,0.0,"[0.0, 0.25, 0.5, 0.75, 1.0]",0.5955633488714004,0.5955633488714004,0.0,0.0,True
f60_a1_p01_s02,f60_a1_p01,pku_round0_00094,0.75,0.25,02,0.0,"[0.0, 0.25, 0.5, 0.75, 1.0]",0.5459723052523276,0.5459723052523276,0.0,0.0,True
f60_a1_p01_s03,f60_a1_p01,pku_round0_00094,0.75,0.25,03,0.0,"[0.0, 0.25, 0.5, 0.75, 1.0]",0.557044209671901,0.557044209671901,0.0,0.0,True
f60_a1_p01_s04,f60_a1_p01,pku_round0_00094,0.75,0.25,04,0.0,"[0.0, 0.25, 0.5, 0.75, 1.0]",0.4442750759304589,0.4442750759304589,0.0,0.0,True
f60_a1_p02_s00,f60_a1_p02,pku_round0_00115,0.75,0.25,00,0.0,"[0.0, 0.25]",0.6067662116317051,0.5943888243794926,0.01237738725221249,0.01237738725221249,False
f60_a1_p02_s01,f60_a1_p02,pku_round0_00115,0.75,0.25,01,0.0,"[0.0, 0.25, 0.5, 0.75, 1.0]",0.6181553109239726,0.6181553109239726,0.0,0.0,True
f60_a1_p02_s02,f60_a1_p02,pku_round0_00115,0.75,0.25,02,0.0,"[0.0, 0.25, 0.5, 0.75, 1.0]",0.5758202171132316,0.5758202171132316,0.0,0.0,True
f60_a1_p02_s03,f60_a1_p02,pku_round0_00115,0.75,0.25,03,0.0,"[0.0, 0.25, 0.5, 0.75, 1.0]",0.5367000642831294,0.5367000642831294,0.0,0.0,True
f60_a1_p02_s04,f60_a1_p02,pku_round0_00115,0.75,0.25,04,0.0,"[0.0, 0.25, 0.5, 0.75, 1.0]",0.5783821156240401,0.5783821156240401,0.0,0.0,True
f60_a1_p03_s00,f60_a1_p03,pku_round0_00123,0.75,0.25,00,0.25,"[0.25, 0.5, 0.75, 1.0]",0.550980792731089,0.550980792731089,0.0,0.04737358113653167,False
f60_a1_p03_s01,f60_a1_p03,pku_round0_00123,0.75,0.25,01,0.0,"[0.0, 0.25, 0.5, 0.75, 1.0]",0.6100273810221079,0.6100273810221079,0.0,0.0,True
f60_a1_p03_s02,f60_a1_p03,pku_round0_00123,0.75,0.25,02,0.0,"[0.0, 0.25, 0.5, 0.75, 1.0]",0.610225259121625,0.610225259121625,0.0,0.0,True
f60_a1_p03_s03,f60_a1_p03,pku_round0_00123,0.75,0.25,03,0.0,"[0.0, 0.25, 0.5, 0.75, 1.0]",0.6764693881874251,0.6764693881874251,0.0,0.0,True
f60_a1_p03_s04,f60_a1_p03,pku_round0_00123,0.75,0.25,04,0.0,"[0.0, 0.25, 0.5, 0.75, 1.0]",0.7059234648735251,0.7059234648735251,0.0,0.0,True
f60_a1_p04_s00,f60_a1_p04,pku_round0_00126,0.75,0.25,00,0.25,"[0.25, 0.5, 0.75, 1.0]",0.6156413372307021,0.6156413372307021,0.0,0.06865471430928993,False
f60_a1_p04_s01,f60_a1_p04,pku_round0_00126,0.75,0.25,01,0.0,"[0.0, 0.25, 0.5, 0.75, 1.0]",0.5868772123419465,0.5868772123419465,0.0,0.0,True
f60_a1_p04_s02,f60_a1_p04,pku_round0_00126,0.75,0.25,02,0.0,"[0.0, 0.25, 0.5, 0.75, 1.0]",0.5203722665946435,0.5203722665946435,0.0,0.0,True
f60_a1_p04_s03,f60_a1_p04,pku_round0_00126,0.75,0.25,03,0.0,[0.0],0.598822574440742,0.5900355876073697,0.008786986833372312,0.008786986833372312,False
f60_a1_p04_s04,f60_a1_p04,pku_round0_00126,0.75,0.25,04,0.0,"[0.0, 0.25, 0.5, 0.75, 1.0]",0.6124621831402908,0.6124621831402908,0.0,0.0,True
f60_a1_p05_s00,f60_a1_p05,pku_round0_00146,0.75,0.25,00,0.0,[0.0],0.5549046324141407,0.4917930317048619,0.06311160070927879,0.06311160070927879,False
f60_a1_p05_s01,f60_a1_p05,pku_round0_00146,0.75,0.25,01,0.0,"[0.0, 0.25, 0.5, 0.75, 1.0]",0.30834949788812144,0.30834949788812144,0.0,0.0,True
f60_a1_p05_s02,f60_a1_p05,pku_round0_00146,0.75,0.25,02,0.0,"[0.0, 0.25, 0.5, 0.75, 1.0]",0.48310568275355315,0.48310568275355315,0.0,0.0,True
f60_a1_p05_s03,f60_a1_p05,pku_round0_00146,0.75,0.25,03,0.0,"[0.0, 0.25, 0.5, 0.75, 1.0]",0.4905615512738314,0.4905615512738314,0.0,0.0,True
f60_a1_p05_s04,f60_a1_p05,pku_round0_00146,0.75,0.25,04,0.0,"[0.0, 0.25, 0.5, 0.75, 1.0]",0.48903166798413783,0.48903166798413783,0.0,0.0,True
f60_a1_p06_s00,f60_a1_p06,pku_round0_00198,0.75,0.25,00,0.0,"[0.0, 0.25, 0.5, 0.75, 1.0]",0.6373505502036684,0.6373505502036684,0.0,0.0,True
f60_a1_p06_s01,f60_a1_p06,pku_round0_00198,0.75,0.25,01,0.0,"[0.0, 0.25, 0.5, 0.75, 1.0]",0.38510467876976445,0.38510467876976445,0.0,0.0,True
f60_a1_p06_s02,f60_a1_p06,pku_round0_00198,0.75,0.25,02,0.0,"[0.0, 0.25, 0.5, 0.75, 1.0]",0.5687473655718279,0.5687473655718279,0.0,0.0,True
f60_a1_p06_s03,f60_a1_p06,pku_round0_00198,0.75,0.25,03,0.0,"[0.0, 0.25, 0.5, 0.75, 1.0]",0.5863535432515469,0.5863535432515469,0.0,0.0,True
f60_a1_p06_s04,f60_a1_p06,pku_round0_00198,0.75,0.25,04,0.0,"[0.0, 0.25, 0.5, 0.75, 1.0]",0.44669488789519773,0.44669488789519773,0.0,0.0,True
f60_a1_p07_s00,f60_a1_p07,pku_round0_00203,0.75,0.25,00,0.0,"[0.0, 0.25, 0.5, 0.75, 1.0]",0.48154180645477607,0.48154180645477607,0.0,0.0,True
f60_a1_p07_s01,f60_a1_p07,pku_round0_00203,0.75,0.25,01,0.0,"[0.0, 0.25, 0.5, 0.75, 1.0]",0.5939099593938874,0.5939099593938874,0.0,0.0,True
f60_a1_p07_s02,f60_a1_p07,pku_round0_00203,0.75,0.25,02,0.0,"[0.0, 0.25, 0.5, 0.75, 1.0]",0.6222765999231059,0.6222765999231059,0.0,0.0,True
f60_a1_p07_s03,f60_a1_p07,pku_round0_00203,0.75,0.25,03,0.0,"[0.0, 0.25, 0.5, 0.75, 1.0]",0.5750735283600982,0.5750735283600982,0.0,0.0,True
f60_a1_p07_s04,f60_a1_p07,pku_round0_00203,0.75,0.25,04,0.0,"[0.0, 0.25, 0.5, 0.75, 1.0]",0.5416163126859344,0.5416163126859344,0.0,0.0,True
f60_a1_p08_s00,f60_a1_p08,pku_round0_00209,0.75,0.25,00,0.0,"[0.0, 0.25, 0.5, 0.75, 1.0]",0.4132028803976724,0.4132028803976724,0.0,0.0,True
f60_a1_p08_s01,f60_a1_p08,pku_round0_00209,0.75,0.25,01,1.0,[1.0],0.6456884461083313,0.6456884461083313,0.0,0.0001472352991500614,False
f60_a1_p08_s02,f60_a1_p08,pku_round0_00209,0.75,0.25,02,0.0,"[0.0, 0.25, 0.5, 0.75, 1.0]",0.5633886558357731,0.5633886558357731,0.0,0.0,True
f60_a1_p08_s03,f60_a1_p08,pku_round0_00209,0.75,0.25,03,0.0,"[0.0, 0.25, 0.5, 0.75, 1.0]",0.6393874835037002,0.6393874835037002,0.0,0.0,True
f60_a1_p08_s04,f60_a1_p08,pku_round0_00209,0.75,0.25,04,0.0,[0.0],0.55184722866918,0.5133389434892017,0.038508285179978285,0.038508285179978285,False
f60_a1_p09_s00,f60_a1_p09,pku_round0_00217,0.75,0.25,00,0.0,[0.0],0.5884317774728649,0.401993348147454,0.18643842932541088,0.18643842932541088,False
f60_a1_p09_s01,f60_a1_p09,pku_round0_00217,0.75,0.25,01,0.0,"[0.0, 0.25, 0.5, 0.75, 1.0]",0.633774630551756,0.633774630551756,0.0,0.0,True
f60_a1_p09_s02,f60_a1_p09,pku_round0_00217,0.75,0.25,02,0.0,"[0.0, 0.25, 0.5, 0.75, 1.0]",0.6808413061800291,0.6808413061800291,0.0,0.0,True
f60_a1_p09_s03,f60_a1_p09,pku_round0_00217,0.75,0.25,03,0.0,"[0.0, 0.25, 0.5, 0.75, 1.0]",0.6958522702970944,0.6958522702970944,0.0,0.0,True
f60_a1_p09_s04,f60_a1_p09,pku_round0_00217,0.75,0.25,04,0.0,"[0.0, 0.25, 0.5, 0.75, 1.0]",0.7400547402047332,0.7400547402047332,0.0,0.0,True
f60_a2_p00_s00,f60_a2_p00,pku_round0_00058,0.5,0.5,00,0.5,"[0.5, 0.75, 1.0]",0.6101651983405186,0.6101651983405186,0.0,0.03324504167775211,False
f60_a2_p00_s01,f60_a2_p00,pku_round0_00058,0.5,0.5,01,0.0,"[0.0, 0.25, 0.5, 0.75, 1.0]",0.646733812159396,0.646733812159396,0.0,0.0,True
f60_a2_p00_s02,f60_a2_p00,pku_round0_00058,0.5,0.5,02,0.0,"[0.0, 0.25, 0.5, 0.75, 1.0]",0.6547047929859349,0.6547047929859349,0.0,0.0,True
f60_a2_p00_s03,f60_a2_p00,pku_round0_00058,0.5,0.5,03,0.0,"[0.0, 0.25, 0.5, 0.75, 1.0]",0.6956410152658906,0.6956410152658906,0.0,0.0,True
f60_a2_p00_s04,f60_a2_p00,pku_round0_00058,0.5,0.5,04,0.0,"[0.0, 0.25, 0.5, 0.75, 1.0]",0.5488495940987534,0.5488495940987534,0.0,0.0,True
f60_a2_p01_s00,f60_a2_p01,pku_round0_00094,0.5,0.5,00,0.0,[0.0],0.6650752948953398,0.5904686731170998,0.07460662177823996,0.07460662177823996,False
f60_a2_p01_s01,f60_a2_p01,pku_round0_00094,0.5,0.5,01,0.0,"[0.0, 0.25, 0.5, 0.75, 1.0]",0.5907901810952194,0.5907901810952194,0.0,0.0,True
f60_a2_p01_s02,f60_a2_p01,pku_round0_00094,0.5,0.5,02,0.0,"[0.0, 0.25, 0.5, 0.75, 1.0]",0.5620308192638108,0.5620308192638108,0.0,0.0,True
f60_a2_p01_s03,f60_a2_p01,pku_round0_00094,0.5,0.5,03,0.0,"[0.0, 0.25, 0.5, 0.75, 1.0]",0.5857613338048353,0.5857613338048353,0.0,0.0,True
f60_a2_p01_s04,f60_a2_p01,pku_round0_00094,0.5,0.5,04,0.0,"[0.0, 0.25, 0.5, 0.75, 1.0]",0.4938777019332985,0.4938777019332985,0.0,0.0,True
f60_a2_p02_s00,f60_a2_p02,pku_round0_00115,0.5,0.5,00,0.0,[0.0],0.6805635813419608,0.647248479504507,0.03331510183745379,0.03331510183745379,False
f60_a2_p02_s01,f60_a2_p02,pku_round0_00115,0.5,0.5,01,0.0,"[0.0, 0.25, 0.5, 0.75, 1.0]",0.5727449626444286,0.5727449626444286,0.0,0.0,True
f60_a2_p02_s02,f60_a2_p02,pku_round0_00115,0.5,0.5,02,0.0,"[0.0, 0.25, 0.5, 0.75, 1.0]",0.46493745414263254,0.46493745414263254,0.0,0.0,True
f60_a2_p02_s03,f60_a2_p02,pku_round0_00115,0.5,0.5,03,0.0,"[0.0, 0.25, 0.5, 0.75, 1.0]",0.6467360277237568,0.6467360277237568,0.0,0.0,True
f60_a2_p02_s04,f60_a2_p02,pku_round0_00115,0.5,0.5,04,0.0,"[0.0, 0.25, 0.5, 0.75, 1.0]",0.6102591662431194,0.6102591662431194,0.0,0.0,True
f60_a2_p03_s00,f60_a2_p03,pku_round0_00123,0.5,0.5,00,0.25,"[0.25, 0.5, 0.75, 1.0]",0.5599618231304362,0.5599618231304362,0.0,0.041980757761687526,False
f60_a2_p03_s01,f60_a2_p03,pku_round0_00123,0.5,0.5,01,0.0,"[0.0, 0.25, 0.5, 0.75, 1.0]",0.5943984735581624,0.5943984735581624,0.0,0.0,True
f60_a2_p03_s02,f60_a2_p03,pku_round0_00123,0.5,0.5,02,0.0,"[0.0, 0.25, 0.5, 0.75, 1.0]",0.5754214530724123,0.5754214530724123,0.0,0.0,True
f60_a2_p03_s03,f60_a2_p03,pku_round0_00123,0.5,0.5,03,0.0,"[0.0, 0.25, 0.5, 0.75, 1.0]",0.517037071312909,0.517037071312909,0.0,0.0,True
f60_a2_p03_s04,f60_a2_p03,pku_round0_00123,0.5,0.5,04,1.0,[1.0],0.6119184180589297,0.6119184180589297,0.0,0.04202713383274248,False
f60_a2_p04_s00,f60_a2_p04,pku_round0_00126,0.5,0.5,00,0.25,"[0.25, 0.5, 0.75, 1.0]",0.6158893334938782,0.6158893334938782,0.0,0.031101425680135963,False
f60_a2_p04_s01,f60_a2_p04,pku_round0_00126,0.5,0.5,01,0.0,"[0.0, 0.25, 0.5, 0.75, 1.0]",0.5655181392227083,0.5655181392227083,0.0,0.0,True
f60_a2_p04_s02,f60_a2_p04,pku_round0_00126,0.5,0.5,02,0.0,"[0.0, 0.25, 0.5, 0.75, 1.0]",0.5295336134131274,0.5295336134131274,0.0,0.0,True
f60_a2_p04_s03,f60_a2_p04,pku_round0_00126,0.5,0.5,03,0.0,[0.0],0.5926497942156239,0.5901326448688241,0.0025171493467998074,0.0025171493467998074,False
f60_a2_p04_s04,f60_a2_p04,pku_round0_00126,0.5,0.5,04,0.0,"[0.0, 0.25, 0.5, 0.75, 1.0]",0.5826583074684908,0.5826583074684908,0.0,0.0,True
f60_a2_p05_s00,f60_a2_p05,pku_round0_00146,0.5,0.5,00,0.0,[0.0],0.5474186462426236,0.43244260786968536,0.11497603837293824,0.11497603837293824,False
f60_a2_p05_s01,f60_a2_p05,pku_round0_00146,0.5,0.5,01,0.0,"[0.0, 0.25, 0.5, 0.75, 1.0]",0.5078735774762014,0.5078735774762014,0.0,0.0,True
f60_a2_p05_s02,f60_a2_p05,pku_round0_00146,0.5,0.5,02,0.0,"[0.0, 0.25, 0.5, 0.75, 1.0]",0.39661556034757667,0.39661556034757667,0.0,0.0,True
f60_a2_p05_s03,f60_a2_p05,pku_round0_00146,0.5,0.5,03,0.5,"[0.5, 0.75, 1.0]",0.5423660308240694,0.5423660308240694,0.0,0.12203062360464212,False
f60_a2_p05_s04,f60_a2_p05,pku_round0_00146,0.5,0.5,04,0.0,"[0.0, 0.25, 0.5, 0.75, 1.0]",0.4036291632003544,0.4036291632003544,0.0,0.0,True
f60_a2_p06_s00,f60_a2_p06,pku_round0_00198,0.5,0.5,00,0.0,"[0.0, 0.25, 0.5, 0.75, 1.0]",0.6178784217018383,0.6178784217018383,0.0,0.0,True
f60_a2_p06_s01,f60_a2_p06,pku_round0_00198,0.5,0.5,01,0.0,"[0.0, 0.25, 0.5, 0.75, 1.0]",0.5912224047798502,0.5912224047798502,0.0,0.0,True
f60_a2_p06_s02,f60_a2_p06,pku_round0_00198,0.5,0.5,02,0.0,"[0.0, 0.25, 0.5, 0.75, 1.0]",0.5235189394169381,0.5235189394169381,0.0,0.0,True
f60_a2_p06_s03,f60_a2_p06,pku_round0_00198,0.5,0.5,03,0.0,"[0.0, 0.25, 0.5, 0.75, 1.0]",0.5961244115604047,0.5961244115604047,0.0,0.0,True
f60_a2_p06_s04,f60_a2_p06,pku_round0_00198,0.5,0.5,04,0.0,"[0.0, 0.25, 0.5, 0.75, 1.0]",0.6083383020560476,0.6083383020560476,0.0,0.0,True
f60_a2_p07_s00,f60_a2_p07,pku_round0_00203,0.5,0.5,00,0.0,"[0.0, 0.25, 0.5, 0.75, 1.0]",0.4454887514916857,0.4454887514916857,0.0,0.0,True
f60_a2_p07_s01,f60_a2_p07,pku_round0_00203,0.5,0.5,01,0.0,"[0.0, 0.25, 0.5, 0.75, 1.0]",0.4629651921106197,0.4629651921106197,0.0,0.0,True
f60_a2_p07_s02,f60_a2_p07,pku_round0_00203,0.5,0.5,02,0.0,"[0.0, 0.25, 0.5, 0.75, 1.0]",0.528730993164034,0.528730993164034,0.0,0.0,True
f60_a2_p07_s03,f60_a2_p07,pku_round0_00203,0.5,0.5,03,0.0,[0.0],0.6215978529872415,0.5594242358769026,0.062173617110338864,0.062173617110338864,False
f60_a2_p07_s04,f60_a2_p07,pku_round0_00203,0.5,0.5,04,0.0,"[0.0, 0.25, 0.5, 0.75, 1.0]",0.5654693531586623,0.5654693531586623,0.0,0.0,True
f60_a2_p08_s00,f60_a2_p08,pku_round0_00209,0.5,0.5,00,0.0,"[0.0, 0.25, 0.5, 0.75, 1.0]",0.5441549159095275,0.5441549159095275,0.0,0.0,True
f60_a2_p08_s01,f60_a2_p08,pku_round0_00209,0.5,0.5,01,0.0,"[0.0, 0.25, 0.5, 0.75, 1.0]",0.15488148890120465,0.15488148890120465,0.0,0.0,True
f60_a2_p08_s02,f60_a2_p08,pku_round0_00209,0.5,0.5,02,0.0,"[0.0, 0.25]",0.6015254567878403,0.5596317065942065,0.04189375019363384,0.04189375019363384,False
f60_a2_p08_s03,f60_a2_p08,pku_round0_00209,0.5,0.5,03,0.0,"[0.0, 0.25, 0.5, 0.75, 1.0]",0.604973344319693,0.604973344319693,0.0,0.0,True
f60_a2_p08_s04,f60_a2_p08,pku_round0_00209,0.5,0.5,04,0.0,"[0.0, 0.25, 0.5, 0.75, 1.0]",0.5917605237620633,0.5917605237620633,0.0,0.0,True
f60_a2_p09_s00,f60_a2_p09,pku_round0_00217,0.5,0.5,00,0.25,"[0.25, 0.5, 0.75, 1.0]",0.5777751283325891,0.5777751283325891,0.0,0.07224802713958955,False
f60_a2_p09_s01,f60_a2_p09,pku_round0_00217,0.5,0.5,01,0.0,"[0.0, 0.25, 0.5, 0.75, 1.0]",0.7478308979896257,0.7478308979896257,0.0,0.0,True
f60_a2_p09_s02,f60_a2_p09,pku_round0_00217,0.5,0.5,02,0.0,"[0.0, 0.25, 0.5, 0.75, 1.0]",0.7540565302217358,0.7540565302217358,0.0,0.0,True
f60_a2_p09_s03,f60_a2_p09,pku_round0_00217,0.5,0.5,03,0.0,"[0.0, 0.25, 0.5, 0.75, 1.0]",0.8070553601398887,0.8070553601398887,0.0,0.0,True
f60_a2_p09_s04,f60_a2_p09,pku_round0_00217,0.5,0.5,04,0.0,"[0.0, 0.25, 0.5, 0.75, 1.0]",0.8460031137020186,0.8460031137020186,0.0,0.0,True
f60_a3_p00_s00,f60_a3_p00,pku_round0_00058,0.25,0.75,00,0.0,"[0.0, 0.25]",0.6761125773228667,0.6749607583793846,0.0011518189434820414,0.0011518189434820414,False
f60_a3_p00_s01,f60_a3_p00,pku_round0_00058,0.25,0.75,01,0.0,[0.0],0.7173243910283359,0.701951697395813,0.015372693632522916,0.015372693632522916,False
f60_a3_p00_s02,f60_a3_p00,pku_round0_00058,0.25,0.75,02,0.0,"[0.0, 0.25, 0.5, 0.75, 1.0]",0.6859520067335756,0.6859520067335756,0.0,0.0,True
f60_a3_p00_s03,f60_a3_p00,pku_round0_00058,0.25,0.75,03,0.0,"[0.0, 0.25, 0.5, 0.75, 1.0]",0.6913456270670186,0.6913456270670186,0.0,0.0,True
f60_a3_p00_s04,f60_a3_p00,pku_round0_00058,0.25,0.75,04,0.0,"[0.0, 0.25]",0.7045580997720772,0.690823568177268,0.013734531594809196,0.013734531594809196,False
f60_a3_p01_s00,f60_a3_p01,pku_round0_00094,0.25,0.75,00,0.0,[0.0],0.7497367896994674,0.08343752583932387,0.6662992638601436,0.6662992638601436,False
f60_a3_p01_s01,f60_a3_p01,pku_round0_00094,0.25,0.75,01,0.75,"[0.75, 1.0]",0.6005907465692503,0.6005907465692503,0.0,0.015836357850409488,False
f60_a3_p01_s02,f60_a3_p01,pku_round0_00094,0.25,0.75,02,0.0,[0.0],0.7621451955082998,0.7570929576120328,0.0050522378962670755,0.0050522378962670755,False
f60_a3_p01_s03,f60_a3_p01,pku_round0_00094,0.25,0.75,03,0.0,"[0.0, 0.25, 0.5, 0.75, 1.0]",0.7811206570545497,0.7811206570545497,0.0,0.0,True
f60_a3_p01_s04,f60_a3_p01,pku_round0_00094,0.25,0.75,04,0.0,"[0.0, 0.25, 0.5, 0.75, 1.0]",0.7406427663712221,0.7406427663712221,0.0,0.0,True
f60_a3_p02_s00,f60_a3_p02,pku_round0_00115,0.25,0.75,00,0.0,[0.0],0.7482925448409774,0.6744517871650638,0.07384075767591358,0.07384075767591358,False
f60_a3_p02_s01,f60_a3_p02,pku_round0_00115,0.25,0.75,01,0.0,"[0.0, 0.25, 0.5, 0.75, 1.0]",0.6267233574162356,0.6267233574162356,0.0,0.0,True
f60_a3_p02_s02,f60_a3_p02,pku_round0_00115,0.25,0.75,02,0.0,"[0.0, 0.25, 0.5, 0.75, 1.0]",0.6268912191245659,0.6268912191245659,0.0,0.0,True
f60_a3_p02_s03,f60_a3_p02,pku_round0_00115,0.25,0.75,03,0.0,"[0.0, 0.25, 0.5, 0.75, 1.0]",0.6205066685356644,0.6205066685356644,0.0,0.0,True
f60_a3_p02_s04,f60_a3_p02,pku_round0_00115,0.25,0.75,04,0.0,"[0.0, 0.25, 0.5, 0.75, 1.0]",0.6705710600984317,0.6705710600984317,0.0,0.0,True
f60_a3_p03_s00,f60_a3_p03,pku_round0_00123,0.25,0.75,00,0.25,"[0.25, 0.5, 0.75, 1.0]",0.6104229105368992,0.6104229105368992,0.0,0.021649328405018875,False
f60_a3_p03_s01,f60_a3_p03,pku_round0_00123,0.25,0.75,01,0.0,"[0.0, 0.25, 0.5, 0.75]",0.5787695660942169,0.5514562147337377,0.027313351360479188,0.027313351360479188,False
f60_a3_p03_s02,f60_a3_p03,pku_round0_00123,0.25,0.75,02,0.0,"[0.0, 0.25, 0.5, 0.75, 1.0]",0.5527244969871433,0.5527244969871433,0.0,0.0,True
f60_a3_p03_s03,f60_a3_p03,pku_round0_00123,0.25,0.75,03,0.0,"[0.0, 0.25, 0.5, 0.75, 1.0]",0.48610172345076796,0.48610172345076796,0.0,0.0,True
f60_a3_p03_s04,f60_a3_p03,pku_round0_00123,0.25,0.75,04,0.0,"[0.0, 0.25, 0.5, 0.75, 1.0]",0.5518367956661,0.5518367956661,0.0,0.0,True
f60_a3_p04_s00,f60_a3_p04,pku_round0_00126,0.25,0.75,00,0.0,[0.0],0.7999787635604795,0.5813568002373677,0.2186219633231118,0.2186219633231118,False
f60_a3_p04_s01,f60_a3_p04,pku_round0_00126,0.25,0.75,01,0.0,"[0.0, 0.25, 0.5, 0.75, 1.0]",0.5616879541520502,0.5616879541520502,0.0,0.0,True
f60_a3_p04_s02,f60_a3_p04,pku_round0_00126,0.25,0.75,02,0.0,"[0.0, 0.25, 0.5, 0.75, 1.0]",0.5929462950294759,0.5929462950294759,0.0,0.0,True
f60_a3_p04_s03,f60_a3_p04,pku_round0_00126,0.25,0.75,03,0.0,"[0.0, 0.25, 0.5, 0.75, 1.0]",0.5342012365298245,0.5342012365298245,0.0,0.0,True
f60_a3_p04_s04,f60_a3_p04,pku_round0_00126,0.25,0.75,04,0.0,"[0.0, 0.25, 0.5, 0.75, 1.0]",0.5740423446041174,0.5740423446041174,0.0,0.0,True
f60_a3_p05_s00,f60_a3_p05,pku_round0_00146,0.25,0.75,00,0.25,"[0.25, 0.5, 0.75, 1.0]",0.5853421521778646,0.5853421521778646,0.0,0.04672791972490409,False
f60_a3_p05_s01,f60_a3_p05,pku_round0_00146,0.25,0.75,01,0.0,"[0.0, 0.25, 0.5, 0.75, 1.0]",0.5636570730974353,0.5636570730974353,0.0,0.0,True
f60_a3_p05_s02,f60_a3_p05,pku_round0_00146,0.25,0.75,02,0.0,"[0.0, 0.25, 0.5, 0.75, 1.0]",0.6029843335820468,0.6029843335820468,0.0,0.0,True
f60_a3_p05_s03,f60_a3_p05,pku_round0_00146,0.25,0.75,03,0.5,"[0.5, 0.75, 1.0]",0.6258659803787413,0.6258659803787413,0.0,0.17716136218463407,False
f60_a3_p05_s04,f60_a3_p05,pku_round0_00146,0.25,0.75,04,0.0,"[0.0, 0.25, 0.5, 0.75, 1.0]",0.428113611152065,0.428113611152065,0.0,0.0,True
f60_a3_p06_s00,f60_a3_p06,pku_round0_00198,0.25,0.75,00,0.0,"[0.0, 0.25, 0.5, 0.75, 1.0]",0.7544584906134074,0.7544584906134074,0.0,0.0,True
f60_a3_p06_s01,f60_a3_p06,pku_round0_00198,0.25,0.75,01,1.0,[1.0],0.7822806897406189,0.7822806897406189,0.0,0.019471244364828277,False
f60_a3_p06_s02,f60_a3_p06,pku_round0_00198,0.25,0.75,02,0.5,"[0.5, 0.75, 1.0]",0.8061665385884956,0.8061665385884956,0.0,0.01830271996052013,False
f60_a3_p06_s03,f60_a3_p06,pku_round0_00198,0.25,0.75,03,0.0,"[0.0, 0.25, 0.5, 0.75, 1.0]",0.8098729857464118,0.8098729857464118,0.0,0.0,True
f60_a3_p06_s04,f60_a3_p06,pku_round0_00198,0.25,0.75,04,0.0,"[0.0, 0.25, 0.5, 0.75, 1.0]",0.7974845671119503,0.7974845671119503,0.0,0.0,True
f60_a3_p07_s00,f60_a3_p07,pku_round0_00203,0.25,0.75,00,0.0,"[0.0, 0.25, 0.5, 0.75, 1.0]",0.49949136460329996,0.49949136460329996,0.0,0.0,True
f60_a3_p07_s01,f60_a3_p07,pku_round0_00203,0.25,0.75,01,0.0,"[0.0, 0.25, 0.5, 0.75, 1.0]",0.5409071934214333,0.5409071934214333,0.0,0.0,True
f60_a3_p07_s02,f60_a3_p07,pku_round0_00203,0.25,0.75,02,0.0,"[0.0, 0.25, 0.5, 0.75, 1.0]",0.5040923835141835,0.5040923835141835,0.0,0.0,True
f60_a3_p07_s03,f60_a3_p07,pku_round0_00203,0.25,0.75,03,0.0,"[0.0, 0.25, 0.5, 0.75, 1.0]",0.4967097437227778,0.4967097437227778,0.0,0.0,True
f60_a3_p07_s04,f60_a3_p07,pku_round0_00203,0.25,0.75,04,0.0,"[0.0, 0.25, 0.5, 0.75, 1.0]",0.5052527042270032,0.5052527042270032,0.0,0.0,True
f60_a3_p08_s00,f60_a3_p08,pku_round0_00209,0.25,0.75,00,0.0,"[0.0, 0.25, 0.5, 0.75, 1.0]",0.6150946171336074,0.6150946171336074,0.0,0.0,True
f60_a3_p08_s01,f60_a3_p08,pku_round0_00209,0.25,0.75,01,0.0,"[0.0, 0.25, 0.5, 0.75, 1.0]",0.5023186894924592,0.5023186894924592,0.0,0.0,True
f60_a3_p08_s02,f60_a3_p08,pku_round0_00209,0.25,0.75,02,0.0,"[0.0, 0.25, 0.5]",0.6683549483994944,0.5912748377734771,0.07708011062601727,0.07708011062601727,False
f60_a3_p08_s03,f60_a3_p08,pku_round0_00209,0.25,0.75,03,0.0,"[0.0, 0.25, 0.5, 0.75, 1.0]",0.6229659629514774,0.6229659629514774,0.0,0.0,True
f60_a3_p08_s04,f60_a3_p08,pku_round0_00209,0.25,0.75,04,0.0,"[0.0, 0.25, 0.5, 0.75, 1.0]",0.6149466300465734,0.6149466300465734,0.0,0.0,True
f60_a3_p09_s00,f60_a3_p09,pku_round0_00217,0.25,0.75,00,0.25,"[0.25, 0.5, 0.75, 1.0]",0.7535569085177244,0.7535569085177244,0.0,0.14186165892773672,False
f60_a3_p09_s01,f60_a3_p09,pku_round0_00217,0.25,0.75,01,0.0,"[0.0, 0.25, 0.5, 0.75, 1.0]",0.8618871654274953,0.8618871654274953,0.0,0.0,True
f60_a3_p09_s02,f60_a3_p09,pku_round0_00217,0.25,0.75,02,0.0,"[0.0, 0.25, 0.5, 0.75, 1.0]",0.8765258860138473,0.8765258860138473,0.0,0.0,True
f60_a3_p09_s03,f60_a3_p09,pku_round0_00217,0.25,0.75,03,0.0,"[0.0, 0.25, 0.5, 0.75, 1.0]",0.8857364442674783,0.8857364442674783,0.0,0.0,True
f60_a3_p09_s04,f60_a3_p09,pku_round0_00217,0.25,0.75,04,0.0,"[0.0, 0.25, 0.5, 0.75, 1.0]",0.917487914940816,0.917487914940816,0.0,0.0,True
f60_a4_p00_s00,f60_a4_p00,pku_round0_00058,0.0,1.0,00,0.0,"[0.0, 0.25]",0.7753049979829667,0.7405080418239994,0.034796956158967274,0.034796956158967274,False
f60_a4_p00_s01,f60_a4_p00,pku_round0_00058,0.0,1.0,01,0.0,"[0.0, 0.25, 0.5, 0.75, 1.0]",0.754289014560224,0.754289014560224,0.0,0.0,True
f60_a4_p00_s02,f60_a4_p00,pku_round0_00058,0.0,1.0,02,0.0,"[0.0, 0.25, 0.5, 0.75, 1.0]",0.7421367022382805,0.7421367022382805,0.0,0.0,True
f60_a4_p00_s03,f60_a4_p00,pku_round0_00058,0.0,1.0,03,0.0,"[0.0, 0.25, 0.5, 0.75, 1.0]",0.7355594197959915,0.7355594197959915,0.0,0.0,True
f60_a4_p00_s04,f60_a4_p00,pku_round0_00058,0.0,1.0,04,0.0,"[0.0, 0.25, 0.5, 0.75, 1.0]",0.7486826642879872,0.7486826642879872,0.0,0.0,True
f60_a4_p01_s00,f60_a4_p01,pku_round0_00094,0.0,1.0,00,0.0,[0.0],0.8798524684227802,0.11125003445243184,0.7686024339703483,0.7686024339703483,False
f60_a4_p01_s01,f60_a4_p01,pku_round0_00094,0.0,1.0,01,0.5,"[0.5, 0.75, 1.0]",0.6764108584042635,0.6764108584042635,0.0,0.03612807284371622,False
f60_a4_p01_s02,f60_a4_p01,pku_round0_00094,0.0,1.0,02,0.0,[0.0],0.8515388335283549,0.842017434183327,0.009521399345027937,0.009521399345027937,False
f60_a4_p01_s03,f60_a4_p01,pku_round0_00094,0.0,1.0,03,0.0,"[0.0, 0.25, 0.5, 0.75, 1.0]",0.8322454716976404,0.8322454716976404,0.0,0.0,True
f60_a4_p01_s04,f60_a4_p01,pku_round0_00094,0.0,1.0,04,0.0,"[0.0, 0.25, 0.5, 0.75, 1.0]",0.7828845329878903,0.7828845329878903,0.0,0.0,True
f60_a4_p02_s00,f60_a4_p02,pku_round0_00115,0.0,1.0,00,0.0,[0.0],0.85792819361515,0.6994626673448575,0.15846552627029253,0.15846552627029253,False
f60_a4_p02_s01,f60_a4_p02,pku_round0_00115,0.0,1.0,01,0.0,"[0.0, 0.25, 0.5, 0.75, 1.0]",0.7156709705062126,0.7156709705062126,0.0,0.0,True
f60_a4_p02_s02,f60_a4_p02,pku_round0_00115,0.0,1.0,02,0.0,"[0.0, 0.25, 0.5, 0.75, 1.0]",0.7115523388816365,0.7115523388816365,0.0,0.0,True
f60_a4_p02_s03,f60_a4_p02,pku_round0_00115,0.0,1.0,03,0.0,"[0.0, 0.25, 0.5, 0.75, 1.0]",0.729984389916337,0.729984389916337,0.0,0.0,True
f60_a4_p02_s04,f60_a4_p02,pku_round0_00115,0.0,1.0,04,0.0,"[0.0, 0.25, 0.5, 0.75, 1.0]",0.7243936998403913,0.7243936998403913,0.0,0.0,True
f60_a4_p03_s00,f60_a4_p03,pku_round0_00123,0.0,1.0,00,0.0,[0.0],0.6204569770559332,0.582434020460986,0.038022956594947144,0.038022956594947144,False
f60_a4_p03_s01,f60_a4_p03,pku_round0_00123,0.0,1.0,01,0.0,"[0.0, 0.25, 0.5, 0.75]",0.5631406586302715,0.5409658206819827,0.022174837948288784,0.022174837948288784,False
f60_a4_p03_s02,f60_a4_p03,pku_round0_00123,0.0,1.0,02,0.0,"[0.0, 0.25, 0.5, 0.75, 1.0]",0.5871320793483353,0.5871320793483353,0.0,0.0,True
f60_a4_p03_s03,f60_a4_p03,pku_round0_00123,0.0,1.0,03,0.0,"[0.0, 0.25, 0.5, 0.75]",0.5722235724791469,0.5554984828401833,0.016725089638963575,0.016725089638963575,False
f60_a4_p03_s04,f60_a4_p03,pku_round0_00123,0.0,1.0,04,0.0,"[0.0, 0.25, 0.5, 0.75, 1.0]",0.4481321770679602,0.4481321770679602,0.0,0.0,True
f60_a4_p04_s00,f60_a4_p04,pku_round0_00126,0.0,1.0,00,0.0,[0.0],0.8763445844535593,0.6013515375807126,0.27499304687284676,0.27499304687284676,False
f60_a4_p04_s01,f60_a4_p04,pku_round0_00126,0.0,1.0,01,0.0,"[0.0, 0.25, 0.5, 0.75, 1.0]",0.5330730817512359,0.5330730817512359,0.0,0.0,True
f60_a4_p04_s02,f60_a4_p04,pku_round0_00126,0.0,1.0,02,0.0,"[0.0, 0.25, 0.5, 0.75, 1.0]",0.6096201212224475,0.6096201212224475,0.0,0.0,True
f60_a4_p04_s03,f60_a4_p04,pku_round0_00126,0.0,1.0,03,0.0,"[0.0, 0.25, 0.5, 0.75, 1.0]",0.5190415458743526,0.5190415458743526,0.0,0.0,True
f60_a4_p04_s04,f60_a4_p04,pku_round0_00126,0.0,1.0,04,0.0,"[0.0, 0.25, 0.5, 0.75, 1.0]",0.5134038752095333,0.5134038752095333,0.0,0.0,True
f60_a4_p05_s00,f60_a4_p05,pku_round0_00146,0.0,1.0,00,0.25,"[0.25, 0.5, 0.75, 1.0]",0.7307987201234775,0.7307987201234775,0.0,0.3013334970345852,False
f60_a4_p05_s01,f60_a4_p05,pku_round0_00146,0.0,1.0,01,0.0,"[0.0, 0.25, 0.5, 0.75, 1.0]",0.706501925577736,0.706501925577736,0.0,0.0,True
f60_a4_p05_s02,f60_a4_p05,pku_round0_00146,0.0,1.0,02,0.0,"[0.0, 0.25, 0.5, 0.75, 1.0]",0.6918557269964244,0.6918557269964244,0.0,0.0,True
f60_a4_p05_s03,f60_a4_p05,pku_round0_00146,0.0,1.0,03,0.0,"[0.0, 0.25, 0.5, 0.75, 1.0]",0.6819937183820637,0.6819937183820637,0.0,0.0,True
f60_a4_p05_s04,f60_a4_p05,pku_round0_00146,0.0,1.0,04,0.0,"[0.0, 0.25, 0.5, 0.75, 1.0]",0.6573523995179165,0.6573523995179165,0.0,0.0,True
f60_a4_p06_s00,f60_a4_p06,pku_round0_00198,0.0,1.0,00,0.0,"[0.0, 0.25, 0.5, 0.75, 1.0]",0.8792260605711336,0.8792260605711336,0.0,0.0,True
f60_a4_p06_s01,f60_a4_p06,pku_round0_00198,0.0,1.0,01,0.0,"[0.0, 0.25, 0.5, 0.75]",0.8616866407250294,0.8476551048481462,0.014031535876883217,0.014031535876883217,False
f60_a4_p06_s02,f60_a4_p06,pku_round0_00198,0.0,1.0,02,0.25,"[0.25, 0.5, 0.75, 1.0]",0.8802283131337681,0.8802283131337681,0.0,0.026434411339485542,False
f60_a4_p06_s03,f60_a4_p06,pku_round0_00198,0.0,1.0,03,0.0,"[0.0, 0.25, 0.5, 0.75, 1.0]",0.8605591065920656,0.8605591065920656,0.0,0.0,True
f60_a4_p06_s04,f60_a4_p06,pku_round0_00198,0.0,1.0,04,0.0,"[0.0, 0.25, 0.5, 0.75, 1.0]",0.7684145116148543,0.7684145116148543,0.0,0.0,True
f60_a4_p07_s00,f60_a4_p07,pku_round0_00203,0.0,1.0,00,0.0,"[0.0, 0.25, 0.5, 0.75, 1.0]",0.5556237644105126,0.5556237644105126,0.0,0.0,True
f60_a4_p07_s01,f60_a4_p07,pku_round0_00203,0.0,1.0,01,0.0,"[0.0, 0.25, 0.5, 0.75, 1.0]",0.39814483050656346,0.39814483050656346,0.0,0.0,True
f60_a4_p07_s02,f60_a4_p07,pku_round0_00203,0.0,1.0,02,0.0,"[0.0, 0.25, 0.5, 0.75, 1.0]",0.5140302830611799,0.5140302830611799,0.0,0.0,True
f60_a4_p07_s03,f60_a4_p07,pku_round0_00203,0.0,1.0,03,0.0,[0.0],0.44825745863828953,0.43911190400424954,0.009145554634039987,0.009145554634039987,False
f60_a4_p07_s04,f60_a4_p07,pku_round0_00203,0.0,1.0,04,0.0,"[0.0, 0.25, 0.5, 0.75, 1.0]",0.5002493103249553,0.5002493103249553,0.0,0.0,True
f60_a4_p08_s00,f60_a4_p08,pku_round0_00209,0.0,1.0,00,0.0,"[0.0, 0.25, 0.5, 0.75, 1.0]",0.6521532143492499,0.6521532143492499,0.0,0.0,True
f60_a4_p08_s01,f60_a4_p08,pku_round0_00209,0.0,1.0,01,0.0,"[0.0, 0.25, 0.5, 0.75, 1.0]",0.555373201269854,0.555373201269854,0.0,0.0,True
f60_a4_p08_s02,f60_a4_p08,pku_round0_00209,0.0,1.0,02,0.0,"[0.0, 0.25, 0.5]",0.6608916038797197,0.6548467681113301,0.006044835768389545,0.006044835768389545,False
f60_a4_p08_s03,f60_a4_p08,pku_round0_00209,0.0,1.0,03,0.0,"[0.0, 0.25, 0.5, 0.75, 1.0]",0.5837494769494438,0.5837494769494438,0.0,0.0,True
f60_a4_p08_s04,f60_a4_p08,pku_round0_00209,0.0,1.0,04,0.0,"[0.0, 0.25, 0.5, 0.75, 1.0]",0.6520592531715029,0.6520592531715029,0.0,0.0,True
f60_a4_p09_s00,f60_a4_p09,pku_round0_00217,0.0,1.0,00,0.25,"[0.25, 0.5, 0.75, 1.0]",0.9285869992808837,0.9285869992808837,0.0,0.1254068518996444,False
f60_a4_p09_s01,f60_a4_p09,pku_round0_00217,0.0,1.0,01,0.0,"[0.0, 0.25, 0.5, 0.75, 1.0]",0.9581534498786021,0.9581534498786021,0.0,0.0,True
f60_a4_p09_s02,f60_a4_p09,pku_round0_00217,0.0,1.0,02,0.0,"[0.0, 0.25, 0.5, 0.75, 1.0]",0.9691782280675818,0.9691782280675818,0.0,0.0,True
f60_a4_p09_s03,f60_a4_p09,pku_round0_00217,0.0,1.0,03,0.0,"[0.0, 0.25, 0.5, 0.75, 1.0]",0.9417415641654618,0.9417415641654618,0.0,0.0,True
f60_a4_p09_s04,f60_a4_p09,pku_round0_00217,0.0,1.0,04,0.0,"[0.0, 0.25, 0.5, 0.75, 1.0]",0.9671737229423127,0.9671737229423127,0.0,0.0,True
